transaction_id,customer_id,customer_city,merchant_id,merchant_category,transaction_datetime,payment_method,device_type,amount,currency,account_balance,credit_score,geo_match,velocity_score,cashback_used,transaction_status,risk_level,is_fraud
TXN000001,CUST0564,Mumbai,MER115,Travel,2026-09-26 03:23:00,UPI,Web,47964.22,INR,370593.2,858,Yes,76,No,Success,Low,0
TXN000002,CUST0055,Bengaluru,MER102,Entertainment,2026-08-25 14:46:00,NetBanking,iPhone,7045.27,INR,110999.87,584,Yes,98,Yes,Pending,Medium,0
TXN000003,CUST0690,Pune,MER048,Bills,2026-02-05 05:07:00,Debit Card,iPhone,25531.98,INR,302259.29,344,No,69,Yes,Failed,Low,0
TXN000004,CUST0741,Bengaluru,MER099,Entertainment,2026-01-26 07:46:00,UPI,Web,41412.01,INR,114721.24,596,Yes,30,Yes,Failed,Medium,0
TXN000005,CUST0334,Delhi,MER182,Travel,2026-09-02 00:04:00,Debit Card,Web,34016.7,INR,468390.64,373,Yes,69,Yes,Success,Medium,0
TXN000006,CUST1141,Mumbai,MER167,Food,2026-03-25 09:27:00,UPI,iPhone,28471.57,INR,201181.23,367,Yes,73,No,Success,High,0
TXN000007,CUST0940,Mumbai,MER136,Travel,2026-03-31 19:03:00,NetBanking,Web,37452.36,INR,132108.06,898,No,75,No,Failed,Low,0
TXN000008,CUST1011,Pune,MER025,Food,2026-02-25 15:32:00,Credit Card,Web,74799.49,INR,211657.82,365,No,49,No,Pending,Medium,1
TXN000009,CUST0235,Bengaluru,MER137,Entertainment,2026-05-04 20:29:00,UPI,iPhone,72831.46,INR,217947.86,764,Yes,93,No,Pending,Low,1
TXN000010,CUST0612,Bengaluru,MER102,Travel,2026-05-17 03:18:00,Credit Card,Web,38085.97,INR,476796.37,843,Yes,77,No,Failed,Low,0
TXN000011,CUST0630,Mumbai,MER030,Travel,2026-11-16 16:09:00,NetBanking,Android,8407.84,INR,43741.07,797,Yes,98,Yes,Success,High,0
TXN000012,CUST0543,Bengaluru,MER217,Travel,2026-12-05 04:58:00,NetBanking,Web,35656.67,INR,345243.95,619,No,86,No,Failed,High,0
TXN000013,CUST0132,Delhi,MER011,Healthcare,2026-07-21 16:14:00,Credit Card,Web,33872.43,INR,110888.47,372,Yes,30,Yes,Success,Medium,0
TXN000014,CUST0995,Mumbai,MER277,Travel,2026-09-21 08:45:00,NetBanking,Web,5332.88,INR,236862.84,784,No,25,Yes,Success,High,0
TXN000015,CUST0957,Pune,MER051,Food,2026-05-27 14:09:00,Debit Card,Android,32340.22,INR,125079.51,494,No,18,No,Success,Medium,0
TXN000016,CUST0155,Hyderabad,MER282,Food,2026-01-19 10:02:00,NetBanking,Android,34707.85,INR,484529.13,542,Yes,53,No,Failed,Low,0
TXN000017,CUST0005,Hyderabad,MER136,Bills,2026-04-14 20:32:00,Wallet,Web,64851.49,INR,478701.5,869,No,20,Yes,Failed,Low,0
TXN000018,CUST0643,Pune,MER026,Healthcare,2026-06-23 14:14:00,NetBanking,Web,72653.83,INR,79558.93,820,Yes,24,Yes,Pending,Low,0
TXN000019,CUST0246,Bengaluru,MER127,Healthcare,2026-08-05 10:59:00,UPI,Web,50647.44,INR,41909.72,897,No,34,Yes,Pending,High,1
TXN000020,CUST0269,Delhi,MER235,Shopping,2026-12-05 05:53:00,UPI,Android,23577.51,INR,229684.48,876,Yes,10,Yes,Pending,Medium,0
TXN000021,CUST0141,Mumbai,MER190,Shopping,2026-02-27 10:24:00,Wallet,Web,9951.59,INR,352066.42,841,Yes,86,No,Pending,Low,0
TXN000022,CUST0237,Pune,MER284,Travel,2026-04-10 03:48:00,Debit Card,Web,70420.97,INR,106104.2,651,Yes,88,No,Pending,Medium,1
TXN000023,CUST0105,Pune,MER217,Shopping,2026-01-17 01:14:00,UPI,iPhone,18849.07,INR,385788.49,568,Yes,95,No,Pending,High,0
TXN000024,CUST0155,Mumbai,MER280,Food,2026-10-31 20:48:00,Debit Card,Web,32087.97,INR,276710.02,740,Yes,6,No,Failed,Low,1
TXN000025,CUST0512,Pune,MER182,Healthcare,2026-11-18 21:41:00,Wallet,Web,67421.37,INR,374989.33,542,Yes,23,No,Success,Low,1
TXN000026,CUST0844,Mumbai,MER137,Travel,2026-10-14 16:11:00,UPI,iPhone,55247.6,INR,436211.22,781,Yes,26,No,Failed,Medium,1
TXN000027,CUST0396,Hyderabad,MER169,Shopping,2026-11-11 16:49:00,UPI,iPhone,61543.82,INR,176221.92,821,No,87,No,Success,Low,0
TXN000028,CUST1190,Delhi,MER020,Food,2026-08-06 04:55:00,Wallet,iPhone,65780.34,INR,364543.99,621,No,78,Yes,Failed,High,1
TXN000029,CUST0894,Pune,MER267,Healthcare,2026-09-08 01:50:00,Credit Card,iPhone,14272.11,INR,216217.4,638,No,85,Yes,Pending,Medium,0
TXN000030,CUST0669,Hyderabad,MER152,Healthcare,2026-02-16 08:15:00,Credit Card,iPhone,38044.05,INR,332799.79,688,Yes,79,No,Failed,High,0
TXN000031,CUST0431,Hyderabad,MER297,Healthcare,2026-08-27 08:54:00,Debit Card,iPhone,62532.71,INR,221451.22,518,No,95,Yes,Pending,Low,1
TXN000032,CUST0687,Pune,MER121,Entertainment,2026-04-24 00:29:00,Credit Card,Android,21298.3,INR,74529.63,347,Yes,61,Yes,Failed,Medium,0
TXN000033,CUST0787,Hyderabad,MER205,Travel,2026-02-23 17:29:00,UPI,Android,66462.55,INR,389431.78,524,Yes,90,No,Success,High,0
TXN000034,CUST0935,Mumbai,MER238,Entertainment,2026-07-13 09:06:00,NetBanking,Web,18704.89,INR,159331.68,753,No,71,No,Success,High,0
TXN000035,CUST0568,Bengaluru,MER249,Entertainment,2026-03-29 02:33:00,Debit Card,iPhone,64614.89,INR,39664.19,592,Yes,35,No,Failed,High,0
TXN000036,CUST0785,Mumbai,MER110,Food,2026-06-01 01:10:00,Wallet,iPhone,6061.71,INR,271762.96,725,Yes,27,No,Failed,High,0
TXN000037,CUST1180,Hyderabad,MER245,Food,2026-12-10 05:48:00,Debit Card,iPhone,70955.73,INR,376984.09,729,Yes,63,Yes,Failed,Medium,1
TXN000038,CUST0829,Mumbai,MER240,Travel,2026-08-15 13:21:00,NetBanking,Android,36433.44,INR,453557.5,877,Yes,11,No,Success,Medium,0
TXN000039,CUST0671,Mumbai,MER233,Shopping,2026-05-03 21:07:00,Wallet,iPhone,13646.04,INR,376252.9,731,No,11,No,Success,High,0
TXN000040,CUST0717,Mumbai,MER036,Entertainment,2026-01-15 15:46:00,UPI,Android,40465.64,INR,100480.98,320,Yes,31,Yes,Failed,High,0
TXN000041,CUST0953,Delhi,MER189,Travel,2026-08-09 14:22:00,NetBanking,Web,8596.92,INR,359460.26,467,No,14,Yes,Failed,High,0
TXN000042,CUST0407,Pune,MER125,Food,2026-09-11 20:09:00,Debit Card,Web,50807.5,INR,300605.4,423,Yes,45,No,Pending,Medium,0
TXN000043,CUST0026,Hyderabad,MER251,Food,2026-06-07 20:11:00,Debit Card,Web,5190.38,INR,445895.93,770,Yes,56,Yes,Pending,High,0
TXN000044,CUST1103,Hyderabad,MER239,Bills,2026-10-28 15:22:00,NetBanking,iPhone,72411.22,INR,161829.99,551,Yes,36,No,Success,Medium,1
TXN000045,CUST0689,Pune,MER254,Shopping,2026-03-08 04:56:00,Wallet,Android,42747.33,INR,178057.66,564,No,36,No,Pending,Low,0
TXN000046,CUST0495,Hyderabad,MER251,Healthcare,2026-10-04 00:56:00,Credit Card,Web,38756.71,INR,238570.46,802,No,3,Yes,Failed,Low,0
TXN000047,CUST1192,Delhi,MER243,Healthcare,2026-07-13 07:15:00,Debit Card,iPhone,30342.0,INR,498319.1,863,No,46,No,Failed,Medium,0
TXN000048,CUST0395,Delhi,MER062,Entertainment,2026-07-15 02:27:00,Credit Card,Android,18870.25,INR,108975.94,795,No,93,No,Success,Low,0
TXN000049,CUST0620,Pune,MER274,Travel,2026-04-10 20:58:00,UPI,Android,22232.56,INR,277126.12,429,No,14,Yes,Pending,Medium,0
TXN000050,CUST0378,Pune,MER130,Bills,2026-02-11 12:54:00,UPI,iPhone,35215.38,INR,246381.53,890,Yes,20,Yes,Pending,Medium,0
TXN000051,CUST1143,Hyderabad,MER116,Healthcare,2026-05-19 11:47:00,Wallet,iPhone,6406.86,INR,149379.21,739,No,73,Yes,Pending,High,0
TXN000052,CUST0433,Delhi,MER042,Travel,2026-03-29 07:58:00,Credit Card,Web,7460.53,INR,38457.37,302,No,58,No,Failed,Low,0
TXN000053,CUST0930,Pune,MER120,Shopping,2026-10-14 20:08:00,NetBanking,Web,17376.09,INR,402148.93,502,No,15,Yes,Pending,Low,0
TXN000054,CUST0340,Delhi,MER292,Shopping,2026-06-09 21:22:00,UPI,iPhone,68132.69,INR,344650.32,712,No,65,No,Failed,Low,0
TXN000055,CUST0661,Bengaluru,MER129,Food,2026-02-03 06:01:00,Credit Card,Web,44860.79,INR,418143.35,889,Yes,98,No,Pending,Low,0
TXN000056,CUST1063,Hyderabad,MER143,Travel,2026-08-02 02:41:00,Wallet,Web,57237.91,INR,407308.23,393,No,45,No,Failed,Medium,1
TXN000057,CUST1015,Delhi,MER206,Healthcare,2026-01-14 08:39:00,Wallet,Android,50266.61,INR,157944.06,631,Yes,99,No,Pending,Low,0
TXN000058,CUST0847,Pune,MER097,Healthcare,2026-05-12 17:16:00,NetBanking,iPhone,49331.38,INR,313078.96,352,Yes,35,Yes,Failed,Medium,0
TXN000059,CUST0491,Mumbai,MER160,Healthcare,2026-01-05 23:29:00,NetBanking,iPhone,66065.88,INR,47511.39,416,No,16,Yes,Failed,High,0
TXN000060,CUST0851,Hyderabad,MER242,Travel,2026-06-16 07:27:00,NetBanking,Android,21903.78,INR,192409.42,820,Yes,9,No,Failed,Medium,0
TXN000061,CUST0580,Delhi,MER297,Entertainment,2026-06-28 06:32:00,Credit Card,iPhone,70069.94,INR,269751.71,653,No,71,No,Failed,Medium,0
TXN000062,CUST0785,Mumbai,MER211,Food,2026-04-26 20:16:00,Wallet,Web,65222.73,INR,456801.65,690,No,85,Yes,Failed,Low,0
TXN000063,CUST0680,Pune,MER226,Food,2026-07-11 11:49:00,Wallet,Android,9485.95,INR,361499.47,719,Yes,10,No,Failed,Medium,0
TXN000064,CUST0165,Delhi,MER274,Bills,2026-04-26 07:01:00,Wallet,Web,46751.99,INR,18913.65,370,Yes,81,No,Success,High,0
TXN000065,CUST0206,Hyderabad,MER086,Entertainment,2026-04-20 00:46:00,UPI,Android,6796.64,INR,162862.96,357,No,46,No,Failed,Low,0
TXN000066,CUST0369,Mumbai,MER090,Food,2026-08-10 21:49:00,Wallet,Web,18329.92,INR,341884.16,809,Yes,30,No,Pending,Medium,0
TXN000067,CUST0953,Delhi,MER280,Travel,2026-01-27 21:24:00,Wallet,iPhone,34478.6,INR,493838.2,606,No,89,No,Failed,Medium,0
TXN000068,CUST0990,Pune,MER122,Bills,2026-07-28 05:32:00,Debit Card,Web,14957.29,INR,148640.32,602,Yes,85,No,Failed,Low,0
TXN000069,CUST0101,Bengaluru,MER255,Shopping,2026-10-10 10:31:00,Credit Card,Web,42453.36,INR,401164.05,524,Yes,80,No,Pending,High,0
TXN000070,CUST0199,Pune,MER159,Bills,2026-01-13 03:32:00,NetBanking,iPhone,57564.96,INR,366447.52,392,No,42,No,Success,Low,0
TXN000071,CUST0750,Bengaluru,MER257,Shopping,2026-10-30 08:46:00,Credit Card,iPhone,9929.34,INR,457110.43,793,No,96,No,Success,Medium,0
TXN000072,CUST0463,Hyderabad,MER286,Shopping,2026-02-02 21:04:00,Wallet,Android,72217.74,INR,132964.83,426,No,48,No,Pending,Medium,1
TXN000073,CUST0479,Hyderabad,MER013,Healthcare,2026-11-18 22:33:00,NetBanking,iPhone,61684.85,INR,457712.7,526,Yes,82,No,Pending,Medium,0
TXN000074,CUST0093,Pune,MER156,Bills,2026-02-12 06:40:00,UPI,Android,48699.97,INR,443742.39,438,No,59,No,Pending,High,0
TXN000075,CUST0317,Hyderabad,MER051,Bills,2026-08-13 03:39:00,Wallet,iPhone,52242.37,INR,17325.43,679,Yes,57,No,Success,Medium,0
TXN000076,CUST1116,Delhi,MER032,Bills,2026-04-11 10:41:00,Credit Card,Android,7469.61,INR,474556.38,765,Yes,85,Yes,Pending,High,0
TXN000077,CUST0684,Mumbai,MER065,Healthcare,2026-03-16 17:06:00,UPI,Web,44794.0,INR,104371.53,521,Yes,43,Yes,Pending,Low,0
TXN000078,CUST0267,Bengaluru,MER129,Travel,2026-02-10 00:33:00,UPI,Android,20810.07,INR,8415.3,543,No,3,Yes,Failed,Low,0
TXN000079,CUST0233,Pune,MER244,Bills,2026-10-11 06:24:00,Debit Card,Web,9524.36,INR,297239.34,762,Yes,79,Yes,Pending,High,0
TXN000080,CUST0064,Pune,MER246,Bills,2026-06-05 04:50:00,UPI,iPhone,39118.41,INR,356488.26,754,Yes,11,No,Pending,Low,0
TXN000081,CUST1199,Bengaluru,MER167,Bills,2026-08-06 12:05:00,NetBanking,iPhone,4944.85,INR,227403.99,740,Yes,90,Yes,Pending,High,0
TXN000082,CUST0881,Hyderabad,MER117,Bills,2026-05-04 09:37:00,Wallet,iPhone,65830.41,INR,208578.84,397,No,55,No,Pending,Medium,0
TXN000083,CUST0972,Pune,MER047,Food,2026-02-03 22:39:00,Wallet,Android,28085.09,INR,372549.9,681,Yes,72,Yes,Pending,High,0
TXN000084,CUST0842,Delhi,MER217,Entertainment,2026-01-19 17:32:00,Debit Card,Web,42135.02,INR,156912.0,406,Yes,20,No,Success,Low,0
TXN000085,CUST0236,Delhi,MER294,Travel,2026-10-21 21:36:00,Wallet,Web,26271.55,INR,487298.75,870,Yes,78,No,Success,Low,0
TXN000086,CUST0696,Delhi,MER004,Travel,2026-11-13 16:58:00,Credit Card,Web,20509.81,INR,329014.97,371,Yes,95,Yes,Success,High,0
TXN000087,CUST0930,Delhi,MER081,Shopping,2026-04-24 11:07:00,Debit Card,Web,39795.59,INR,298515.66,353,Yes,21,Yes,Pending,Low,0
TXN000088,CUST0995,Bengaluru,MER227,Bills,2026-04-10 10:58:00,Credit Card,Web,20422.27,INR,57794.94,740,Yes,37,No,Pending,High,0
TXN000089,CUST0113,Pune,MER105,Shopping,2026-12-11 04:22:00,Credit Card,Android,23145.29,INR,382316.29,596,No,16,Yes,Failed,High,0
TXN000090,CUST1091,Mumbai,MER257,Healthcare,2026-10-31 09:57:00,Debit Card,Android,32310.51,INR,199138.52,343,No,3,No,Success,Medium,0
TXN000091,CUST0856,Delhi,MER059,Bills,2026-01-08 14:14:00,Debit Card,Android,43190.42,INR,400859.76,771,No,12,No,Success,Low,0
TXN000092,CUST0162,Hyderabad,MER159,Entertainment,2026-05-04 14:42:00,Credit Card,iPhone,32687.03,INR,389779.82,378,Yes,68,Yes,Failed,Medium,0
TXN000093,CUST0484,Pune,MER075,Shopping,2026-03-13 19:47:00,Credit Card,Web,54558.89,INR,77282.02,377,Yes,99,No,Failed,High,0
TXN000094,CUST1157,Bengaluru,MER166,Entertainment,2026-04-26 02:27:00,Credit Card,iPhone,56995.59,INR,35074.84,752,No,36,Yes,Failed,High,0
TXN000095,CUST0078,Pune,MER189,Shopping,2026-01-28 22:29:00,UPI,Web,5582.82,INR,297445.83,693,No,75,Yes,Failed,High,0
TXN000096,CUST0975,Bengaluru,MER078,Food,2026-06-14 00:43:00,UPI,iPhone,48894.77,INR,491210.4,386,Yes,6,Yes,Pending,Medium,0
TXN000097,CUST0746,Delhi,MER145,Bills,2026-05-29 19:52:00,Debit Card,Web,74324.13,INR,299345.05,642,Yes,43,Yes,Pending,High,0
TXN000098,CUST0308,Delhi,MER042,Healthcare,2026-08-30 14:43:00,Credit Card,iPhone,29004.58,INR,155805.64,701,Yes,77,Yes,Failed,High,0
TXN000099,CUST0262,Bengaluru,MER048,Entertainment,2026-09-02 02:32:00,Wallet,Web,28263.41,INR,181552.22,671,No,24,Yes,Failed,Medium,0
TXN000100,CUST0318,Pune,MER152,Food,2026-07-04 20:15:00,NetBanking,Web,14416.55,INR,441957.4,338,No,99,Yes,Pending,Medium,0
TXN000101,CUST0340,Hyderabad,MER023,Bills,2026-05-13 15:17:00,Credit Card,iPhone,11585.87,INR,305687.12,759,Yes,69,Yes,Failed,Medium,0
TXN000102,CUST1169,Hyderabad,MER237,Shopping,2026-10-11 07:21:00,Wallet,Web,67800.0,INR,264202.43,465,Yes,78,Yes,Failed,Low,1
TXN000103,CUST1136,Pune,MER265,Food,2026-04-14 18:55:00,UPI,Android,48095.6,INR,137122.86,825,Yes,56,Yes,Success,Medium,0
TXN000104,CUST0812,Bengaluru,MER192,Travel,2026-05-21 14:22:00,UPI,iPhone,66349.54,INR,113044.84,626,Yes,92,No,Success,Low,0
TXN000105,CUST0968,Mumbai,MER241,Bills,2026-08-13 00:59:00,UPI,Android,2891.97,INR,10482.94,520,Yes,71,No,Success,Medium,0
TXN000106,CUST0489,Hyderabad,MER235,Food,2026-02-10 08:41:00,Wallet,Web,17838.26,INR,268490.84,827,Yes,92,Yes,Failed,Medium,0
TXN000107,CUST1169,Hyderabad,MER096,Entertainment,2026-09-01 06:57:00,UPI,Web,137.29,INR,487352.59,369,Yes,50,No,Success,High,0
TXN000108,CUST0034,Delhi,MER035,Shopping,2026-03-29 18:59:00,UPI,Web,29028.36,INR,367858.31,640,Yes,6,No,Pending,Medium,0
TXN000109,CUST0952,Hyderabad,MER094,Travel,2026-01-23 23:22:00,Wallet,Android,61016.89,INR,147427.84,344,Yes,6,No,Failed,High,1
TXN000110,CUST0970,Delhi,MER019,Entertainment,2026-03-11 13:53:00,Debit Card,iPhone,29878.84,INR,431207.13,348,No,35,Yes,Failed,Medium,0
TXN000111,CUST0792,Delhi,MER096,Bills,2026-09-09 23:23:00,Wallet,iPhone,66713.7,INR,462230.92,831,No,11,No,Success,Medium,0
TXN000112,CUST1118,Delhi,MER165,Food,2026-01-30 03:39:00,Debit Card,Web,45191.95,INR,148524.33,756,No,22,No,Failed,Medium,0
TXN000113,CUST0723,Bengaluru,MER223,Shopping,2026-08-21 19:46:00,UPI,Android,3195.79,INR,335920.76,715,No,66,Yes,Success,Low,0
TXN000114,CUST0259,Pune,MER121,Entertainment,2026-05-14 09:01:00,Debit Card,iPhone,63653.22,INR,474784.09,333,Yes,87,No,Failed,Medium,0
TXN000115,CUST0282,Bengaluru,MER188,Bills,2026-04-25 11:08:00,Debit Card,Android,33306.57,INR,480299.51,326,Yes,64,No,Pending,Low,0
TXN000116,CUST0914,Mumbai,MER147,Entertainment,2026-11-30 16:18:00,Wallet,Android,19648.02,INR,62196.07,375,No,23,No,Success,High,0
TXN000117,CUST0133,Bengaluru,MER278,Shopping,2026-11-21 12:34:00,Debit Card,Android,72567.74,INR,356192.74,478,No,66,Yes,Success,Low,0
TXN000118,CUST1012,Pune,MER185,Healthcare,2026-07-28 08:38:00,Debit Card,iPhone,59409.08,INR,402027.2,864,Yes,79,Yes,Success,Medium,1
TXN000119,CUST0981,Bengaluru,MER211,Bills,2026-10-27 18:26:00,NetBanking,Android,29874.04,INR,63538.06,624,Yes,58,No,Pending,High,0
TXN000120,CUST1130,Bengaluru,MER094,Travel,2026-06-07 12:16:00,NetBanking,Android,25851.72,INR,415864.01,830,Yes,39,Yes,Success,Medium,0
TXN000121,CUST1063,Delhi,MER041,Shopping,2026-03-13 11:18:00,NetBanking,iPhone,70106.64,INR,63459.98,610,Yes,65,Yes,Pending,High,1
TXN000122,CUST0692,Bengaluru,MER022,Food,2026-01-30 13:44:00,UPI,Web,11581.49,INR,385740.16,571,Yes,99,No,Pending,High,0
TXN000123,CUST1118,Delhi,MER155,Bills,2026-03-31 03:46:00,Wallet,iPhone,2290.84,INR,227318.52,361,Yes,57,No,Failed,Medium,0
TXN000124,CUST0641,Delhi,MER177,Bills,2026-02-17 14:39:00,Debit Card,Web,15317.65,INR,281263.96,626,Yes,60,Yes,Failed,Medium,0
TXN000125,CUST0595,Hyderabad,MER215,Travel,2026-11-12 01:10:00,Credit Card,iPhone,18608.96,INR,466942.02,620,Yes,98,Yes,Failed,High,0
TXN000126,CUST1019,Pune,MER047,Bills,2026-07-04 00:38:00,Wallet,Android,35021.8,INR,108357.07,661,Yes,7,No,Failed,High,0
TXN000127,CUST1100,Pune,MER056,Bills,2026-02-18 18:20:00,Debit Card,Web,66177.81,INR,183523.04,712,No,6,No,Success,High,0
TXN000128,CUST0592,Pune,MER198,Healthcare,2026-06-13 23:15:00,NetBanking,iPhone,42145.03,INR,412830.35,421,Yes,13,No,Failed,Medium,0
TXN000129,CUST0296,Mumbai,MER261,Bills,2026-07-02 01:44:00,UPI,Android,41846.23,INR,20418.07,641,No,67,No,Success,High,0
TXN000130,CUST0653,Mumbai,MER202,Healthcare,2026-09-27 04:16:00,Debit Card,Web,66987.01,INR,168850.35,821,No,91,No,Failed,Low,1
TXN000131,CUST0854,Bengaluru,MER158,Entertainment,2026-11-14 12:31:00,UPI,Web,27639.47,INR,237820.52,892,Yes,93,Yes,Pending,Medium,0
TXN000132,CUST0779,Mumbai,MER125,Food,2026-07-28 11:11:00,UPI,Android,12804.99,INR,10449.75,621,No,20,No,Pending,Low,0
TXN000133,CUST0966,Pune,MER071,Healthcare,2026-03-17 11:46:00,NetBanking,iPhone,30790.1,INR,499063.31,789,No,41,Yes,Failed,High,0
TXN000134,CUST0542,Bengaluru,MER248,Travel,2026-03-31 18:07:00,Debit Card,Web,25687.68,INR,149951.08,604,No,91,Yes,Pending,High,0
TXN000135,CUST1148,Delhi,MER148,Food,2026-07-28 19:07:00,NetBanking,iPhone,36685.45,INR,447984.47,704,No,99,Yes,Failed,Low,0
TXN000136,CUST0710,Hyderabad,MER132,Entertainment,2026-06-24 10:15:00,Credit Card,Android,21586.52,INR,414147.9,577,No,18,Yes,Pending,High,0
TXN000137,CUST1088,Mumbai,MER120,Food,2026-02-06 11:32:00,Wallet,iPhone,44020.55,INR,358961.67,402,Yes,1,Yes,Failed,High,0
TXN000138,CUST0409,Delhi,MER165,Shopping,2026-08-24 03:56:00,UPI,Android,70128.71,INR,326497.07,537,Yes,23,No,Success,Low,0
TXN000139,CUST0593,Pune,MER005,Shopping,2026-07-26 18:55:00,NetBanking,Android,74787.94,INR,464298.97,643,No,59,No,Success,High,0
TXN000140,CUST0231,Delhi,MER084,Entertainment,2026-06-17 02:03:00,Debit Card,Web,35112.2,INR,93913.34,645,No,73,Yes,Success,High,0
TXN000141,CUST1056,Delhi,MER045,Bills,2026-09-01 16:02:00,UPI,Android,64213.86,INR,490860.91,788,No,32,Yes,Failed,Medium,0
TXN000142,CUST0676,Delhi,MER299,Entertainment,2026-07-28 13:52:00,UPI,iPhone,17679.38,INR,327188.0,541,Yes,86,Yes,Failed,Medium,0
TXN000143,CUST0637,Pune,MER152,Shopping,2026-08-12 18:40:00,Credit Card,Android,11995.57,INR,478722.91,789,Yes,59,No,Failed,High,0
TXN000144,CUST1101,Mumbai,MER127,Entertainment,2026-10-02 19:00:00,NetBanking,Android,41201.6,INR,263227.82,840,No,10,Yes,Success,High,0
TXN000145,CUST1100,Mumbai,MER085,Shopping,2026-11-08 02:36:00,NetBanking,iPhone,67718.55,INR,59003.77,510,No,12,No,Success,Medium,1
TXN000146,CUST1155,Pune,MER287,Bills,2026-09-02 22:44:00,Debit Card,Web,9913.19,INR,11863.46,560,Yes,96,Yes,Pending,Low,0
TXN000147,CUST0131,Bengaluru,MER031,Food,2026-12-06 23:27:00,Wallet,Android,3415.83,INR,144258.26,484,Yes,99,No,Failed,Medium,0
TXN000148,CUST0774,Hyderabad,MER042,Entertainment,2026-08-29 22:49:00,NetBanking,Android,33651.31,INR,327113.52,656,Yes,23,No,Pending,Low,0
TXN000149,CUST0008,Pune,MER153,Bills,2026-09-03 05:07:00,NetBanking,iPhone,54594.8,INR,266434.87,535,Yes,59,No,Success,Medium,1
TXN000150,CUST0232,Pune,MER215,Healthcare,2026-10-06 21:52:00,UPI,Android,14152.26,INR,103834.73,403,Yes,58,Yes,Success,High,0
TXN000151,CUST1106,Mumbai,MER029,Travel,2026-07-03 11:06:00,Debit Card,Android,3336.87,INR,408077.34,889,No,74,No,Success,Medium,0
TXN000152,CUST0847,Delhi,MER141,Food,2026-07-22 16:40:00,NetBanking,Web,65721.85,INR,455877.26,737,No,7,No,Pending,High,0
TXN000153,CUST0853,Hyderabad,MER077,Shopping,2026-05-18 01:33:00,Credit Card,Web,28598.97,INR,237285.89,530,No,91,Yes,Failed,Low,0
TXN000154,CUST1142,Bengaluru,MER069,Bills,2026-03-30 10:07:00,Debit Card,Android,42187.7,INR,165801.23,380,No,48,Yes,Pending,High,0
TXN000155,CUST0773,Bengaluru,MER021,Food,2026-03-10 12:11:00,NetBanking,Web,62208.88,INR,336053.81,522,No,27,No,Failed,Low,1
TXN000156,CUST0241,Hyderabad,MER125,Entertainment,2026-08-09 01:20:00,Credit Card,iPhone,15901.35,INR,457648.1,865,No,100,No,Failed,Medium,0
TXN000157,CUST0536,Delhi,MER263,Bills,2026-06-19 16:00:00,UPI,Web,40033.09,INR,235275.72,627,Yes,48,No,Failed,Low,0
TXN000158,CUST0299,Pune,MER134,Healthcare,2026-12-07 08:02:00,NetBanking,Web,42198.1,INR,360285.96,602,Yes,26,No,Success,Medium,0
TXN000159,CUST1128,Delhi,MER132,Bills,2026-09-21 10:32:00,Wallet,iPhone,42742.82,INR,84948.59,660,Yes,18,No,Success,High,0
TXN000160,CUST0153,Pune,MER004,Bills,2026-02-20 01:25:00,Credit Card,Android,74274.46,INR,353877.61,309,Yes,65,No,Failed,Low,0
TXN000161,CUST0990,Hyderabad,MER009,Food,2026-07-13 18:32:00,NetBanking,iPhone,46345.29,INR,6913.63,842,No,69,No,Success,High,0
TXN000162,CUST0368,Pune,MER050,Healthcare,2026-02-24 05:05:00,Credit Card,Android,60990.53,INR,310270.64,558,No,35,No,Success,Medium,0
TXN000163,CUST0463,Delhi,MER042,Entertainment,2026-11-09 11:14:00,UPI,Android,71948.15,INR,203233.87,686,No,8,Yes,Pending,Low,0
TXN000164,CUST0679,Bengaluru,MER049,Healthcare,2026-12-01 15:40:00,UPI,Android,6219.81,INR,106497.11,880,No,35,Yes,Success,High,0
TXN000165,CUST0068,Mumbai,MER162,Food,2026-03-17 10:10:00,NetBanking,Android,69420.35,INR,376374.98,707,Yes,39,Yes,Pending,Low,0
TXN000166,CUST1108,Delhi,MER197,Entertainment,2026-02-20 22:54:00,UPI,Web,42510.86,INR,372982.82,654,Yes,13,No,Success,Low,0
TXN000167,CUST0813,Delhi,MER016,Entertainment,2026-04-10 12:22:00,Wallet,iPhone,25557.64,INR,114841.06,866,No,56,Yes,Pending,High,0
TXN000168,CUST0605,Mumbai,MER038,Food,2026-04-08 13:34:00,Credit Card,iPhone,49557.18,INR,356126.9,457,No,41,No,Success,Low,0
TXN000169,CUST0738,Delhi,MER053,Travel,2026-02-01 18:48:00,Credit Card,iPhone,409.54,INR,224972.99,868,No,14,Yes,Success,Medium,0
TXN000170,CUST0665,Hyderabad,MER007,Shopping,2026-05-31 15:55:00,Wallet,Android,41575.4,INR,362697.08,872,Yes,74,Yes,Pending,Medium,0
TXN000171,CUST0550,Hyderabad,MER075,Food,2026-03-02 21:04:00,Wallet,iPhone,12729.24,INR,211130.07,795,Yes,47,No,Success,High,0
TXN000172,CUST0401,Hyderabad,MER055,Travel,2026-04-21 22:08:00,UPI,iPhone,46885.03,INR,166776.39,689,No,57,No,Failed,High,0
TXN000173,CUST0657,Bengaluru,MER103,Bills,2026-04-25 09:22:00,Credit Card,iPhone,73067.42,INR,484393.89,598,No,74,Yes,Failed,Medium,1
TXN000174,CUST0748,Pune,MER289,Travel,2026-08-04 14:57:00,NetBanking,Android,21036.9,INR,341174.6,863,Yes,94,No,Pending,Low,0
TXN000175,CUST0142,Hyderabad,MER256,Travel,2026-08-19 14:10:00,Debit Card,Android,32895.35,INR,127088.16,457,No,49,Yes,Failed,High,0
TXN000176,CUST1038,Hyderabad,MER279,Food,2026-10-15 21:25:00,Debit Card,Web,35953.02,INR,447855.26,849,Yes,14,Yes,Pending,High,0
TXN000177,CUST0091,Bengaluru,MER205,Shopping,2026-10-17 21:34:00,Wallet,Android,26638.56,INR,6263.34,564,Yes,66,Yes,Failed,Medium,0
TXN000178,CUST1025,Mumbai,MER177,Food,2026-06-25 18:31:00,UPI,iPhone,29347.24,INR,208571.74,387,Yes,94,Yes,Failed,Medium,0
TXN000179,CUST1068,Hyderabad,MER179,Bills,2026-02-05 13:02:00,Wallet,Web,25743.14,INR,348684.87,626,Yes,39,Yes,Pending,Low,0
TXN000180,CUST0224,Mumbai,MER125,Healthcare,2026-03-05 12:23:00,NetBanking,Android,1713.43,INR,166163.84,736,No,30,No,Pending,Low,0
TXN000181,CUST0811,Pune,MER102,Bills,2026-08-04 14:45:00,Wallet,iPhone,13995.29,INR,3220.57,519,Yes,36,Yes,Pending,Low,0
TXN000182,CUST0404,Hyderabad,MER059,Shopping,2026-09-02 04:40:00,Wallet,Web,59966.69,INR,482992.28,620,No,79,No,Pending,Low,0
TXN000183,CUST0354,Delhi,MER044,Entertainment,2026-02-18 18:27:00,Debit Card,Android,26107.39,INR,120047.79,419,Yes,48,Yes,Pending,Medium,0
TXN000184,CUST0786,Hyderabad,MER096,Bills,2026-08-20 09:05:00,NetBanking,Web,31379.57,INR,459661.34,477,Yes,63,No,Success,Low,0
TXN000185,CUST0110,Delhi,MER005,Bills,2026-02-19 17:03:00,Credit Card,iPhone,23607.21,INR,481950.72,817,No,53,No,Failed,High,0
TXN000186,CUST0064,Mumbai,MER150,Food,2026-04-11 01:42:00,Credit Card,Web,62995.09,INR,145046.48,768,No,71,Yes,Pending,Low,0
TXN000187,CUST0752,Bengaluru,MER022,Entertainment,2026-06-10 16:43:00,NetBanking,Android,20106.31,INR,494898.09,404,Yes,39,Yes,Failed,Medium,0
TXN000188,CUST0900,Pune,MER122,Travel,2026-10-23 04:01:00,NetBanking,Web,26156.3,INR,175964.79,738,Yes,79,Yes,Success,Low,0
TXN000189,CUST1104,Mumbai,MER166,Entertainment,2026-04-17 13:04:00,Debit Card,Web,60411.93,INR,134404.19,826,Yes,18,No,Success,Medium,0
TXN000190,CUST0272,Mumbai,MER075,Entertainment,2026-04-28 06:31:00,Credit Card,Web,65031.23,INR,196957.67,445,No,81,No,Failed,Medium,1
TXN000191,CUST0191,Hyderabad,MER264,Entertainment,2026-04-12 07:10:00,Debit Card,iPhone,5682.21,INR,475176.79,635,Yes,100,Yes,Pending,Medium,0
TXN000192,CUST0130,Bengaluru,MER204,Travel,2026-06-06 10:16:00,Credit Card,iPhone,47620.34,INR,134999.88,590,No,71,Yes,Pending,Medium,0
TXN000193,CUST0095,Pune,MER236,Food,2026-02-15 05:36:00,Credit Card,iPhone,59127.01,INR,228802.55,738,Yes,89,Yes,Pending,Medium,0
TXN000194,CUST0562,Pune,MER185,Shopping,2026-01-31 00:12:00,Debit Card,Web,11940.13,INR,451996.33,469,Yes,51,No,Pending,High,0
TXN000195,CUST0195,Pune,MER110,Bills,2026-01-29 09:02:00,Credit Card,Web,56647.31,INR,113869.24,755,Yes,2,No,Success,Medium,0
TXN000196,CUST0183,Pune,MER053,Shopping,2026-05-14 19:48:00,Debit Card,Android,52058.44,INR,191977.8,436,Yes,9,Yes,Pending,High,0
TXN000197,CUST0437,Mumbai,MER211,Healthcare,2026-09-07 23:18:00,Wallet,Android,12325.46,INR,44257.33,402,Yes,97,Yes,Pending,High,0
TXN000198,CUST0645,Mumbai,MER127,Shopping,2026-08-23 16:46:00,UPI,Android,28814.71,INR,277144.92,591,Yes,85,No,Success,High,0
TXN000199,CUST0803,Delhi,MER028,Travel,2026-06-30 04:23:00,Wallet,Android,45527.38,INR,121299.8,372,Yes,47,No,Success,Medium,0
TXN000200,CUST0354,Hyderabad,MER038,Food,2026-08-02 20:27:00,UPI,Android,64563.83,INR,131830.45,340,Yes,51,No,Pending,High,0
TXN000201,CUST0824,Pune,MER275,Healthcare,2026-08-13 07:06:00,Credit Card,iPhone,37588.65,INR,42714.94,380,Yes,20,No,Failed,High,0
TXN000202,CUST0136,Delhi,MER224,Entertainment,2026-12-14 03:10:00,Credit Card,Android,47579.38,INR,122995.4,744,Yes,59,Yes,Failed,High,0
TXN000203,CUST0282,Pune,MER084,Bills,2026-12-13 23:34:00,Debit Card,Web,55632.18,INR,259094.2,565,Yes,48,Yes,Pending,Medium,0
TXN000204,CUST0061,Delhi,MER220,Shopping,2026-07-10 17:30:00,UPI,iPhone,54975.53,INR,356449.3,890,Yes,64,No,Pending,Medium,1
TXN000205,CUST0342,Delhi,MER081,Shopping,2026-10-09 13:27:00,UPI,Web,4176.82,INR,337386.1,418,Yes,95,Yes,Success,Low,0
TXN000206,CUST0785,Mumbai,MER092,Food,2026-07-21 07:00:00,Wallet,Android,18356.47,INR,161579.21,726,No,35,Yes,Pending,Medium,0
TXN000207,CUST0108,Mumbai,MER115,Healthcare,2026-01-17 17:19:00,Wallet,Android,8972.68,INR,438618.63,589,No,42,Yes,Pending,Medium,0
TXN000208,CUST1155,Delhi,MER125,Bills,2026-05-15 02:01:00,NetBanking,iPhone,617.53,INR,498895.77,500,Yes,20,Yes,Failed,Low,0
TXN000209,CUST0020,Delhi,MER001,Entertainment,2026-05-17 23:56:00,Debit Card,Android,17490.17,INR,103391.99,543,No,63,Yes,Success,High,0
TXN000210,CUST0475,Bengaluru,MER212,Entertainment,2026-11-23 01:40:00,Debit Card,iPhone,21001.3,INR,487302.84,386,Yes,65,Yes,Pending,Medium,0
TXN000211,CUST0891,Mumbai,MER122,Shopping,2026-04-06 00:34:00,Debit Card,iPhone,5630.79,INR,350662.08,634,No,58,No,Success,Low,0
TXN000212,CUST1198,Pune,MER080,Food,2026-03-01 20:19:00,Wallet,iPhone,70767.73,INR,157702.61,423,No,99,Yes,Failed,Medium,1
TXN000213,CUST0186,Mumbai,MER156,Entertainment,2026-09-11 17:24:00,NetBanking,Android,34761.73,INR,108295.37,635,Yes,12,Yes,Failed,Medium,0
TXN000214,CUST0533,Mumbai,MER016,Bills,2026-11-08 03:37:00,Wallet,Web,38519.21,INR,374291.15,555,Yes,60,Yes,Success,Low,0
TXN000215,CUST0456,Mumbai,MER102,Bills,2026-05-16 12:40:00,UPI,Web,916.53,INR,293473.26,376,Yes,9,Yes,Pending,Medium,0
TXN000216,CUST0680,Pune,MER022,Bills,2026-01-19 10:28:00,Credit Card,Web,60701.21,INR,217145.03,704,No,4,No,Pending,Medium,1
TXN000217,CUST0384,Delhi,MER144,Bills,2026-11-18 15:28:00,Credit Card,Android,12977.08,INR,307439.18,551,No,64,No,Pending,Medium,0
TXN000218,CUST0282,Hyderabad,MER103,Entertainment,2026-11-19 02:12:00,NetBanking,Android,4592.21,INR,315746.44,856,Yes,49,No,Failed,High,0
TXN000219,CUST1159,Bengaluru,MER165,Bills,2026-04-09 11:06:00,Credit Card,Android,58612.0,INR,160119.91,524,Yes,100,No,Success,Medium,1
TXN000220,CUST0477,Mumbai,MER052,Travel,2026-08-28 03:46:00,Credit Card,iPhone,39716.83,INR,267311.09,357,Yes,74,No,Failed,Low,0
TXN000221,CUST0735,Bengaluru,MER015,Entertainment,2026-09-13 01:35:00,Debit Card,Web,13224.01,INR,282239.64,876,Yes,64,No,Success,Medium,0
TXN000222,CUST0449,Pune,MER270,Bills,2026-01-01 05:58:00,Debit Card,Web,2866.52,INR,101530.73,433,No,92,Yes,Failed,Low,0
TXN000223,CUST0291,Pune,MER270,Shopping,2026-01-27 09:47:00,Debit Card,Web,1663.03,INR,471019.68,705,Yes,44,No,Failed,Low,0
TXN000224,CUST0998,Delhi,MER090,Entertainment,2026-07-24 14:37:00,NetBanking,iPhone,73190.03,INR,112395.37,479,No,40,No,Success,Low,0
TXN000225,CUST0802,Bengaluru,MER017,Travel,2026-08-08 07:45:00,Debit Card,Web,54667.75,INR,111226.73,879,Yes,64,Yes,Failed,High,0
TXN000226,CUST0655,Mumbai,MER046,Entertainment,2026-09-01 22:45:00,Debit Card,iPhone,5853.94,INR,6686.41,514,Yes,89,Yes,Failed,Medium,0
TXN000227,CUST0898,Hyderabad,MER086,Bills,2026-06-29 12:36:00,Wallet,iPhone,59030.76,INR,273465.96,403,No,74,Yes,Success,Medium,0
TXN000228,CUST0604,Pune,MER164,Shopping,2026-12-13 11:45:00,UPI,Android,5546.73,INR,171562.29,684,Yes,94,Yes,Pending,Low,0
TXN000229,CUST0989,Pune,MER221,Entertainment,2026-03-02 01:46:00,NetBanking,iPhone,25359.53,INR,79394.78,403,No,27,Yes,Failed,High,0
TXN000230,CUST1107,Delhi,MER145,Shopping,2026-03-28 11:43:00,UPI,Android,41567.35,INR,197058.21,862,No,20,Yes,Failed,Low,0
TXN000231,CUST0984,Mumbai,MER050,Food,2026-03-17 08:22:00,Credit Card,Web,32081.89,INR,146613.92,383,No,15,No,Failed,Medium,0
TXN000232,CUST0187,Bengaluru,MER199,Travel,2026-05-16 02:01:00,Wallet,iPhone,36692.48,INR,94104.89,345,No,57,No,Failed,Low,0
TXN000233,CUST0199,Pune,MER177,Healthcare,2026-05-31 17:28:00,NetBanking,Android,62784.16,INR,277247.35,696,No,69,No,Pending,Low,0
TXN000234,CUST0072,Bengaluru,MER293,Healthcare,2026-10-19 10:26:00,NetBanking,Web,35730.15,INR,491394.63,450,Yes,97,No,Success,Low,0
TXN000235,CUST0868,Pune,MER223,Travel,2026-10-27 11:40:00,Credit Card,Web,72912.92,INR,129685.29,368,Yes,50,No,Pending,Medium,0
TXN000236,CUST0026,Bengaluru,MER268,Bills,2026-02-10 23:12:00,Wallet,Android,64249.68,INR,74951.67,896,Yes,14,Yes,Failed,High,0
TXN000237,CUST0995,Bengaluru,MER243,Food,2026-03-04 16:42:00,Debit Card,iPhone,66012.58,INR,72782.48,711,Yes,51,No,Pending,Low,0
TXN000238,CUST0551,Delhi,MER011,Shopping,2026-10-25 14:25:00,Debit Card,iPhone,3715.84,INR,140892.98,803,Yes,30,Yes,Failed,High,0
TXN000239,CUST0552,Hyderabad,MER046,Travel,2026-06-10 19:46:00,Credit Card,iPhone,33244.43,INR,370731.45,828,No,8,Yes,Success,Medium,0
TXN000240,CUST1074,Bengaluru,MER015,Travel,2026-03-12 04:23:00,Credit Card,Android,53223.51,INR,125495.64,767,Yes,47,Yes,Failed,Medium,0
TXN000241,CUST0254,Pune,MER124,Shopping,2026-06-27 23:05:00,NetBanking,iPhone,61766.5,INR,89614.26,785,No,45,Yes,Failed,High,0
TXN000242,CUST0057,Hyderabad,MER026,Travel,2026-11-07 20:48:00,NetBanking,Android,62318.65,INR,428698.48,530,Yes,35,No,Pending,Low,1
TXN000243,CUST0971,Mumbai,MER089,Healthcare,2026-10-19 14:03:00,UPI,Android,64849.95,INR,126942.83,612,No,55,No,Failed,Medium,0
TXN000244,CUST1067,Bengaluru,MER204,Healthcare,2026-02-07 06:01:00,UPI,Web,18914.86,INR,499715.26,683,No,39,Yes,Failed,Low,0
TXN000245,CUST0666,Delhi,MER134,Entertainment,2026-09-16 21:37:00,Debit Card,Android,25234.55,INR,75814.72,546,Yes,77,No,Pending,Medium,0
TXN000246,CUST0606,Delhi,MER215,Bills,2026-05-22 08:47:00,UPI,Web,51063.07,INR,354326.41,885,Yes,44,Yes,Pending,High,0
TXN000247,CUST0735,Bengaluru,MER154,Travel,2026-11-03 01:36:00,NetBanking,Android,47880.75,INR,147598.24,782,Yes,95,No,Pending,High,0
TXN000248,CUST0688,Pune,MER114,Shopping,2026-03-23 07:28:00,Debit Card,iPhone,57223.61,INR,394257.13,639,No,34,No,Failed,Low,1
TXN000249,CUST1196,Bengaluru,MER037,Bills,2026-11-20 19:55:00,Credit Card,Web,35300.83,INR,60788.15,690,No,53,Yes,Success,Low,0
TXN000250,CUST1167,Hyderabad,MER074,Shopping,2026-11-10 23:42:00,Credit Card,Android,74426.24,INR,244302.84,481,No,82,Yes,Success,Medium,1
TXN000251,CUST0346,Bengaluru,MER082,Bills,2026-10-13 21:16:00,UPI,Android,20529.12,INR,307625.39,739,No,55,No,Failed,Low,0
TXN000252,CUST0765,Pune,MER165,Healthcare,2026-03-11 09:17:00,UPI,Web,2848.64,INR,3057.79,554,Yes,89,No,Failed,Low,0
TXN000253,CUST0627,Mumbai,MER034,Food,2026-04-19 13:43:00,Debit Card,iPhone,7721.06,INR,364188.12,836,No,56,Yes,Failed,Medium,0
TXN000254,CUST0827,Pune,MER117,Travel,2026-09-22 18:05:00,Credit Card,Android,26956.63,INR,367304.23,816,Yes,16,No,Pending,High,0
TXN000255,CUST1096,Bengaluru,MER025,Healthcare,2026-01-18 11:05:00,UPI,Web,59413.69,INR,418223.88,349,Yes,54,No,Failed,Low,0
TXN000256,CUST0314,Mumbai,MER005,Shopping,2026-06-03 05:37:00,UPI,Web,41055.23,INR,260634.31,440,No,14,Yes,Failed,Low,0
TXN000257,CUST0539,Bengaluru,MER104,Shopping,2026-09-14 02:43:00,Wallet,iPhone,58861.31,INR,81026.43,861,No,27,No,Failed,Low,0
TXN000258,CUST0227,Bengaluru,MER253,Travel,2026-12-12 16:23:00,UPI,Web,225.3,INR,38449.06,403,No,83,Yes,Failed,Medium,0
TXN000259,CUST0358,Pune,MER149,Shopping,2026-10-19 20:27:00,Debit Card,iPhone,19824.09,INR,369531.56,397,Yes,2,Yes,Pending,High,0
TXN000260,CUST0897,Bengaluru,MER138,Entertainment,2026-02-03 20:13:00,Debit Card,iPhone,12805.01,INR,92251.84,710,No,59,No,Failed,High,0
TXN000261,CUST0342,Pune,MER068,Entertainment,2026-09-22 11:28:00,UPI,Android,63803.35,INR,52752.84,794,No,24,No,Failed,High,0
TXN000262,CUST0268,Hyderabad,MER250,Food,2026-11-20 03:54:00,Wallet,iPhone,2180.64,INR,23940.19,567,No,2,Yes,Pending,Medium,0
TXN000263,CUST0196,Hyderabad,MER128,Bills,2026-05-06 21:12:00,Wallet,Android,38942.09,INR,419677.48,871,Yes,2,Yes,Pending,Medium,0
TXN000264,CUST1007,Delhi,MER124,Shopping,2026-04-12 06:34:00,UPI,Web,63893.3,INR,112130.56,687,No,31,Yes,Failed,Medium,0
TXN000265,CUST0916,Delhi,MER061,Bills,2026-09-29 07:59:00,UPI,Android,60098.57,INR,202316.39,336,Yes,12,No,Pending,High,0
TXN000266,CUST0699,Delhi,MER028,Travel,2026-11-04 09:45:00,Wallet,iPhone,15529.71,INR,280515.27,784,No,92,No,Success,Low,0
TXN000267,CUST0700,Delhi,MER150,Healthcare,2026-07-10 01:10:00,Debit Card,Web,56953.81,INR,54054.79,468,No,18,No,Success,Medium,1
TXN000268,CUST0805,Mumbai,MER235,Travel,2026-09-18 23:23:00,Debit Card,Android,45821.67,INR,378817.52,347,Yes,99,No,Failed,High,0
TXN000269,CUST1022,Pune,MER272,Entertainment,2026-01-18 16:25:00,NetBanking,iPhone,44206.93,INR,419569.24,794,Yes,89,Yes,Pending,Low,0
TXN000270,CUST0660,Bengaluru,MER197,Bills,2026-08-10 17:28:00,Credit Card,iPhone,7784.48,INR,199537.13,651,No,58,Yes,Success,Medium,0
TXN000271,CUST1050,Delhi,MER281,Shopping,2026-09-17 04:27:00,NetBanking,Web,45197.28,INR,109453.94,514,No,88,No,Pending,Low,0
TXN000272,CUST1032,Bengaluru,MER166,Entertainment,2026-02-12 00:25:00,Debit Card,Web,73600.54,INR,240704.59,884,No,87,No,Failed,Low,0
TXN000273,CUST0298,Pune,MER029,Travel,2026-04-08 04:53:00,Credit Card,iPhone,39214.29,INR,342011.77,449,Yes,89,No,Success,High,0
TXN000274,CUST0210,Bengaluru,MER288,Travel,2026-09-28 07:18:00,NetBanking,iPhone,2442.33,INR,119560.14,594,Yes,49,No,Failed,High,0
TXN000275,CUST0027,Delhi,MER104,Healthcare,2026-11-13 08:07:00,Wallet,Android,23462.8,INR,455831.7,676,Yes,100,Yes,Failed,Medium,0
TXN000276,CUST0383,Mumbai,MER264,Food,2026-05-18 08:00:00,UPI,iPhone,13323.39,INR,140277.01,570,Yes,21,No,Success,Medium,0
TXN000277,CUST0082,Mumbai,MER166,Healthcare,2026-01-19 12:22:00,NetBanking,Web,34985.52,INR,151276.25,886,No,10,No,Pending,Low,0
TXN000278,CUST0327,Hyderabad,MER279,Healthcare,2026-05-27 21:06:00,UPI,iPhone,71774.94,INR,111377.84,518,No,43,No,Failed,Low,0
TXN000279,CUST1150,Pune,MER059,Entertainment,2026-05-06 23:27:00,Wallet,Android,71274.11,INR,452343.73,549,Yes,88,No,Failed,Low,0
TXN000280,CUST0580,Pune,MER265,Shopping,2026-07-07 06:06:00,NetBanking,iPhone,28952.98,INR,243915.55,603,Yes,42,Yes,Success,Low,0
TXN000281,CUST0135,Mumbai,MER110,Entertainment,2026-06-04 10:47:00,UPI,Android,72872.73,INR,269339.35,745,Yes,96,Yes,Success,Medium,0
TXN000282,CUST0151,Pune,MER092,Shopping,2026-07-23 04:36:00,UPI,Web,53770.78,INR,410988.04,564,No,50,No,Pending,Medium,1
TXN000283,CUST0243,Bengaluru,MER004,Entertainment,2026-09-20 05:57:00,NetBanking,Android,32488.22,INR,378224.34,899,Yes,90,Yes,Failed,High,1
TXN000284,CUST0618,Bengaluru,MER045,Shopping,2026-10-06 15:04:00,Wallet,iPhone,7978.04,INR,198161.52,331,No,21,Yes,Success,High,0
TXN000285,CUST1118,Delhi,MER074,Shopping,2026-09-04 14:14:00,Debit Card,Android,29336.62,INR,277208.57,868,Yes,16,Yes,Success,High,0
TXN000286,CUST0175,Delhi,MER108,Entertainment,2026-09-27 22:43:00,Debit Card,Android,44757.18,INR,206914.59,824,Yes,21,Yes,Success,High,0
TXN000287,CUST0372,Bengaluru,MER028,Healthcare,2026-06-17 22:35:00,NetBanking,Android,62609.43,INR,146035.68,368,No,13,Yes,Pending,High,1
TXN000288,CUST0263,Mumbai,MER052,Shopping,2026-08-14 13:24:00,UPI,Android,36549.54,INR,159575.18,761,No,79,No,Pending,High,0
TXN000289,CUST0648,Hyderabad,MER087,Food,2026-04-25 00:54:00,Credit Card,Android,11446.57,INR,356387.36,746,No,47,Yes,Pending,High,0
TXN000290,CUST0913,Delhi,MER157,Bills,2026-07-20 20:34:00,UPI,Android,24880.59,INR,323130.25,383,No,18,Yes,Failed,High,0
TXN000291,CUST0155,Pune,MER260,Entertainment,2026-01-12 08:34:00,NetBanking,Web,66477.46,INR,203162.1,517,Yes,71,No,Pending,High,1
TXN000292,CUST0750,Hyderabad,MER115,Healthcare,2026-09-24 23:02:00,Debit Card,Android,35418.35,INR,232885.87,822,Yes,51,No,Pending,Low,0
TXN000293,CUST0340,Bengaluru,MER072,Bills,2026-02-27 23:18:00,Credit Card,Web,49707.63,INR,474407.2,449,No,46,Yes,Success,Medium,0
TXN000294,CUST0480,Pune,MER106,Healthcare,2026-11-27 11:49:00,Debit Card,iPhone,17396.61,INR,235367.44,765,Yes,6,No,Success,High,0
TXN000295,CUST0540,Bengaluru,MER279,Healthcare,2026-03-05 07:07:00,Wallet,Web,72633.74,INR,189880.74,379,No,49,Yes,Pending,Medium,0
TXN000296,CUST0998,Hyderabad,MER004,Healthcare,2026-11-18 03:19:00,Credit Card,iPhone,26480.29,INR,83637.31,378,No,28,Yes,Success,Low,0
TXN000297,CUST0243,Mumbai,MER213,Shopping,2026-09-20 05:41:00,UPI,iPhone,27179.48,INR,337939.48,790,Yes,76,Yes,Pending,Medium,0
TXN000298,CUST1175,Bengaluru,MER083,Travel,2026-08-18 05:00:00,NetBanking,Android,1703.0,INR,445508.04,450,Yes,22,No,Success,High,0
TXN000299,CUST0039,Delhi,MER044,Travel,2026-06-13 13:11:00,NetBanking,iPhone,71868.71,INR,433783.9,474,Yes,53,Yes,Pending,Low,0
TXN000300,CUST0344,Delhi,MER233,Healthcare,2026-08-04 00:42:00,UPI,Android,46748.42,INR,189727.46,435,Yes,3,Yes,Pending,High,0
TXN000301,CUST0364,Hyderabad,MER020,Healthcare,2026-07-03 06:09:00,UPI,Android,51333.9,INR,241638.23,433,Yes,100,No,Pending,Medium,0
TXN000302,CUST1086,Hyderabad,MER118,Bills,2026-10-15 11:14:00,Wallet,iPhone,27790.9,INR,294934.99,889,Yes,55,Yes,Failed,Medium,0
TXN000303,CUST1114,Hyderabad,MER132,Travel,2026-01-02 23:47:00,UPI,Web,57444.1,INR,261747.77,832,Yes,49,Yes,Pending,Medium,0
TXN000304,CUST0873,Bengaluru,MER130,Shopping,2026-11-08 06:54:00,NetBanking,iPhone,30675.2,INR,282770.45,582,No,97,Yes,Failed,High,0
TXN000305,CUST1137,Hyderabad,MER130,Shopping,2026-07-30 07:35:00,Debit Card,Web,58788.46,INR,199666.75,441,Yes,96,Yes,Failed,High,0
TXN000306,CUST1042,Hyderabad,MER174,Healthcare,2026-08-12 13:26:00,UPI,Android,71194.4,INR,195162.74,305,Yes,19,No,Pending,Medium,1
TXN000307,CUST0760,Pune,MER020,Entertainment,2026-05-20 22:17:00,Wallet,Web,6628.79,INR,328431.44,593,Yes,100,Yes,Pending,Medium,0
TXN000308,CUST1062,Delhi,MER100,Food,2026-10-13 10:20:00,NetBanking,Web,32934.12,INR,258391.0,537,Yes,87,Yes,Failed,Low,0
TXN000309,CUST0178,Delhi,MER205,Shopping,2026-09-01 19:35:00,Wallet,iPhone,49133.33,INR,293454.0,830,Yes,95,Yes,Success,High,0
TXN000310,CUST1194,Delhi,MER178,Shopping,2026-03-24 09:24:00,NetBanking,Android,21351.34,INR,227924.75,713,Yes,34,Yes,Failed,High,0
TXN000311,CUST0603,Delhi,MER060,Healthcare,2026-04-04 19:45:00,NetBanking,Web,8002.74,INR,125820.6,753,No,73,No,Success,Medium,0
TXN000312,CUST0057,Hyderabad,MER060,Shopping,2026-01-25 14:17:00,Wallet,Web,72093.68,INR,394539.35,525,Yes,41,No,Failed,High,0
TXN000313,CUST0540,Mumbai,MER148,Food,2026-05-26 05:54:00,Debit Card,Android,40183.18,INR,277721.2,482,No,41,No,Success,High,0
TXN000314,CUST0390,Hyderabad,MER103,Travel,2026-09-25 18:16:00,Credit Card,iPhone,20195.3,INR,104182.54,507,Yes,80,No,Success,Low,0
TXN000315,CUST1009,Bengaluru,MER004,Healthcare,2026-01-16 09:18:00,Wallet,iPhone,9008.49,INR,310713.07,804,No,63,Yes,Pending,Medium,0
TXN000316,CUST0263,Pune,MER270,Bills,2026-06-24 03:37:00,NetBanking,Android,29853.0,INR,251735.13,703,Yes,59,Yes,Pending,High,0
TXN000317,CUST0025,Mumbai,MER195,Healthcare,2026-02-06 16:20:00,Debit Card,iPhone,34516.09,INR,306776.27,565,Yes,71,No,Success,Medium,0
TXN000318,CUST0750,Mumbai,MER256,Bills,2026-03-18 15:39:00,Wallet,Web,35361.48,INR,376345.69,673,No,36,No,Success,High,0
TXN000319,CUST0469,Pune,MER139,Travel,2026-07-22 04:38:00,Wallet,iPhone,9852.81,INR,98835.54,453,No,2,Yes,Failed,Medium,0
TXN000320,CUST1059,Bengaluru,MER162,Bills,2026-04-20 05:44:00,Debit Card,Web,10102.69,INR,429392.49,348,No,13,Yes,Success,Low,0
TXN000321,CUST0922,Delhi,MER134,Shopping,2026-05-12 04:24:00,NetBanking,Web,61040.08,INR,465990.44,563,No,3,No,Success,Medium,0
TXN000322,CUST1180,Bengaluru,MER090,Shopping,2026-05-10 06:59:00,Debit Card,Web,65055.3,INR,255711.82,757,Yes,49,No,Failed,High,0
TXN000323,CUST0691,Hyderabad,MER293,Bills,2026-11-06 01:48:00,UPI,Android,71745.45,INR,81837.74,533,No,41,No,Pending,Medium,0
TXN000324,CUST0912,Delhi,MER267,Bills,2026-05-31 17:29:00,Credit Card,Android,45411.77,INR,427251.71,428,Yes,85,No,Pending,High,0
TXN000325,CUST0814,Pune,MER049,Food,2026-12-08 01:49:00,Wallet,Web,56235.49,INR,27858.89,706,Yes,14,No,Pending,Low,1
TXN000326,CUST0799,Delhi,MER118,Travel,2026-09-26 13:11:00,Debit Card,iPhone,6341.66,INR,313613.86,434,Yes,4,Yes,Pending,Medium,0
TXN000327,CUST0976,Hyderabad,MER277,Shopping,2026-07-19 17:15:00,Wallet,Android,64530.45,INR,484801.59,852,Yes,76,No,Pending,High,1
TXN000328,CUST1073,Bengaluru,MER159,Shopping,2026-06-25 08:44:00,NetBanking,Android,47696.12,INR,402549.18,752,No,47,No,Failed,Low,0
TXN000329,CUST0280,Delhi,MER147,Bills,2026-07-14 19:45:00,UPI,Web,22781.9,INR,461122.11,788,No,2,No,Failed,High,1
TXN000330,CUST0766,Mumbai,MER211,Healthcare,2026-06-09 03:29:00,Wallet,Android,17356.53,INR,82471.48,699,No,29,No,Success,Medium,1
TXN000331,CUST0557,Delhi,MER273,Shopping,2026-05-31 08:00:00,Credit Card,Android,46906.72,INR,92021.18,596,Yes,82,No,Pending,Medium,0
TXN000332,CUST0385,Delhi,MER010,Travel,2026-01-19 01:41:00,NetBanking,Android,20424.62,INR,93782.86,404,No,35,Yes,Pending,Medium,0
TXN000333,CUST0309,Pune,MER253,Travel,2026-05-05 11:40:00,Wallet,iPhone,54538.49,INR,393076.94,810,No,60,Yes,Failed,Low,1
TXN000334,CUST0804,Pune,MER279,Bills,2026-03-08 02:52:00,Credit Card,iPhone,63269.1,INR,408808.11,312,Yes,99,Yes,Failed,Medium,0
TXN000335,CUST0408,Hyderabad,MER049,Healthcare,2026-08-31 11:39:00,Credit Card,iPhone,18552.22,INR,195172.36,619,No,21,Yes,Pending,High,0
TXN000336,CUST0612,Mumbai,MER185,Food,2026-11-11 10:45:00,Credit Card,Android,39079.05,INR,118746.95,744,No,2,Yes,Failed,High,0
TXN000337,CUST0019,Pune,MER298,Entertainment,2026-06-23 00:58:00,NetBanking,Android,8991.33,INR,186327.93,391,Yes,21,No,Success,High,0
TXN000338,CUST0123,Pune,MER183,Entertainment,2026-02-26 00:57:00,NetBanking,Android,46405.99,INR,63787.9,538,No,72,No,Failed,High,0
TXN000339,CUST0734,Mumbai,MER129,Food,2026-06-26 16:38:00,Wallet,Web,14488.54,INR,148062.58,801,Yes,73,Yes,Pending,Medium,0
TXN000340,CUST1136,Mumbai,MER036,Healthcare,2026-02-26 10:37:00,Wallet,iPhone,24289.59,INR,409889.86,854,No,59,Yes,Pending,High,0
TXN000341,CUST0039,Bengaluru,MER187,Healthcare,2026-03-28 22:32:00,Debit Card,Web,28440.69,INR,32607.54,851,No,25,No,Pending,Low,0
TXN000342,CUST0660,Pune,MER050,Healthcare,2026-08-28 21:28:00,UPI,Android,45985.68,INR,417761.49,432,Yes,5,Yes,Success,Medium,0
TXN000343,CUST0796,Hyderabad,MER270,Healthcare,2026-09-13 08:10:00,NetBanking,iPhone,14387.42,INR,25493.73,526,Yes,2,Yes,Pending,Medium,0
TXN000344,CUST0125,Delhi,MER286,Entertainment,2026-12-08 14:29:00,Wallet,iPhone,69631.71,INR,397330.54,359,No,68,Yes,Pending,Low,0
TXN000345,CUST0443,Bengaluru,MER050,Food,2026-09-22 00:38:00,Credit Card,Web,62587.55,INR,193280.21,497,Yes,73,Yes,Pending,High,1
TXN000346,CUST1181,Delhi,MER235,Entertainment,2026-08-31 04:58:00,Wallet,Android,41869.46,INR,84237.85,484,No,65,No,Pending,Low,0
TXN000347,CUST0722,Delhi,MER282,Shopping,2026-11-04 14:26:00,Debit Card,iPhone,40051.86,INR,382328.0,740,No,78,Yes,Pending,High,0
TXN000348,CUST0521,Delhi,MER232,Bills,2026-05-25 13:49:00,UPI,Web,16060.33,INR,18296.79,591,Yes,67,Yes,Failed,Low,0
TXN000349,CUST0645,Pune,MER142,Healthcare,2026-07-06 03:33:00,NetBanking,Web,22539.04,INR,463035.3,458,Yes,5,No,Failed,Low,0
TXN000350,CUST1193,Mumbai,MER120,Shopping,2026-10-23 07:16:00,Debit Card,Android,10397.85,INR,285673.09,882,Yes,94,Yes,Pending,Medium,0
TXN000351,CUST1181,Pune,MER154,Food,2026-09-24 01:44:00,NetBanking,iPhone,59471.96,INR,40160.22,357,No,45,No,Failed,Low,1
TXN000352,CUST0024,Hyderabad,MER028,Shopping,2026-07-10 22:07:00,UPI,iPhone,65236.59,INR,270424.93,453,No,65,Yes,Success,Low,1
TXN000353,CUST1179,Bengaluru,MER047,Travel,2026-06-07 06:18:00,Debit Card,iPhone,50529.17,INR,74858.19,644,Yes,61,Yes,Pending,Medium,0
TXN000354,CUST0890,Mumbai,MER070,Bills,2026-07-23 15:12:00,Credit Card,iPhone,19706.6,INR,198264.08,885,Yes,72,Yes,Success,Low,0
TXN000355,CUST1180,Pune,MER058,Entertainment,2026-05-31 13:56:00,Wallet,iPhone,19983.96,INR,174805.62,628,No,77,Yes,Failed,Low,0
TXN000356,CUST0906,Bengaluru,MER075,Bills,2026-01-17 08:08:00,Credit Card,Android,74074.14,INR,342994.25,459,Yes,15,Yes,Success,High,0
TXN000357,CUST0029,Delhi,MER057,Shopping,2026-06-13 20:41:00,Wallet,Android,69506.19,INR,166606.48,850,Yes,27,No,Pending,Medium,0
TXN000358,CUST0038,Hyderabad,MER299,Entertainment,2026-07-11 19:14:00,UPI,iPhone,46735.69,INR,85989.5,590,Yes,90,No,Success,Medium,0
TXN000359,CUST0796,Delhi,MER185,Food,2026-01-07 22:42:00,Debit Card,Web,49113.75,INR,193875.09,689,Yes,41,No,Pending,High,1
TXN000360,CUST0938,Bengaluru,MER012,Food,2026-04-01 01:44:00,NetBanking,iPhone,6619.79,INR,167451.25,702,Yes,3,No,Pending,Medium,0
TXN000361,CUST1027,Delhi,MER032,Entertainment,2026-04-04 19:38:00,Wallet,Android,26666.25,INR,472124.21,586,Yes,20,No,Failed,High,0
TXN000362,CUST1067,Bengaluru,MER117,Bills,2026-03-29 12:18:00,NetBanking,Android,10311.81,INR,213806.03,619,No,58,Yes,Success,High,0
TXN000363,CUST0415,Mumbai,MER159,Entertainment,2026-09-14 17:34:00,NetBanking,Android,10410.47,INR,215602.08,448,Yes,41,Yes,Pending,High,0
TXN000364,CUST0651,Mumbai,MER016,Shopping,2026-11-17 10:42:00,Wallet,iPhone,71146.15,INR,152370.7,580,Yes,100,Yes,Success,Low,1
TXN000365,CUST0547,Bengaluru,MER291,Healthcare,2026-03-26 01:44:00,NetBanking,Android,13872.29,INR,116225.28,326,No,11,No,Success,High,0
TXN000366,CUST0377,Hyderabad,MER252,Bills,2026-02-20 01:36:00,Credit Card,Android,63463.44,INR,113910.26,718,Yes,35,No,Success,High,0
TXN000367,CUST0419,Pune,MER091,Bills,2026-11-12 17:05:00,NetBanking,iPhone,50357.0,INR,344243.49,768,Yes,55,No,Success,High,1
TXN000368,CUST1172,Bengaluru,MER275,Healthcare,2026-08-22 12:35:00,UPI,Web,55155.18,INR,55548.83,767,Yes,32,No,Pending,Low,0
TXN000369,CUST0101,Mumbai,MER150,Bills,2026-05-25 22:07:00,Debit Card,iPhone,41836.42,INR,231212.23,732,No,79,Yes,Pending,High,0
TXN000370,CUST0186,Bengaluru,MER058,Travel,2026-10-11 12:39:00,NetBanking,Web,67777.6,INR,273657.15,702,No,42,No,Success,Low,0
TXN000371,CUST0414,Hyderabad,MER047,Shopping,2026-04-28 23:48:00,Credit Card,Web,34036.98,INR,366897.9,393,Yes,91,No,Pending,Medium,0
TXN000372,CUST1048,Bengaluru,MER082,Bills,2026-07-20 08:59:00,Wallet,Android,6416.28,INR,384361.9,643,Yes,21,Yes,Success,High,0
TXN000373,CUST0914,Delhi,MER093,Food,2026-11-24 03:34:00,Credit Card,Android,3867.26,INR,2762.92,559,Yes,59,No,Failed,High,0
TXN000374,CUST0445,Bengaluru,MER244,Bills,2026-05-30 07:57:00,Wallet,Android,60562.94,INR,301007.07,306,Yes,71,No,Pending,High,0
TXN000375,CUST0101,Mumbai,MER076,Food,2026-08-26 20:25:00,Debit Card,Android,41825.0,INR,73541.83,333,No,43,Yes,Success,Low,0
TXN000376,CUST0583,Bengaluru,MER294,Healthcare,2026-03-06 14:18:00,Wallet,Web,31283.43,INR,289904.18,336,Yes,99,No,Failed,Medium,0
TXN000377,CUST1128,Pune,MER150,Bills,2026-02-18 23:40:00,UPI,Web,67316.78,INR,429844.56,637,No,68,Yes,Pending,Low,0
TXN000378,CUST1084,Pune,MER248,Entertainment,2026-09-08 17:33:00,NetBanking,Web,45911.79,INR,144306.46,624,No,68,No,Success,High,0
TXN000379,CUST1020,Hyderabad,MER093,Healthcare,2026-03-26 17:33:00,Debit Card,Android,42206.32,INR,1788.88,324,No,81,Yes,Pending,Low,0
TXN000380,CUST0684,Delhi,MER287,Entertainment,2026-03-19 07:26:00,UPI,Web,59971.34,INR,101392.38,588,No,9,No,Failed,High,0
TXN000381,CUST0234,Delhi,MER175,Bills,2026-09-21 17:52:00,NetBanking,Web,41258.52,INR,480096.3,479,Yes,43,No,Pending,Medium,0
TXN000382,CUST0987,Mumbai,MER236,Healthcare,2026-11-23 04:44:00,Debit Card,iPhone,68713.91,INR,392210.53,723,Yes,67,No,Pending,High,0
TXN000383,CUST1183,Delhi,MER182,Food,2026-02-24 08:38:00,Debit Card,Android,50871.26,INR,170237.06,684,Yes,74,No,Success,High,1
TXN000384,CUST0632,Delhi,MER017,Shopping,2026-05-31 16:26:00,UPI,iPhone,8781.01,INR,438647.32,680,No,39,Yes,Pending,Medium,0
TXN000385,CUST0077,Mumbai,MER048,Bills,2026-07-04 05:26:00,UPI,iPhone,13142.46,INR,452572.94,457,Yes,44,No,Pending,High,0
TXN000386,CUST0202,Bengaluru,MER068,Travel,2026-09-21 19:23:00,UPI,iPhone,23290.7,INR,194406.52,834,Yes,1,No,Success,High,0
TXN000387,CUST0095,Pune,MER267,Entertainment,2026-09-29 10:45:00,Debit Card,Android,63612.34,INR,289202.36,619,Yes,42,Yes,Success,Medium,0
TXN000388,CUST0904,Pune,MER140,Travel,2026-02-27 08:13:00,Debit Card,Android,20763.18,INR,8613.1,873,Yes,27,No,Pending,Medium,0
TXN000389,CUST0581,Bengaluru,MER126,Travel,2026-01-26 22:31:00,Debit Card,Web,20343.49,INR,446229.31,853,No,7,Yes,Success,Medium,0
TXN000390,CUST0786,Pune,MER045,Bills,2026-05-23 16:37:00,Credit Card,Web,67748.86,INR,298464.56,756,No,40,No,Success,High,1
TXN000391,CUST0954,Bengaluru,MER068,Food,2026-10-23 22:48:00,Wallet,Android,56885.02,INR,228336.5,776,No,30,Yes,Success,High,0
TXN000392,CUST0376,Delhi,MER167,Bills,2026-06-27 11:53:00,UPI,Android,19368.8,INR,238191.85,659,No,60,Yes,Failed,Medium,0
TXN000393,CUST0211,Hyderabad,MER055,Shopping,2026-07-22 11:42:00,UPI,iPhone,45340.93,INR,266840.04,710,No,31,Yes,Pending,Low,0
TXN000394,CUST0883,Hyderabad,MER291,Shopping,2026-07-18 06:08:00,Credit Card,Android,73042.4,INR,331643.52,379,No,15,No,Failed,High,0
TXN000395,CUST0631,Hyderabad,MER036,Healthcare,2026-02-09 14:13:00,NetBanking,iPhone,7342.09,INR,164376.71,362,Yes,28,Yes,Pending,High,0
TXN000396,CUST0928,Bengaluru,MER150,Bills,2026-08-13 02:57:00,NetBanking,iPhone,60741.76,INR,98637.64,624,No,73,No,Failed,High,0
TXN000397,CUST0183,Bengaluru,MER005,Healthcare,2026-07-05 20:09:00,Wallet,Android,73693.87,INR,426400.08,363,No,71,Yes,Success,High,1
TXN000398,CUST0225,Delhi,MER016,Travel,2026-06-07 04:23:00,NetBanking,iPhone,42011.07,INR,312981.94,691,No,49,No,Pending,Low,0
TXN000399,CUST0386,Bengaluru,MER197,Shopping,2026-11-02 19:42:00,Wallet,Android,49693.32,INR,144946.96,428,Yes,2,Yes,Pending,Low,0
TXN000400,CUST0895,Mumbai,MER044,Travel,2026-08-22 20:00:00,Wallet,iPhone,10816.81,INR,446897.65,735,Yes,59,No,Pending,Medium,0
TXN000401,CUST0870,Bengaluru,MER004,Healthcare,2026-07-01 08:57:00,Credit Card,Web,28865.91,INR,251362.67,720,No,5,Yes,Pending,Medium,0
TXN000402,CUST0987,Pune,MER073,Entertainment,2026-09-24 06:08:00,NetBanking,iPhone,52872.09,INR,233003.23,380,Yes,32,No,Pending,High,1
TXN000403,CUST1105,Bengaluru,MER160,Healthcare,2026-01-20 05:08:00,Debit Card,Web,49787.0,INR,389485.04,780,No,66,No,Pending,High,0
TXN000404,CUST0604,Delhi,MER086,Food,2026-09-11 01:26:00,NetBanking,Web,24876.92,INR,152731.35,877,No,8,No,Pending,Low,0
TXN000405,CUST0598,Bengaluru,MER014,Shopping,2026-06-26 11:53:00,UPI,Android,42973.04,INR,253292.46,584,No,17,No,Failed,Medium,0
TXN000406,CUST0358,Bengaluru,MER078,Entertainment,2026-06-12 14:54:00,Debit Card,Android,1084.94,INR,131365.04,541,No,24,Yes,Failed,Low,0
TXN000407,CUST1016,Hyderabad,MER197,Travel,2026-08-29 12:59:00,Wallet,Web,72551.58,INR,319149.76,515,No,7,No,Success,Low,0
TXN000408,CUST0618,Hyderabad,MER273,Travel,2026-05-19 06:44:00,Wallet,iPhone,12586.68,INR,132049.95,843,No,2,No,Failed,Medium,0
TXN000409,CUST0085,Pune,MER273,Entertainment,2026-05-09 19:47:00,Wallet,Web,50893.44,INR,459102.97,579,No,35,No,Success,Medium,0
TXN000410,CUST0496,Bengaluru,MER100,Healthcare,2026-05-03 20:18:00,Credit Card,iPhone,49082.66,INR,274258.67,308,Yes,2,No,Success,High,0
TXN000411,CUST0450,Delhi,MER129,Travel,2026-01-13 09:27:00,UPI,Web,7810.97,INR,46878.7,522,Yes,91,Yes,Success,High,0
TXN000412,CUST1160,Mumbai,MER057,Entertainment,2026-03-09 02:06:00,Debit Card,iPhone,9760.45,INR,234010.83,377,No,36,No,Pending,High,0
TXN000413,CUST0332,Pune,MER142,Food,2026-05-20 08:56:00,Wallet,iPhone,57745.64,INR,497983.32,564,No,23,No,Success,Medium,1
TXN000414,CUST0805,Mumbai,MER252,Food,2026-02-22 09:10:00,NetBanking,iPhone,73457.06,INR,109974.86,408,No,92,No,Success,Low,1
TXN000415,CUST0514,Hyderabad,MER010,Bills,2026-02-24 04:42:00,UPI,Android,5487.5,INR,332638.31,572,Yes,90,No,Failed,High,0
TXN000416,CUST1005,Hyderabad,MER224,Bills,2026-11-04 07:24:00,UPI,Web,297.71,INR,113697.57,693,No,16,No,Failed,High,0
TXN000417,CUST0186,Delhi,MER274,Shopping,2026-01-30 07:02:00,Wallet,iPhone,22726.05,INR,324248.49,480,Yes,50,Yes,Failed,High,0
TXN000418,CUST0736,Hyderabad,MER044,Entertainment,2026-06-09 11:09:00,Credit Card,Android,29270.05,INR,18813.45,325,Yes,63,No,Success,High,0
TXN000419,CUST0921,Pune,MER019,Shopping,2026-01-21 09:48:00,Debit Card,Web,48262.7,INR,22364.45,421,Yes,84,No,Pending,High,0
TXN000420,CUST0148,Pune,MER073,Bills,2026-08-27 01:16:00,UPI,iPhone,11188.54,INR,453682.26,346,Yes,90,Yes,Success,Low,0
TXN000421,CUST0200,Hyderabad,MER088,Healthcare,2026-01-24 06:52:00,UPI,Android,47456.96,INR,249074.6,525,Yes,26,No,Failed,High,0
TXN000422,CUST1180,Bengaluru,MER071,Shopping,2026-11-01 12:48:00,Credit Card,Android,50886.27,INR,296949.54,643,Yes,16,No,Success,Medium,1
TXN000423,CUST0338,Hyderabad,MER125,Healthcare,2026-01-15 19:37:00,Credit Card,Android,12620.45,INR,395735.1,685,Yes,3,No,Success,Low,0
TXN000424,CUST0582,Hyderabad,MER244,Entertainment,2026-02-16 04:48:00,Credit Card,Android,561.66,INR,320273.03,835,No,53,Yes,Success,High,0
TXN000425,CUST0181,Delhi,MER179,Bills,2026-01-02 15:56:00,NetBanking,Android,51881.68,INR,96759.53,842,Yes,80,No,Pending,High,0
TXN000426,CUST0427,Delhi,MER028,Travel,2026-02-11 00:36:00,Credit Card,Web,16461.32,INR,422047.07,785,No,23,Yes,Pending,Low,0
TXN000427,CUST0430,Hyderabad,MER129,Shopping,2026-08-13 13:50:00,Wallet,Android,4070.99,INR,53106.13,353,Yes,21,Yes,Failed,High,0
TXN000428,CUST0911,Bengaluru,MER297,Shopping,2026-06-02 13:51:00,Credit Card,Web,8722.56,INR,338749.42,633,Yes,100,Yes,Failed,Low,0
TXN000429,CUST0410,Hyderabad,MER113,Food,2026-06-21 11:34:00,NetBanking,iPhone,7372.85,INR,28115.34,746,Yes,28,No,Success,Medium,0
TXN000430,CUST0398,Delhi,MER139,Travel,2026-05-03 07:03:00,Credit Card,Android,28023.91,INR,346413.05,361,No,18,Yes,Failed,Medium,0
TXN000431,CUST0451,Delhi,MER081,Entertainment,2026-12-13 21:20:00,NetBanking,Android,31378.42,INR,289482.6,866,Yes,12,No,Pending,Medium,0
TXN000432,CUST0970,Hyderabad,MER143,Food,2026-09-23 18:59:00,Wallet,Web,64667.69,INR,436426.64,553,No,56,Yes,Pending,Low,1
TXN000433,CUST0091,Pune,MER241,Entertainment,2026-10-07 20:11:00,NetBanking,Android,68533.33,INR,213423.12,703,No,90,Yes,Failed,Medium,0
TXN000434,CUST0026,Hyderabad,MER112,Travel,2026-05-11 11:47:00,Debit Card,Android,18053.55,INR,324172.46,392,Yes,62,No,Success,High,0
TXN000435,CUST1196,Pune,MER233,Bills,2026-10-09 00:23:00,Credit Card,Web,34457.03,INR,203274.83,679,No,91,Yes,Pending,Low,0
TXN000436,CUST1088,Pune,MER152,Bills,2026-10-02 02:50:00,Debit Card,Web,28878.25,INR,473101.65,855,Yes,88,Yes,Pending,Medium,0
TXN000437,CUST0746,Pune,MER057,Bills,2026-05-14 02:34:00,Wallet,Web,55187.34,INR,21396.29,675,Yes,83,Yes,Pending,High,1
TXN000438,CUST0686,Mumbai,MER277,Food,2026-08-25 07:23:00,Wallet,Web,58022.69,INR,469634.82,894,Yes,97,Yes,Failed,Medium,1
TXN000439,CUST0112,Pune,MER191,Shopping,2026-06-14 17:13:00,Wallet,Web,67347.02,INR,263814.62,425,No,91,No,Failed,High,0
TXN000440,CUST0135,Mumbai,MER235,Food,2026-01-30 04:32:00,Wallet,Android,27623.58,INR,144897.97,378,Yes,22,No,Success,High,0
TXN000441,CUST0419,Bengaluru,MER012,Shopping,2026-06-01 15:45:00,NetBanking,Android,11113.59,INR,237478.55,730,No,95,Yes,Failed,Low,0
TXN000442,CUST0476,Bengaluru,MER172,Bills,2026-07-30 16:47:00,Debit Card,Web,4739.95,INR,323379.56,634,No,76,No,Failed,Medium,0
TXN000443,CUST0628,Mumbai,MER134,Travel,2026-06-26 07:22:00,Debit Card,iPhone,42552.53,INR,385105.12,348,Yes,46,No,Failed,Low,0
TXN000444,CUST1097,Delhi,MER094,Travel,2026-11-02 14:11:00,Credit Card,Android,46404.89,INR,119714.76,342,No,74,Yes,Failed,Medium,0
TXN000445,CUST0072,Delhi,MER177,Travel,2026-05-16 18:34:00,Wallet,Web,27738.02,INR,487757.37,846,No,16,Yes,Failed,Medium,0
TXN000446,CUST0320,Pune,MER280,Healthcare,2026-05-01 14:46:00,Debit Card,iPhone,57643.49,INR,448092.75,887,Yes,73,No,Failed,High,0
TXN000447,CUST0083,Mumbai,MER283,Food,2026-04-23 04:03:00,UPI,iPhone,8441.43,INR,309143.47,525,No,46,Yes,Failed,Low,0
TXN000448,CUST1079,Mumbai,MER143,Travel,2026-01-09 05:01:00,UPI,Web,45619.18,INR,424876.24,389,No,25,No,Failed,High,0
TXN000449,CUST0740,Hyderabad,MER076,Entertainment,2026-11-07 20:39:00,Wallet,iPhone,45388.74,INR,193670.2,312,No,45,No,Failed,Medium,0
TXN000450,CUST0910,Hyderabad,MER227,Shopping,2026-03-01 15:13:00,Wallet,Web,65575.14,INR,448317.98,442,Yes,19,Yes,Failed,Medium,1
TXN000451,CUST0770,Pune,MER004,Bills,2026-08-21 13:58:00,Debit Card,iPhone,74128.91,INR,88271.61,773,Yes,26,Yes,Failed,Medium,0
TXN000452,CUST0619,Bengaluru,MER156,Bills,2026-07-23 15:04:00,Wallet,Android,41548.94,INR,14393.17,302,Yes,34,No,Pending,High,0
TXN000453,CUST0590,Hyderabad,MER092,Bills,2026-11-27 03:40:00,Credit Card,Android,35451.14,INR,60557.98,583,No,9,No,Pending,Medium,0
TXN000454,CUST0975,Pune,MER192,Healthcare,2026-09-24 20:40:00,NetBanking,Android,42426.78,INR,422794.75,466,Yes,19,No,Failed,High,0
TXN000455,CUST0559,Delhi,MER215,Entertainment,2026-11-29 02:05:00,Debit Card,Android,10179.59,INR,145638.24,842,Yes,66,Yes,Pending,Low,0
TXN000456,CUST0661,Delhi,MER155,Shopping,2026-09-07 13:29:00,Debit Card,Android,57356.41,INR,267675.74,660,Yes,2,Yes,Pending,Medium,0
TXN000457,CUST0697,Mumbai,MER053,Travel,2026-02-26 06:31:00,NetBanking,Android,27988.6,INR,415955.2,872,Yes,54,No,Success,Low,0
TXN000458,CUST0639,Delhi,MER072,Bills,2026-11-20 22:32:00,NetBanking,Web,61416.98,INR,382031.18,650,Yes,91,No,Success,High,0
TXN000459,CUST0292,Mumbai,MER158,Travel,2026-03-18 09:37:00,Credit Card,Android,61096.77,INR,212977.73,414,Yes,3,No,Failed,Low,1
TXN000460,CUST1052,Bengaluru,MER031,Bills,2026-02-13 07:09:00,Debit Card,Android,14742.4,INR,34057.43,310,Yes,16,Yes,Pending,Low,0
TXN000461,CUST0186,Mumbai,MER143,Healthcare,2026-05-07 15:26:00,Debit Card,Android,13874.94,INR,427713.9,547,Yes,13,Yes,Pending,Low,0
TXN000462,CUST1101,Pune,MER051,Travel,2026-12-02 03:15:00,NetBanking,Web,53691.56,INR,237883.04,489,No,87,Yes,Success,Medium,0
TXN000463,CUST0835,Pune,MER161,Food,2026-06-19 15:06:00,UPI,Web,73597.96,INR,68820.27,669,No,72,Yes,Success,Medium,0
TXN000464,CUST0936,Bengaluru,MER160,Entertainment,2026-11-03 05:33:00,Wallet,Android,37038.59,INR,277404.03,597,No,25,Yes,Failed,High,0
TXN000465,CUST1007,Pune,MER203,Bills,2026-07-10 07:05:00,UPI,Android,27570.76,INR,72540.41,710,Yes,95,Yes,Success,Medium,1
TXN000466,CUST0828,Pune,MER120,Bills,2026-09-22 00:53:00,Wallet,iPhone,73141.06,INR,382643.69,895,No,97,No,Failed,Medium,1
TXN000467,CUST1048,Delhi,MER076,Bills,2026-02-09 08:02:00,UPI,iPhone,50007.44,INR,245181.35,536,Yes,4,Yes,Pending,Low,0
TXN000468,CUST0367,Hyderabad,MER168,Travel,2026-04-21 05:29:00,NetBanking,Web,62276.83,INR,49070.48,378,No,60,Yes,Failed,High,0
TXN000469,CUST1111,Delhi,MER277,Healthcare,2026-01-07 10:24:00,UPI,iPhone,37352.47,INR,440182.71,421,No,58,No,Failed,Medium,0
TXN000470,CUST1141,Delhi,MER085,Bills,2026-06-06 19:20:00,Credit Card,iPhone,34485.02,INR,358145.87,799,Yes,73,No,Pending,High,0
TXN000471,CUST0321,Bengaluru,MER029,Bills,2026-04-06 21:32:00,Wallet,Web,51409.36,INR,485464.51,661,No,42,Yes,Success,High,0
TXN000472,CUST0715,Bengaluru,MER014,Entertainment,2026-05-05 05:56:00,Wallet,Android,3402.98,INR,214645.95,665,No,45,Yes,Pending,Low,0
TXN000473,CUST0174,Pune,MER157,Food,2026-05-03 21:56:00,Credit Card,Android,18586.09,INR,269669.99,338,No,85,No,Pending,High,0
TXN000474,CUST0962,Bengaluru,MER012,Shopping,2026-05-18 12:43:00,NetBanking,iPhone,67607.71,INR,161888.26,400,No,13,Yes,Failed,Medium,1
TXN000475,CUST0696,Mumbai,MER154,Shopping,2026-06-08 17:44:00,Credit Card,iPhone,37717.58,INR,318086.66,377,Yes,37,No,Success,Medium,0
TXN000476,CUST0189,Bengaluru,MER049,Healthcare,2026-05-03 15:20:00,Debit Card,Android,74717.15,INR,283647.72,843,No,55,Yes,Failed,Low,0
TXN000477,CUST0615,Hyderabad,MER277,Shopping,2026-03-14 20:17:00,Wallet,iPhone,48872.23,INR,126381.13,827,No,86,Yes,Success,High,0
TXN000478,CUST0437,Hyderabad,MER138,Entertainment,2026-07-13 22:58:00,NetBanking,iPhone,52755.81,INR,467383.33,361,Yes,47,No,Success,Low,0
TXN000479,CUST0615,Hyderabad,MER211,Shopping,2026-11-10 04:25:00,UPI,Web,11302.44,INR,102575.46,722,No,37,Yes,Failed,High,0
TXN000480,CUST0233,Mumbai,MER099,Food,2026-03-31 09:58:00,Debit Card,iPhone,45100.4,INR,243205.79,746,No,83,Yes,Success,Low,0
TXN000481,CUST0569,Bengaluru,MER091,Entertainment,2026-11-07 09:26:00,UPI,Web,20467.94,INR,243435.14,320,Yes,11,No,Pending,Medium,0
TXN000482,CUST0745,Pune,MER204,Entertainment,2026-11-03 20:03:00,Credit Card,Android,65040.54,INR,56854.25,812,Yes,67,No,Failed,Low,0
TXN000483,CUST0642,Delhi,MER300,Entertainment,2026-05-22 23:26:00,Credit Card,iPhone,17871.0,INR,109786.18,409,Yes,28,No,Failed,Medium,0
TXN000484,CUST1005,Bengaluru,MER192,Entertainment,2026-12-12 09:57:00,UPI,iPhone,19087.86,INR,273326.77,786,Yes,36,Yes,Failed,Medium,0
TXN000485,CUST0072,Pune,MER123,Shopping,2026-07-21 05:48:00,Wallet,iPhone,53681.03,INR,319835.58,671,Yes,69,Yes,Failed,Medium,0
TXN000486,CUST0524,Delhi,MER047,Travel,2026-04-19 06:55:00,Credit Card,Android,609.8,INR,458029.51,624,No,5,No,Success,Medium,0
TXN000487,CUST0682,Hyderabad,MER052,Travel,2026-09-12 07:25:00,Debit Card,Web,35342.42,INR,34117.25,730,No,59,Yes,Success,High,0
TXN000488,CUST0279,Pune,MER206,Travel,2026-08-17 18:08:00,Debit Card,iPhone,48126.61,INR,288328.86,413,Yes,32,Yes,Pending,High,0
TXN000489,CUST0925,Hyderabad,MER069,Shopping,2026-03-05 03:52:00,NetBanking,iPhone,30785.51,INR,399964.81,503,Yes,54,No,Success,Medium,0
TXN000490,CUST0460,Pune,MER012,Healthcare,2026-08-24 14:30:00,NetBanking,Web,65731.72,INR,115124.92,391,No,26,No,Pending,Low,0
TXN000491,CUST0533,Mumbai,MER046,Shopping,2026-03-03 22:33:00,NetBanking,Android,3752.73,INR,8043.34,838,No,99,No,Pending,Medium,0
TXN000492,CUST0391,Delhi,MER148,Entertainment,2026-06-29 22:06:00,Wallet,Android,8906.06,INR,216222.99,511,Yes,37,Yes,Failed,Low,0
TXN000493,CUST0595,Delhi,MER121,Healthcare,2026-06-14 04:41:00,Credit Card,iPhone,30651.14,INR,291868.64,769,Yes,2,No,Success,Medium,0
TXN000494,CUST0786,Hyderabad,MER132,Food,2026-02-04 16:33:00,NetBanking,Android,73080.45,INR,27004.19,540,No,46,Yes,Success,Medium,0
TXN000495,CUST0809,Delhi,MER068,Healthcare,2026-01-15 23:21:00,NetBanking,Android,37850.56,INR,130885.53,815,No,44,No,Success,Low,0
TXN000496,CUST0291,Delhi,MER060,Shopping,2026-01-17 01:53:00,Credit Card,iPhone,23812.46,INR,435968.1,587,No,56,No,Failed,High,0
TXN000497,CUST0893,Mumbai,MER162,Entertainment,2026-06-28 20:49:00,Credit Card,Web,62222.6,INR,426663.8,750,Yes,25,Yes,Success,Low,0
TXN000498,CUST0335,Hyderabad,MER224,Food,2026-11-22 22:09:00,Wallet,Android,13751.94,INR,221318.32,874,No,59,No,Success,High,0
TXN000499,CUST0192,Mumbai,MER146,Travel,2026-10-31 23:56:00,Credit Card,Web,65018.61,INR,254860.14,579,Yes,75,Yes,Pending,High,1
TXN000500,CUST0505,Hyderabad,MER049,Shopping,2026-01-10 10:51:00,Debit Card,Web,13559.05,INR,490685.9,424,No,48,Yes,Failed,Low,0
TXN000501,CUST0983,Hyderabad,MER138,Healthcare,2026-08-28 13:44:00,UPI,iPhone,2185.01,INR,484915.49,763,No,94,Yes,Success,Low,0
TXN000502,CUST0114,Pune,MER281,Healthcare,2026-05-19 20:38:00,UPI,iPhone,60120.82,INR,128326.79,545,No,12,Yes,Success,Low,1
TXN000503,CUST0316,Pune,MER153,Bills,2026-10-19 16:07:00,Wallet,Web,29149.95,INR,403370.24,617,Yes,46,Yes,Failed,High,0
TXN000504,CUST0795,Hyderabad,MER138,Healthcare,2026-08-07 13:51:00,Wallet,Android,15006.35,INR,378488.83,677,Yes,56,No,Success,Low,0
TXN000505,CUST0460,Mumbai,MER254,Healthcare,2026-08-18 05:10:00,NetBanking,Android,38510.34,INR,146060.81,747,Yes,62,No,Success,Low,0
TXN000506,CUST0510,Bengaluru,MER219,Shopping,2026-07-26 23:56:00,UPI,Web,51329.86,INR,39189.73,346,Yes,66,No,Failed,Low,1
TXN000507,CUST0519,Delhi,MER131,Healthcare,2026-01-30 18:30:00,NetBanking,Android,34859.94,INR,57853.81,773,Yes,24,No,Success,Low,0
TXN000508,CUST0643,Bengaluru,MER233,Entertainment,2026-06-13 19:42:00,NetBanking,iPhone,31230.54,INR,171325.86,491,Yes,24,Yes,Pending,High,0
TXN000509,CUST0889,Bengaluru,MER010,Food,2026-05-24 18:59:00,UPI,Android,19463.64,INR,86695.94,788,No,89,No,Pending,High,0
TXN000510,CUST0739,Hyderabad,MER155,Food,2026-02-15 13:02:00,Credit Card,Android,45149.52,INR,96210.24,316,Yes,4,Yes,Failed,High,0
TXN000511,CUST1104,Mumbai,MER045,Shopping,2026-10-08 05:55:00,Wallet,Android,10903.66,INR,237520.55,322,Yes,22,Yes,Pending,High,0
TXN000512,CUST0041,Hyderabad,MER300,Travel,2026-03-15 07:19:00,Debit Card,Web,33406.04,INR,414895.93,701,Yes,43,Yes,Success,High,0
TXN000513,CUST1016,Bengaluru,MER284,Shopping,2026-01-14 11:27:00,Wallet,iPhone,63575.26,INR,243564.38,799,Yes,92,Yes,Pending,Low,0
TXN000514,CUST0131,Delhi,MER214,Bills,2026-02-12 13:50:00,Wallet,Web,31661.9,INR,469543.27,655,No,90,No,Success,Low,0
TXN000515,CUST0705,Hyderabad,MER119,Healthcare,2026-03-21 23:47:00,NetBanking,Web,21615.05,INR,170237.35,779,Yes,38,No,Failed,High,0
TXN000516,CUST0968,Mumbai,MER107,Shopping,2026-09-09 11:24:00,UPI,Web,48944.46,INR,241961.99,477,Yes,21,No,Success,Medium,0
TXN000517,CUST1141,Pune,MER010,Shopping,2026-11-17 17:28:00,Debit Card,iPhone,70730.24,INR,338787.0,478,Yes,9,No,Failed,Low,0
TXN000518,CUST0459,Hyderabad,MER133,Shopping,2026-10-13 18:26:00,Debit Card,Android,46324.87,INR,385277.35,870,No,20,Yes,Pending,Low,0
TXN000519,CUST0228,Pune,MER053,Healthcare,2026-01-16 06:44:00,NetBanking,Android,69498.87,INR,84356.1,420,Yes,47,Yes,Pending,Medium,0
TXN000520,CUST0204,Mumbai,MER187,Shopping,2026-10-26 05:56:00,Credit Card,Android,53118.09,INR,424448.95,749,No,99,Yes,Success,Medium,0
TXN000521,CUST0175,Delhi,MER191,Entertainment,2026-10-02 19:56:00,Wallet,iPhone,25612.18,INR,315090.76,551,Yes,97,No,Success,Low,0
TXN000522,CUST0940,Bengaluru,MER186,Food,2026-06-11 03:18:00,Credit Card,Android,60136.62,INR,359095.24,829,Yes,11,No,Failed,Medium,0
TXN000523,CUST0126,Hyderabad,MER019,Entertainment,2026-12-02 21:05:00,Credit Card,Web,73646.23,INR,29847.1,832,No,54,No,Pending,High,1
TXN000524,CUST0643,Delhi,MER005,Shopping,2026-11-24 18:08:00,NetBanking,Web,41529.71,INR,460304.85,713,No,83,Yes,Pending,High,0
TXN000525,CUST0829,Mumbai,MER155,Food,2026-01-14 11:03:00,NetBanking,iPhone,59129.85,INR,195606.78,429,No,28,Yes,Pending,High,0
TXN000526,CUST0328,Pune,MER015,Healthcare,2026-08-04 17:22:00,Debit Card,Android,23432.69,INR,416282.26,611,No,65,Yes,Pending,Low,0
TXN000527,CUST1040,Delhi,MER064,Food,2026-10-03 10:55:00,UPI,iPhone,63121.93,INR,149682.6,305,No,44,Yes,Pending,High,1
TXN000528,CUST1093,Bengaluru,MER120,Shopping,2026-04-19 22:27:00,Debit Card,Web,42428.48,INR,392609.84,886,Yes,92,No,Pending,High,0
TXN000529,CUST1193,Mumbai,MER185,Bills,2026-02-05 16:13:00,Credit Card,Web,18587.55,INR,213420.37,721,Yes,12,Yes,Failed,Low,0
TXN000530,CUST0757,Bengaluru,MER207,Healthcare,2026-07-23 12:20:00,NetBanking,iPhone,35729.46,INR,436135.38,898,No,82,No,Failed,High,0
TXN000531,CUST0334,Mumbai,MER259,Travel,2026-06-26 11:56:00,Wallet,Android,69829.05,INR,484047.87,825,Yes,89,Yes,Failed,Medium,0
TXN000532,CUST1145,Delhi,MER061,Healthcare,2026-11-07 07:39:00,Wallet,Android,2464.9,INR,61312.35,885,No,6,Yes,Success,Medium,0
TXN000533,CUST0603,Hyderabad,MER015,Travel,2026-02-21 18:02:00,NetBanking,iPhone,22883.25,INR,25276.87,612,No,28,Yes,Pending,Medium,0
TXN000534,CUST0139,Pune,MER214,Bills,2026-07-28 15:28:00,Debit Card,Web,176.39,INR,226734.84,645,No,61,Yes,Success,High,0
TXN000535,CUST0920,Mumbai,MER167,Food,2026-10-19 04:51:00,NetBanking,Web,47741.79,INR,312171.15,696,Yes,51,No,Pending,Low,0
TXN000536,CUST0182,Mumbai,MER013,Healthcare,2026-08-18 09:58:00,Debit Card,Web,71856.8,INR,322934.68,872,Yes,25,Yes,Pending,High,0
TXN000537,CUST0039,Pune,MER273,Travel,2026-01-07 21:47:00,Debit Card,Android,14220.9,INR,123398.06,893,No,11,No,Failed,High,0
TXN000538,CUST0048,Delhi,MER224,Travel,2026-06-01 01:46:00,UPI,Web,3392.87,INR,159373.84,563,Yes,15,Yes,Pending,Low,0
TXN000539,CUST0184,Mumbai,MER158,Bills,2026-09-05 01:46:00,Credit Card,Android,21415.67,INR,307623.24,633,Yes,4,Yes,Failed,Medium,0
TXN000540,CUST0664,Delhi,MER193,Food,2026-01-19 21:19:00,Credit Card,Android,7423.84,INR,376314.74,900,Yes,64,No,Success,Medium,0
TXN000541,CUST0834,Pune,MER248,Food,2026-05-29 08:44:00,Credit Card,Android,4566.19,INR,135310.71,900,Yes,32,Yes,Failed,High,0
TXN000542,CUST1025,Mumbai,MER073,Shopping,2026-07-16 18:26:00,Credit Card,Android,30517.81,INR,269230.28,733,No,6,Yes,Failed,High,0
TXN000543,CUST0002,Pune,MER247,Shopping,2026-08-06 16:14:00,Debit Card,Web,21707.92,INR,190696.6,659,Yes,75,No,Success,Low,0
TXN000544,CUST0810,Pune,MER072,Entertainment,2026-07-22 14:35:00,Debit Card,iPhone,55443.94,INR,106214.24,816,No,88,No,Pending,Medium,0
TXN000545,CUST0659,Delhi,MER108,Bills,2026-08-07 06:37:00,Debit Card,Android,73473.43,INR,457095.1,436,Yes,78,No,Success,Low,0
TXN000546,CUST1002,Hyderabad,MER276,Food,2026-10-14 15:34:00,UPI,Web,50459.53,INR,16442.81,755,Yes,46,No,Pending,Medium,0
TXN000547,CUST0018,Pune,MER237,Shopping,2026-12-07 21:03:00,Credit Card,iPhone,29018.59,INR,5672.29,320,No,88,No,Success,Low,0
TXN000548,CUST0453,Mumbai,MER253,Shopping,2026-01-14 09:31:00,Debit Card,iPhone,61224.74,INR,452349.29,514,Yes,26,No,Success,Medium,0
TXN000549,CUST1131,Mumbai,MER290,Entertainment,2026-09-06 10:45:00,NetBanking,Web,42691.29,INR,88588.89,431,Yes,17,No,Pending,Low,0
TXN000550,CUST0048,Bengaluru,MER130,Entertainment,2026-07-23 22:22:00,Wallet,Android,66077.61,INR,469007.29,353,No,56,No,Failed,Low,0
TXN000551,CUST0090,Mumbai,MER025,Shopping,2026-12-01 09:01:00,Wallet,Web,51019.41,INR,224981.89,305,No,25,No,Success,High,0
TXN000552,CUST0868,Pune,MER128,Travel,2026-03-01 21:15:00,Debit Card,iPhone,60579.31,INR,32359.22,399,Yes,62,No,Success,High,0
TXN000553,CUST0507,Pune,MER243,Travel,2026-05-05 01:58:00,UPI,iPhone,59795.62,INR,260317.85,542,Yes,100,No,Success,High,0
TXN000554,CUST0125,Pune,MER194,Shopping,2026-11-21 01:40:00,UPI,Android,33495.29,INR,31939.11,752,Yes,39,No,Success,Low,0
TXN000555,CUST0782,Hyderabad,MER050,Healthcare,2026-10-01 18:45:00,Wallet,Android,50823.78,INR,432426.79,310,No,50,No,Failed,High,0
TXN000556,CUST0054,Hyderabad,MER265,Shopping,2026-08-03 00:23:00,Credit Card,Android,46449.91,INR,52242.14,369,Yes,74,Yes,Pending,High,0
TXN000557,CUST0911,Mumbai,MER125,Travel,2026-10-18 04:30:00,UPI,Android,19236.33,INR,64712.69,898,No,66,No,Failed,High,0
TXN000558,CUST0633,Bengaluru,MER176,Shopping,2026-05-15 06:53:00,UPI,Web,66393.94,INR,293633.52,448,Yes,31,Yes,Failed,Medium,0
TXN000559,CUST0413,Pune,MER175,Travel,2026-09-01 03:51:00,Wallet,Web,14671.63,INR,346228.66,778,No,75,No,Pending,Medium,0
TXN000560,CUST0931,Pune,MER254,Travel,2026-12-01 22:40:00,UPI,Web,31413.77,INR,112289.52,535,No,80,Yes,Success,Medium,0
TXN000561,CUST0770,Mumbai,MER205,Travel,2026-10-28 18:26:00,UPI,iPhone,55099.27,INR,5936.15,666,Yes,72,Yes,Success,Medium,0
TXN000562,CUST0738,Pune,MER016,Travel,2026-03-14 00:37:00,Debit Card,Android,33041.8,INR,110253.58,568,Yes,44,Yes,Success,Low,0
TXN000563,CUST0208,Pune,MER071,Bills,2026-08-27 10:20:00,UPI,iPhone,1631.47,INR,468120.94,612,No,31,No,Failed,High,0
TXN000564,CUST0889,Pune,MER061,Travel,2026-11-18 09:21:00,Credit Card,Android,12868.56,INR,96648.96,687,No,41,No,Pending,Low,0
TXN000565,CUST1097,Delhi,MER077,Shopping,2026-03-31 23:49:00,UPI,Web,69077.6,INR,398010.35,429,No,27,Yes,Failed,High,0
TXN000566,CUST0795,Bengaluru,MER192,Bills,2026-07-08 22:09:00,Wallet,Android,46124.19,INR,161589.74,682,No,92,No,Failed,Medium,0
TXN000567,CUST1196,Pune,MER107,Travel,2026-11-22 19:37:00,Credit Card,iPhone,43597.38,INR,431720.96,705,Yes,40,No,Failed,High,0
TXN000568,CUST0522,Bengaluru,MER044,Travel,2026-10-01 15:46:00,UPI,iPhone,11807.56,INR,222808.15,660,Yes,75,Yes,Failed,High,0
TXN000569,CUST0958,Hyderabad,MER210,Shopping,2026-10-20 21:52:00,Wallet,iPhone,46592.01,INR,137236.71,325,Yes,57,Yes,Failed,High,0
TXN000570,CUST0604,Bengaluru,MER263,Healthcare,2026-08-23 08:20:00,UPI,iPhone,5710.12,INR,463376.35,400,Yes,10,No,Success,High,0
TXN000571,CUST0675,Delhi,MER155,Entertainment,2026-10-24 22:30:00,Debit Card,Android,15038.99,INR,353115.68,441,No,2,No,Failed,Medium,0
TXN000572,CUST1188,Pune,MER242,Entertainment,2026-07-06 15:34:00,Credit Card,iPhone,58738.96,INR,114561.67,514,No,30,No,Pending,Medium,0
TXN000573,CUST0385,Hyderabad,MER214,Travel,2026-06-09 17:15:00,Wallet,Web,25562.65,INR,16021.93,442,Yes,40,Yes,Failed,High,0
TXN000574,CUST0859,Hyderabad,MER207,Entertainment,2026-07-15 17:39:00,Debit Card,iPhone,62575.73,INR,293890.59,881,Yes,18,Yes,Failed,High,1
TXN000575,CUST1176,Hyderabad,MER196,Travel,2026-12-12 09:48:00,Wallet,Android,47245.35,INR,267710.8,492,No,14,No,Pending,Medium,0
TXN000576,CUST0352,Pune,MER284,Travel,2026-01-12 16:08:00,NetBanking,iPhone,47932.47,INR,14392.41,503,Yes,50,No,Success,Low,0
TXN000577,CUST0932,Pune,MER189,Healthcare,2026-01-05 00:31:00,Credit Card,iPhone,21847.09,INR,429993.97,720,No,21,Yes,Success,High,0
TXN000578,CUST0797,Mumbai,MER067,Travel,2026-04-23 18:41:00,Wallet,Web,31392.62,INR,332731.53,462,No,76,Yes,Pending,High,0
TXN000579,CUST0016,Mumbai,MER229,Food,2026-10-28 05:18:00,Wallet,Web,51369.0,INR,403975.35,838,No,73,No,Failed,Medium,1
TXN000580,CUST0590,Hyderabad,MER178,Entertainment,2026-11-03 19:05:00,Debit Card,iPhone,43218.43,INR,306900.73,479,No,32,Yes,Pending,High,0
TXN000581,CUST0376,Bengaluru,MER049,Bills,2026-09-12 08:51:00,UPI,Android,32417.1,INR,442885.37,461,No,81,No,Pending,Low,0
TXN000582,CUST1011,Hyderabad,MER284,Food,2026-05-15 06:01:00,UPI,Android,52359.34,INR,252693.03,633,No,58,Yes,Failed,Low,0
TXN000583,CUST0150,Hyderabad,MER196,Shopping,2026-09-29 14:16:00,Wallet,Android,37964.72,INR,198940.49,310,No,15,Yes,Failed,High,0
TXN000584,CUST1124,Mumbai,MER225,Travel,2026-06-21 09:48:00,Debit Card,Android,56155.73,INR,86123.96,318,Yes,23,No,Success,High,0
TXN000585,CUST0023,Delhi,MER079,Bills,2026-05-11 09:00:00,Credit Card,Android,55613.66,INR,357491.72,845,Yes,57,Yes,Pending,High,1
TXN000586,CUST0211,Hyderabad,MER158,Bills,2026-01-20 02:00:00,NetBanking,Android,48083.09,INR,25283.68,686,Yes,32,No,Success,Low,0
TXN000587,CUST0030,Delhi,MER099,Entertainment,2026-09-01 13:22:00,UPI,Android,6872.15,INR,479413.88,398,Yes,93,Yes,Success,Medium,0
TXN000588,CUST0661,Bengaluru,MER098,Healthcare,2026-03-17 09:50:00,NetBanking,iPhone,38447.26,INR,469522.69,423,Yes,28,Yes,Failed,Medium,0
TXN000589,CUST0648,Pune,MER200,Travel,2026-06-17 00:50:00,Credit Card,Android,13038.14,INR,329322.89,585,No,6,Yes,Success,Medium,0
TXN000590,CUST0209,Bengaluru,MER292,Travel,2026-04-02 17:29:00,UPI,Web,22629.04,INR,162852.79,697,Yes,43,Yes,Pending,High,0
TXN000591,CUST0988,Pune,MER172,Food,2026-08-10 13:26:00,NetBanking,iPhone,23861.16,INR,191803.33,538,Yes,30,Yes,Pending,Low,0
TXN000592,CUST0499,Bengaluru,MER041,Food,2026-02-20 01:58:00,Debit Card,iPhone,23177.47,INR,149010.75,455,No,27,Yes,Success,High,0
TXN000593,CUST0674,Mumbai,MER143,Shopping,2026-08-23 07:52:00,UPI,Web,44863.68,INR,396098.11,724,No,97,Yes,Success,High,0
TXN000594,CUST1105,Pune,MER128,Entertainment,2026-09-11 12:10:00,Credit Card,Web,24858.65,INR,436480.19,833,No,24,No,Pending,Low,0
TXN000595,CUST0395,Pune,MER073,Travel,2026-02-15 17:10:00,UPI,Android,4864.97,INR,296722.69,509,Yes,65,Yes,Failed,High,0
TXN000596,CUST0405,Mumbai,MER218,Travel,2026-08-09 14:00:00,Credit Card,iPhone,35041.23,INR,143391.09,759,Yes,35,No,Success,Medium,0
TXN000597,CUST0904,Hyderabad,MER259,Healthcare,2026-09-25 13:53:00,Wallet,Android,29880.37,INR,409982.3,793,Yes,98,No,Failed,Low,0
TXN000598,CUST0313,Bengaluru,MER090,Shopping,2026-05-19 12:25:00,Wallet,iPhone,56919.2,INR,227347.95,684,No,10,No,Success,High,0
TXN000599,CUST0389,Pune,MER007,Healthcare,2026-09-23 22:03:00,Debit Card,iPhone,35205.0,INR,202873.08,725,No,96,No,Failed,Medium,0
TXN000600,CUST0146,Hyderabad,MER020,Food,2026-05-21 02:39:00,NetBanking,Android,23099.66,INR,97919.87,746,No,99,No,Pending,High,0
TXN000601,CUST0119,Hyderabad,MER218,Entertainment,2026-03-31 20:29:00,Credit Card,iPhone,36656.87,INR,18219.28,670,Yes,90,Yes,Failed,High,0
TXN000602,CUST0521,Mumbai,MER297,Entertainment,2026-11-03 09:16:00,Credit Card,Android,34171.2,INR,59248.59,394,No,51,Yes,Pending,Low,0
TXN000603,CUST0875,Delhi,MER155,Healthcare,2026-07-14 03:11:00,Wallet,Web,65702.94,INR,154681.45,721,Yes,14,No,Success,Medium,1
TXN000604,CUST0631,Pune,MER087,Bills,2026-01-01 13:47:00,UPI,Android,56159.78,INR,387098.07,727,No,84,No,Pending,Medium,0
TXN000605,CUST0276,Mumbai,MER250,Travel,2026-07-02 23:54:00,UPI,iPhone,12814.16,INR,283978.97,517,Yes,26,Yes,Pending,Low,0
TXN000606,CUST0838,Hyderabad,MER056,Entertainment,2026-03-02 11:37:00,UPI,iPhone,60692.21,INR,43767.82,427,No,9,No,Success,High,1
TXN000607,CUST0207,Pune,MER032,Shopping,2026-10-01 17:19:00,UPI,Web,17623.81,INR,291640.28,342,Yes,28,Yes,Failed,High,0
TXN000608,CUST0545,Hyderabad,MER243,Shopping,2026-08-09 01:04:00,Wallet,iPhone,39015.16,INR,186021.78,651,No,31,No,Pending,Medium,0
TXN000609,CUST0730,Delhi,MER052,Food,2026-06-16 08:37:00,Wallet,Web,28395.11,INR,417875.16,442,Yes,78,Yes,Pending,Medium,0
TXN000610,CUST0926,Bengaluru,MER244,Healthcare,2026-05-31 09:57:00,Credit Card,Android,71330.62,INR,493104.52,629,Yes,82,No,Success,High,0
TXN000611,CUST0993,Hyderabad,MER042,Shopping,2026-06-05 19:11:00,Wallet,Web,24427.88,INR,428692.9,402,No,38,Yes,Pending,Low,0
TXN000612,CUST1034,Pune,MER066,Bills,2026-10-18 02:43:00,UPI,iPhone,65242.01,INR,416344.7,861,No,22,No,Success,Medium,0
TXN000613,CUST0434,Mumbai,MER046,Food,2026-06-08 08:09:00,UPI,Android,49704.91,INR,464572.73,634,No,99,No,Success,High,0
TXN000614,CUST0253,Mumbai,MER274,Entertainment,2026-09-22 02:46:00,Wallet,Android,19336.99,INR,397974.69,640,Yes,74,Yes,Pending,Medium,0
TXN000615,CUST0782,Bengaluru,MER224,Travel,2026-03-23 09:25:00,Debit Card,Android,28288.23,INR,146197.27,414,Yes,44,Yes,Pending,Low,0
TXN000616,CUST0642,Hyderabad,MER296,Entertainment,2026-01-01 14:40:00,Debit Card,Android,42971.47,INR,295439.83,494,No,55,No,Failed,High,0
TXN000617,CUST0455,Pune,MER203,Food,2026-07-15 23:40:00,Wallet,iPhone,70045.71,INR,73205.69,603,Yes,64,No,Success,High,1
TXN000618,CUST0071,Bengaluru,MER164,Shopping,2026-07-02 21:50:00,UPI,iPhone,21268.79,INR,498427.45,887,No,81,Yes,Failed,Medium,0
TXN000619,CUST0683,Mumbai,MER108,Entertainment,2026-12-07 05:11:00,Credit Card,Web,52816.45,INR,368127.06,483,No,94,No,Failed,High,0
TXN000620,CUST0045,Bengaluru,MER201,Shopping,2026-06-03 19:18:00,Wallet,iPhone,68429.98,INR,379099.38,700,Yes,68,No,Failed,High,1
TXN000621,CUST0200,Mumbai,MER166,Healthcare,2026-11-12 05:57:00,UPI,Web,69231.32,INR,152732.93,467,Yes,57,No,Failed,Low,0
TXN000622,CUST0401,Pune,MER186,Entertainment,2026-11-08 17:04:00,NetBanking,Android,15748.28,INR,339480.59,451,No,55,Yes,Success,Low,0
TXN000623,CUST0108,Pune,MER264,Entertainment,2026-05-04 05:44:00,NetBanking,iPhone,26681.68,INR,484893.76,713,Yes,5,Yes,Success,Medium,0
TXN000624,CUST0354,Hyderabad,MER046,Bills,2026-11-11 21:34:00,Wallet,iPhone,36657.17,INR,316534.42,755,No,2,Yes,Success,Low,0
TXN000625,CUST1044,Mumbai,MER012,Healthcare,2026-07-28 14:47:00,NetBanking,iPhone,9171.43,INR,137588.68,396,Yes,50,No,Pending,High,0
TXN000626,CUST0204,Delhi,MER033,Entertainment,2026-11-27 21:55:00,NetBanking,Android,32535.56,INR,203259.93,320,No,72,No,Success,High,0
TXN000627,CUST0255,Mumbai,MER061,Travel,2026-11-10 20:18:00,NetBanking,Web,62789.05,INR,90788.84,868,No,41,Yes,Success,Low,0
TXN000628,CUST0180,Bengaluru,MER132,Food,2026-01-31 19:20:00,UPI,Web,43139.58,INR,149990.38,857,Yes,55,Yes,Success,Medium,0
TXN000629,CUST0601,Bengaluru,MER228,Travel,2026-07-30 02:31:00,Wallet,Web,3481.55,INR,157155.09,660,Yes,89,Yes,Pending,Low,0
TXN000630,CUST0614,Mumbai,MER069,Healthcare,2026-07-21 00:04:00,Credit Card,Web,17797.78,INR,180173.52,431,No,10,No,Failed,Medium,0
TXN000631,CUST0935,Pune,MER131,Entertainment,2026-06-04 20:42:00,Credit Card,Web,48739.68,INR,102677.69,575,Yes,92,No,Pending,High,0
TXN000632,CUST0336,Hyderabad,MER079,Shopping,2026-10-14 19:45:00,Wallet,iPhone,48589.88,INR,13929.02,553,Yes,35,Yes,Pending,Low,0
TXN000633,CUST0183,Delhi,MER171,Shopping,2026-02-23 06:38:00,Credit Card,iPhone,51304.76,INR,5921.8,686,Yes,49,Yes,Success,Low,0
TXN000634,CUST1003,Pune,MER271,Shopping,2026-09-13 00:40:00,NetBanking,iPhone,39495.15,INR,276219.57,401,Yes,22,No,Failed,Low,0
TXN000635,CUST1089,Bengaluru,MER207,Bills,2026-08-04 15:41:00,Credit Card,iPhone,25901.06,INR,5739.24,825,Yes,85,Yes,Success,Medium,0
TXN000636,CUST0759,Mumbai,MER215,Entertainment,2026-06-16 16:12:00,Credit Card,iPhone,42575.71,INR,493136.89,779,No,36,No,Pending,High,0
TXN000637,CUST0179,Delhi,MER209,Shopping,2026-11-04 17:52:00,UPI,Web,66106.45,INR,40657.96,545,Yes,22,Yes,Success,High,0
TXN000638,CUST0022,Hyderabad,MER261,Entertainment,2026-02-19 16:07:00,Wallet,iPhone,21453.1,INR,257990.73,845,Yes,52,Yes,Pending,Low,0
TXN000639,CUST1095,Delhi,MER126,Entertainment,2026-08-29 17:25:00,NetBanking,Web,68318.26,INR,304987.61,759,Yes,87,Yes,Success,Low,0
TXN000640,CUST0724,Pune,MER217,Bills,2026-05-19 00:34:00,Credit Card,iPhone,27541.48,INR,484894.47,646,Yes,70,Yes,Failed,Medium,0
TXN000641,CUST0005,Bengaluru,MER202,Travel,2026-12-03 01:47:00,Debit Card,Web,36244.69,INR,258248.98,336,No,80,No,Success,Medium,0
TXN000642,CUST0612,Delhi,MER055,Food,2026-05-08 07:54:00,Credit Card,iPhone,461.71,INR,177911.63,403,No,63,Yes,Success,High,0
TXN000643,CUST0254,Hyderabad,MER004,Travel,2026-10-08 03:32:00,Debit Card,Android,38583.61,INR,235878.64,683,No,47,No,Success,High,0
TXN000644,CUST0899,Hyderabad,MER083,Travel,2026-05-09 19:00:00,Wallet,Android,60869.56,INR,180259.14,503,Yes,25,No,Success,Low,1
TXN000645,CUST0065,Mumbai,MER102,Bills,2026-08-31 04:58:00,Debit Card,Android,29603.06,INR,211126.57,863,No,88,Yes,Failed,Medium,0
TXN000646,CUST0797,Mumbai,MER057,Food,2026-10-16 14:49:00,UPI,Android,37649.36,INR,78615.45,812,Yes,99,Yes,Success,High,0
TXN000647,CUST0017,Hyderabad,MER246,Shopping,2026-04-13 18:06:00,Wallet,Android,62241.09,INR,380689.05,553,Yes,94,Yes,Success,Medium,0
TXN000648,CUST0507,Hyderabad,MER102,Bills,2026-09-15 05:08:00,UPI,Web,57509.24,INR,365497.9,485,Yes,76,Yes,Success,Low,0
TXN000649,CUST0394,Mumbai,MER219,Food,2026-08-13 10:46:00,Credit Card,Android,9939.54,INR,432310.71,689,No,68,No,Pending,High,0
TXN000650,CUST0873,Hyderabad,MER032,Healthcare,2026-06-05 11:49:00,UPI,iPhone,73509.72,INR,55917.42,672,No,45,No,Success,Medium,1
TXN000651,CUST0002,Pune,MER165,Travel,2026-04-14 21:08:00,Wallet,iPhone,67135.07,INR,454332.51,403,No,24,No,Failed,Medium,1
TXN000652,CUST0028,Bengaluru,MER067,Shopping,2026-05-12 06:41:00,Debit Card,Web,25084.48,INR,389625.35,841,No,31,No,Success,High,0
TXN000653,CUST0268,Bengaluru,MER062,Food,2026-08-02 13:27:00,Credit Card,Android,28816.02,INR,352625.37,401,Yes,70,No,Failed,High,0
TXN000654,CUST1093,Mumbai,MER023,Travel,2026-03-11 19:09:00,Wallet,Web,35575.41,INR,356089.96,873,No,47,No,Pending,High,0
TXN000655,CUST0989,Hyderabad,MER269,Healthcare,2026-10-15 22:51:00,UPI,Android,8824.82,INR,299977.68,432,No,6,Yes,Pending,Low,0
TXN000656,CUST1052,Pune,MER085,Bills,2026-10-01 07:57:00,NetBanking,iPhone,55558.83,INR,281686.8,699,No,78,No,Success,Low,0
TXN000657,CUST0019,Bengaluru,MER234,Healthcare,2026-09-15 16:26:00,NetBanking,iPhone,289.97,INR,152401.68,525,No,91,No,Pending,Low,0
TXN000658,CUST0488,Delhi,MER021,Entertainment,2026-02-23 22:27:00,Debit Card,Android,12849.76,INR,135946.99,352,Yes,27,Yes,Success,High,0
TXN000659,CUST0756,Delhi,MER043,Entertainment,2026-11-18 20:23:00,NetBanking,iPhone,26072.69,INR,361317.72,718,No,42,Yes,Pending,Low,0
TXN000660,CUST0573,Mumbai,MER132,Food,2026-07-15 15:46:00,NetBanking,Android,61798.41,INR,361578.49,691,No,81,Yes,Failed,Low,1
TXN000661,CUST0810,Mumbai,MER229,Travel,2026-09-23 17:11:00,Wallet,iPhone,24333.24,INR,75018.76,790,Yes,64,Yes,Failed,Low,0
TXN000662,CUST1167,Hyderabad,MER093,Entertainment,2026-04-13 16:32:00,UPI,iPhone,61173.54,INR,82296.41,481,No,88,Yes,Success,Low,1
TXN000663,CUST0825,Pune,MER270,Travel,2026-09-22 14:33:00,UPI,Web,5422.21,INR,50765.24,693,Yes,15,Yes,Pending,Low,0
TXN000664,CUST0549,Mumbai,MER007,Food,2026-10-16 05:38:00,UPI,Web,9930.78,INR,368329.62,646,Yes,26,Yes,Failed,High,0
TXN000665,CUST0981,Mumbai,MER125,Food,2026-07-17 21:24:00,Debit Card,Web,66931.42,INR,272262.84,321,Yes,14,No,Success,High,0
TXN000666,CUST0460,Pune,MER117,Bills,2026-05-21 07:31:00,Credit Card,iPhone,66486.54,INR,328026.93,531,No,88,Yes,Failed,Low,1
TXN000667,CUST0578,Delhi,MER040,Healthcare,2026-05-02 12:07:00,UPI,iPhone,74307.79,INR,461736.48,386,Yes,78,Yes,Success,Medium,1
TXN000668,CUST0871,Mumbai,MER155,Healthcare,2026-10-25 15:58:00,Debit Card,iPhone,39795.44,INR,437825.68,577,No,85,No,Failed,High,0
TXN000669,CUST0305,Mumbai,MER164,Travel,2026-05-23 05:06:00,Wallet,Web,59905.29,INR,398628.52,789,Yes,15,No,Pending,Medium,0
TXN000670,CUST0262,Mumbai,MER198,Shopping,2026-04-27 06:13:00,Wallet,iPhone,10867.19,INR,241162.99,723,No,18,Yes,Failed,Medium,0
TXN000671,CUST1009,Bengaluru,MER275,Travel,2026-05-21 00:55:00,UPI,Web,41209.46,INR,357745.61,839,Yes,90,Yes,Success,Medium,0
TXN000672,CUST0036,Delhi,MER286,Bills,2026-02-18 15:21:00,UPI,Android,234.9,INR,455769.6,669,Yes,38,No,Success,High,0
TXN000673,CUST0460,Pune,MER071,Food,2026-09-11 07:49:00,Credit Card,iPhone,72887.03,INR,366807.68,734,No,7,Yes,Pending,High,0
TXN000674,CUST0324,Pune,MER076,Shopping,2026-02-21 10:30:00,UPI,Android,5551.3,INR,39455.58,882,No,20,Yes,Failed,High,0
TXN000675,CUST0614,Hyderabad,MER211,Entertainment,2026-05-03 19:41:00,Wallet,Web,10525.63,INR,347928.27,593,Yes,20,Yes,Pending,Low,0
TXN000676,CUST0329,Pune,MER203,Bills,2026-09-05 13:05:00,Wallet,Web,45320.94,INR,355991.98,564,No,91,Yes,Failed,Low,0
TXN000677,CUST0774,Mumbai,MER109,Bills,2026-08-14 09:17:00,UPI,Android,20401.63,INR,196753.19,872,Yes,89,No,Failed,Medium,0
TXN000678,CUST0780,Mumbai,MER028,Shopping,2026-08-24 10:29:00,Wallet,Android,48959.44,INR,135689.86,406,Yes,47,No,Success,Low,0
TXN000679,CUST0134,Mumbai,MER006,Shopping,2026-03-10 08:31:00,NetBanking,Android,21179.88,INR,319556.09,333,Yes,35,Yes,Pending,High,0
TXN000680,CUST0991,Pune,MER025,Shopping,2026-02-03 22:29:00,Debit Card,Android,3384.69,INR,490290.27,589,No,65,Yes,Failed,Medium,0
TXN000681,CUST0200,Delhi,MER209,Entertainment,2026-07-03 08:20:00,UPI,Web,54432.1,INR,403939.67,453,Yes,76,No,Failed,High,0
TXN000682,CUST0331,Mumbai,MER238,Food,2026-11-19 07:01:00,UPI,Web,65163.55,INR,116553.47,520,Yes,99,Yes,Pending,High,1
TXN000683,CUST0700,Hyderabad,MER068,Shopping,2026-04-16 21:24:00,Debit Card,Web,74421.07,INR,428120.32,741,Yes,92,No,Success,Low,0
TXN000684,CUST1162,Hyderabad,MER050,Food,2026-02-21 22:15:00,Debit Card,Web,74775.77,INR,433899.3,389,No,13,No,Failed,Low,0
TXN000685,CUST0574,Bengaluru,MER187,Shopping,2026-02-02 11:41:00,UPI,Android,70055.52,INR,355616.86,771,No,61,No,Failed,High,1
TXN000686,CUST1000,Pune,MER187,Shopping,2026-05-26 23:27:00,Wallet,Web,69313.57,INR,458652.92,432,No,47,No,Failed,Low,0
TXN000687,CUST0088,Bengaluru,MER030,Entertainment,2026-10-15 20:17:00,Credit Card,Web,51171.42,INR,410796.28,308,Yes,14,No,Failed,Low,0
TXN000688,CUST0457,Hyderabad,MER237,Entertainment,2026-02-04 01:02:00,Debit Card,iPhone,42768.63,INR,234775.86,847,No,14,Yes,Success,High,0
TXN000689,CUST0813,Hyderabad,MER103,Bills,2026-04-30 16:24:00,UPI,iPhone,8143.96,INR,171869.35,797,Yes,90,No,Success,Medium,0
TXN000690,CUST0963,Mumbai,MER110,Shopping,2026-07-26 21:03:00,UPI,Web,34104.31,INR,387328.56,363,No,56,No,Success,Low,0
TXN000691,CUST0867,Delhi,MER130,Entertainment,2026-03-06 02:50:00,UPI,Android,15877.74,INR,35560.27,714,Yes,39,No,Failed,High,0
TXN000692,CUST0377,Pune,MER048,Bills,2026-05-05 12:36:00,Debit Card,Android,16073.59,INR,100104.05,729,No,61,Yes,Pending,Medium,0
TXN000693,CUST0797,Pune,MER288,Healthcare,2026-03-14 07:02:00,UPI,Web,26614.83,INR,334313.28,448,No,86,No,Success,Low,0
TXN000694,CUST0649,Pune,MER209,Shopping,2026-07-09 13:52:00,UPI,iPhone,67239.65,INR,471718.55,428,No,82,Yes,Success,Low,0
TXN000695,CUST1119,Mumbai,MER194,Travel,2026-05-07 17:37:00,Credit Card,Android,55933.15,INR,485900.51,890,Yes,48,No,Success,Medium,1
TXN000696,CUST1023,Hyderabad,MER212,Bills,2026-05-09 01:27:00,Debit Card,Web,67251.19,INR,213498.75,643,Yes,23,No,Failed,Medium,0
TXN000697,CUST1112,Hyderabad,MER196,Shopping,2026-11-04 16:31:00,Wallet,Web,13283.6,INR,142340.93,401,Yes,14,Yes,Pending,Low,0
TXN000698,CUST1017,Bengaluru,MER279,Food,2026-08-19 15:49:00,Wallet,Web,46227.2,INR,291035.56,333,No,54,Yes,Success,Medium,0
TXN000699,CUST0962,Pune,MER180,Bills,2026-05-31 08:16:00,Wallet,Android,41378.06,INR,469868.79,529,No,35,No,Failed,Medium,0
TXN000700,CUST0850,Pune,MER008,Food,2026-02-25 20:12:00,Debit Card,Web,50504.09,INR,410197.16,625,No,22,No,Success,High,1
TXN000701,CUST0806,Pune,MER296,Bills,2026-02-16 22:05:00,Wallet,Web,73012.3,INR,87684.92,625,Yes,56,Yes,Success,High,1
TXN000702,CUST0803,Delhi,MER284,Travel,2026-12-12 09:52:00,Debit Card,Android,60091.87,INR,47533.96,326,No,2,Yes,Success,High,0
TXN000703,CUST0784,Pune,MER067,Bills,2026-08-20 00:01:00,Debit Card,Android,53074.04,INR,120621.22,527,No,25,Yes,Pending,Medium,0
TXN000704,CUST0295,Pune,MER297,Food,2026-02-10 09:20:00,Wallet,Web,57783.96,INR,62219.48,445,No,34,Yes,Success,Low,0
TXN000705,CUST0426,Hyderabad,MER052,Bills,2026-10-17 14:40:00,UPI,iPhone,37078.49,INR,37714.41,378,Yes,88,No,Failed,Medium,0
TXN000706,CUST0330,Mumbai,MER153,Food,2026-11-26 00:06:00,Credit Card,Web,47523.71,INR,284079.63,332,Yes,44,No,Failed,High,0
TXN000707,CUST1069,Delhi,MER063,Travel,2026-08-09 16:16:00,UPI,Web,45007.47,INR,12496.05,824,Yes,28,No,Success,Low,1
TXN000708,CUST0171,Mumbai,MER138,Shopping,2026-06-25 08:03:00,Credit Card,Android,2231.73,INR,174928.14,864,No,60,No,Failed,High,0
TXN000709,CUST0406,Delhi,MER202,Food,2026-08-01 11:59:00,NetBanking,iPhone,70977.0,INR,83660.9,510,No,56,No,Failed,High,0
TXN000710,CUST0785,Hyderabad,MER103,Healthcare,2026-05-09 11:49:00,Debit Card,Web,56036.0,INR,409851.5,760,Yes,5,No,Pending,Medium,0
TXN000711,CUST1087,Delhi,MER204,Food,2026-02-11 17:49:00,Credit Card,iPhone,22024.65,INR,215264.01,490,No,32,Yes,Success,High,0
TXN000712,CUST0644,Pune,MER005,Shopping,2026-09-08 14:23:00,UPI,Web,27887.09,INR,165105.83,776,No,30,Yes,Failed,Medium,0
TXN000713,CUST0211,Bengaluru,MER143,Entertainment,2026-08-10 07:56:00,UPI,Web,45143.11,INR,446439.35,731,No,41,No,Success,Low,0
TXN000714,CUST0096,Delhi,MER216,Food,2026-02-15 04:20:00,Wallet,Android,3743.49,INR,301113.91,692,Yes,74,Yes,Failed,Low,0
TXN000715,CUST0010,Hyderabad,MER146,Travel,2026-11-03 10:23:00,Wallet,Android,48282.12,INR,448018.93,840,Yes,44,Yes,Success,Medium,0
TXN000716,CUST0617,Delhi,MER163,Shopping,2026-05-26 18:15:00,UPI,Web,7152.08,INR,387532.1,805,Yes,51,No,Pending,Medium,0
TXN000717,CUST0249,Delhi,MER053,Food,2026-03-23 13:28:00,UPI,Android,37010.38,INR,70228.48,630,No,29,Yes,Success,Low,0
TXN000718,CUST1101,Pune,MER027,Shopping,2026-11-18 14:33:00,UPI,Android,54313.61,INR,24953.69,611,Yes,34,No,Pending,High,0
TXN000719,CUST0283,Bengaluru,MER236,Food,2026-02-15 23:31:00,Debit Card,Android,59376.25,INR,376764.38,723,No,86,Yes,Pending,High,0
TXN000720,CUST1004,Delhi,MER165,Entertainment,2026-06-25 17:57:00,Credit Card,Android,18054.45,INR,132642.2,603,Yes,46,Yes,Pending,High,0
TXN000721,CUST0160,Pune,MER254,Food,2026-03-19 08:38:00,UPI,Web,55150.42,INR,108851.6,694,Yes,63,Yes,Failed,Low,1
TXN000722,CUST0642,Delhi,MER233,Entertainment,2026-02-26 01:39:00,NetBanking,Android,61053.38,INR,457148.51,524,No,50,No,Pending,High,0
TXN000723,CUST0141,Delhi,MER217,Travel,2026-09-07 20:41:00,Debit Card,Web,15242.49,INR,324543.1,450,No,14,Yes,Success,Low,0
TXN000724,CUST0059,Hyderabad,MER272,Bills,2026-05-09 03:26:00,Debit Card,Android,67059.47,INR,463536.93,386,No,56,Yes,Success,Medium,1
TXN000725,CUST0109,Hyderabad,MER140,Shopping,2026-02-05 14:42:00,UPI,Web,37674.24,INR,191878.74,732,Yes,38,Yes,Failed,Low,0
TXN000726,CUST1011,Bengaluru,MER222,Food,2026-09-06 00:04:00,UPI,Web,44561.81,INR,125223.18,413,Yes,15,Yes,Success,High,0
TXN000727,CUST0207,Delhi,MER116,Healthcare,2026-09-12 16:25:00,Wallet,iPhone,19978.04,INR,197049.83,525,No,64,Yes,Success,Low,0
TXN000728,CUST0590,Pune,MER049,Travel,2026-07-03 05:22:00,NetBanking,iPhone,26085.53,INR,369806.28,544,Yes,41,Yes,Success,Low,0
TXN000729,CUST0027,Hyderabad,MER220,Shopping,2026-01-08 13:59:00,Credit Card,iPhone,24925.01,INR,440747.51,474,Yes,77,No,Failed,High,0
TXN000730,CUST0968,Pune,MER024,Food,2026-07-26 12:51:00,Debit Card,Android,95.47,INR,263109.32,471,Yes,100,Yes,Success,Medium,0
TXN000731,CUST1005,Delhi,MER280,Shopping,2026-08-30 12:57:00,Wallet,iPhone,60295.87,INR,182780.38,313,No,39,No,Pending,High,1
TXN000732,CUST0231,Delhi,MER266,Entertainment,2026-08-21 22:39:00,UPI,Android,64274.57,INR,489340.08,525,Yes,46,No,Success,Low,0
TXN000733,CUST0883,Delhi,MER106,Entertainment,2026-02-02 12:05:00,Credit Card,iPhone,43327.26,INR,319728.14,580,No,68,Yes,Failed,High,0
TXN000734,CUST0855,Delhi,MER159,Travel,2026-01-15 23:08:00,NetBanking,Web,26176.4,INR,351215.98,425,No,59,No,Failed,Low,0
TXN000735,CUST0956,Mumbai,MER268,Shopping,2026-08-16 02:48:00,NetBanking,Web,72710.85,INR,82140.8,798,No,9,No,Success,Medium,0
TXN000736,CUST0253,Pune,MER251,Shopping,2026-01-02 20:28:00,Wallet,iPhone,3090.66,INR,330466.4,300,Yes,33,Yes,Failed,Medium,0
TXN000737,CUST1149,Mumbai,MER045,Entertainment,2026-04-09 13:08:00,Credit Card,Web,58899.04,INR,99166.98,899,Yes,38,Yes,Success,Medium,0
TXN000738,CUST0792,Hyderabad,MER205,Food,2026-11-22 03:26:00,Debit Card,iPhone,69971.45,INR,298922.36,477,No,87,No,Pending,Low,1
TXN000739,CUST0278,Hyderabad,MER284,Travel,2026-04-20 14:43:00,Debit Card,Android,51255.42,INR,149369.74,772,Yes,49,No,Success,Low,1
TXN000740,CUST1032,Delhi,MER240,Shopping,2026-06-05 17:01:00,Wallet,iPhone,39502.32,INR,480762.01,772,Yes,72,Yes,Failed,Low,0
TXN000741,CUST0497,Bengaluru,MER263,Shopping,2026-02-16 08:08:00,NetBanking,Web,56694.12,INR,450056.29,600,Yes,97,No,Success,Medium,0
TXN000742,CUST1061,Hyderabad,MER028,Food,2026-01-20 21:54:00,Debit Card,Web,50262.54,INR,54417.41,399,No,73,No,Pending,Medium,0
TXN000743,CUST1198,Bengaluru,MER028,Entertainment,2026-03-16 15:52:00,NetBanking,Android,64826.27,INR,281462.58,807,Yes,29,Yes,Failed,High,1
TXN000744,CUST0014,Hyderabad,MER103,Food,2026-01-25 10:41:00,UPI,Android,23330.59,INR,302291.54,423,Yes,32,Yes,Success,Medium,0
TXN000745,CUST0801,Pune,MER063,Shopping,2026-05-28 07:04:00,Wallet,Android,1868.74,INR,410315.21,859,No,79,No,Pending,High,0
TXN000746,CUST0045,Mumbai,MER073,Entertainment,2026-08-28 09:01:00,Credit Card,Android,9257.28,INR,256245.98,859,Yes,61,No,Failed,Medium,0
TXN000747,CUST0564,Hyderabad,MER198,Entertainment,2026-10-19 05:14:00,UPI,iPhone,50071.81,INR,209031.34,735,Yes,4,No,Failed,Low,0
TXN000748,CUST0621,Pune,MER228,Food,2026-11-27 15:10:00,Debit Card,Android,42324.4,INR,234485.65,769,No,2,Yes,Failed,High,1
TXN000749,CUST1076,Hyderabad,MER263,Food,2026-03-05 12:46:00,Credit Card,iPhone,64190.85,INR,328310.76,876,No,59,Yes,Failed,High,0
TXN000750,CUST0991,Hyderabad,MER242,Healthcare,2026-08-28 22:11:00,Credit Card,Web,22733.68,INR,354541.59,819,No,17,No,Pending,High,0
TXN000751,CUST0827,Pune,MER024,Food,2026-11-07 05:09:00,Credit Card,Android,26120.18,INR,49173.68,408,No,87,No,Failed,Low,0
TXN000752,CUST0485,Pune,MER090,Entertainment,2026-11-21 22:32:00,Wallet,iPhone,73600.0,INR,461265.52,363,No,15,Yes,Pending,Low,0
TXN000753,CUST0061,Mumbai,MER165,Food,2026-09-12 09:33:00,Wallet,iPhone,33125.8,INR,67475.1,887,Yes,26,No,Failed,Medium,0
TXN000754,CUST0332,Hyderabad,MER271,Travel,2026-02-01 07:38:00,NetBanking,Android,50920.1,INR,314928.72,398,Yes,5,Yes,Success,Medium,1
TXN000755,CUST0698,Mumbai,MER271,Bills,2026-03-11 05:26:00,Credit Card,Web,58083.44,INR,413960.29,812,No,46,Yes,Success,Medium,0
TXN000756,CUST0146,Bengaluru,MER041,Travel,2026-10-12 20:36:00,NetBanking,iPhone,32074.83,INR,51355.59,810,Yes,7,No,Success,Low,0
TXN000757,CUST0515,Hyderabad,MER184,Food,2026-11-14 15:31:00,Credit Card,iPhone,61603.16,INR,38313.78,889,Yes,67,No,Failed,High,1
TXN000758,CUST0228,Bengaluru,MER242,Shopping,2026-08-26 20:01:00,UPI,Android,4267.48,INR,169684.58,567,Yes,43,Yes,Success,Low,0
TXN000759,CUST0128,Mumbai,MER253,Food,2026-10-21 07:58:00,NetBanking,Web,41040.61,INR,351842.32,336,No,10,No,Pending,High,0
TXN000760,CUST1130,Hyderabad,MER067,Shopping,2026-09-21 08:33:00,UPI,Android,45940.2,INR,18764.44,819,Yes,84,No,Failed,Medium,0
TXN000761,CUST0467,Pune,MER029,Food,2026-10-09 15:56:00,Credit Card,Web,22770.31,INR,304461.31,688,Yes,71,No,Success,Medium,0
TXN000762,CUST0875,Bengaluru,MER071,Food,2026-06-09 10:53:00,UPI,Web,57430.8,INR,491284.74,676,No,25,No,Failed,Low,0
TXN000763,CUST0021,Mumbai,MER212,Entertainment,2026-10-02 00:02:00,NetBanking,Web,17878.0,INR,23844.08,315,Yes,8,Yes,Success,Low,0
TXN000764,CUST0644,Delhi,MER126,Shopping,2026-02-17 05:28:00,NetBanking,iPhone,32902.92,INR,239871.98,425,Yes,10,No,Pending,Low,0
TXN000765,CUST0732,Mumbai,MER228,Entertainment,2026-04-21 05:11:00,Debit Card,Web,37129.8,INR,147049.02,550,No,41,Yes,Success,Medium,0
TXN000766,CUST0573,Pune,MER105,Travel,2026-11-03 08:29:00,NetBanking,Android,67533.89,INR,153164.66,866,Yes,16,No,Pending,Low,0
TXN000767,CUST0902,Hyderabad,MER059,Food,2026-07-01 15:31:00,UPI,iPhone,2709.36,INR,139705.7,693,No,11,Yes,Failed,High,0
TXN000768,CUST0784,Hyderabad,MER228,Food,2026-03-23 17:15:00,Credit Card,iPhone,28807.54,INR,93028.97,741,Yes,85,No,Success,High,1
TXN000769,CUST0689,Delhi,MER111,Food,2026-05-05 03:13:00,NetBanking,iPhone,57229.46,INR,433005.4,358,Yes,71,No,Pending,High,0
TXN000770,CUST1096,Hyderabad,MER218,Healthcare,2026-09-19 20:38:00,NetBanking,Web,21570.64,INR,130790.25,690,No,96,Yes,Success,Low,0
TXN000771,CUST0562,Pune,MER128,Healthcare,2026-04-18 16:57:00,Debit Card,Web,21066.9,INR,197906.0,580,No,35,No,Pending,High,0
TXN000772,CUST0658,Delhi,MER092,Bills,2026-06-18 11:20:00,UPI,iPhone,945.19,INR,5426.48,337,No,62,Yes,Failed,Low,0
TXN000773,CUST1130,Delhi,MER033,Bills,2026-03-07 11:09:00,Debit Card,iPhone,43476.18,INR,130510.86,806,Yes,30,Yes,Success,High,0
TXN000774,CUST0079,Mumbai,MER260,Bills,2026-07-31 03:09:00,Debit Card,Android,49205.24,INR,277150.46,533,Yes,92,No,Failed,Low,0
TXN000775,CUST0092,Bengaluru,MER121,Shopping,2026-02-09 17:53:00,UPI,Web,50885.52,INR,222462.53,823,Yes,31,Yes,Failed,High,0
TXN000776,CUST0852,Pune,MER219,Shopping,2026-02-22 02:14:00,UPI,iPhone,27864.52,INR,303876.4,668,No,53,No,Failed,Medium,0
TXN000777,CUST0092,Delhi,MER077,Healthcare,2026-01-10 07:07:00,UPI,Web,46651.29,INR,106528.34,620,No,28,No,Pending,Low,0
TXN000778,CUST0161,Pune,MER115,Healthcare,2026-07-03 07:36:00,NetBanking,Web,49286.31,INR,274568.28,728,Yes,68,Yes,Pending,Medium,0
TXN000779,CUST0650,Delhi,MER100,Healthcare,2026-04-17 16:50:00,Credit Card,iPhone,49446.65,INR,122293.6,670,Yes,59,No,Pending,Low,0
TXN000780,CUST0840,Delhi,MER041,Shopping,2026-07-24 01:20:00,NetBanking,Android,51986.62,INR,457403.12,795,Yes,58,No,Success,High,0
TXN000781,CUST0502,Hyderabad,MER300,Entertainment,2026-02-20 07:05:00,NetBanking,iPhone,62090.03,INR,398132.12,649,No,16,Yes,Failed,Medium,0
TXN000782,CUST1013,Mumbai,MER093,Bills,2026-01-06 15:32:00,Credit Card,Android,37886.84,INR,209894.18,867,No,96,Yes,Success,Low,0
TXN000783,CUST0342,Pune,MER068,Healthcare,2026-11-12 14:54:00,NetBanking,iPhone,62542.71,INR,452225.94,662,Yes,52,Yes,Pending,Medium,1
TXN000784,CUST0690,Bengaluru,MER056,Entertainment,2026-01-17 11:17:00,UPI,Web,8944.84,INR,460441.13,759,No,81,No,Pending,Medium,0
TXN000785,CUST0276,Mumbai,MER261,Food,2026-02-25 10:26:00,UPI,Web,21711.05,INR,296931.09,764,No,42,No,Success,High,0
TXN000786,CUST0199,Mumbai,MER153,Bills,2026-05-05 04:43:00,UPI,Web,54195.54,INR,259321.14,837,No,37,No,Failed,Medium,1
TXN000787,CUST0432,Hyderabad,MER266,Shopping,2026-07-29 09:37:00,NetBanking,iPhone,56802.37,INR,50633.8,591,Yes,16,No,Failed,Medium,0
TXN000788,CUST0591,Delhi,MER055,Travel,2026-08-31 15:23:00,Debit Card,Android,32929.98,INR,48892.03,865,Yes,4,Yes,Pending,High,0
TXN000789,CUST0053,Delhi,MER105,Shopping,2026-12-09 21:37:00,NetBanking,iPhone,59928.42,INR,366312.62,833,Yes,59,No,Success,High,1
TXN000790,CUST0886,Hyderabad,MER135,Food,2026-11-11 18:08:00,Credit Card,iPhone,52980.04,INR,366085.24,419,No,11,Yes,Pending,Low,0
TXN000791,CUST0566,Hyderabad,MER263,Entertainment,2026-10-10 21:55:00,UPI,Web,24547.14,INR,344280.85,339,No,13,No,Success,High,0
TXN000792,CUST0073,Pune,MER126,Travel,2026-08-02 11:32:00,Wallet,Android,49591.56,INR,337000.47,571,No,20,No,Success,High,0
TXN000793,CUST0182,Bengaluru,MER110,Food,2026-06-08 03:08:00,UPI,iPhone,37264.55,INR,279310.84,513,Yes,5,No,Pending,Medium,0
TXN000794,CUST0481,Delhi,MER248,Healthcare,2026-08-28 04:26:00,Credit Card,iPhone,46011.1,INR,420505.23,599,No,63,No,Pending,Medium,0
TXN000795,CUST0449,Pune,MER148,Bills,2026-06-12 19:27:00,Debit Card,Android,40765.13,INR,331546.68,418,Yes,60,No,Pending,Low,0
TXN000796,CUST0263,Hyderabad,MER251,Healthcare,2026-05-31 00:08:00,Credit Card,Android,26081.44,INR,146174.19,819,Yes,53,Yes,Pending,Medium,0
TXN000797,CUST0802,Hyderabad,MER218,Bills,2026-04-05 22:01:00,UPI,iPhone,19635.16,INR,243267.19,524,No,82,Yes,Failed,Medium,0
TXN000798,CUST0342,Bengaluru,MER106,Entertainment,2026-02-10 03:57:00,NetBanking,Web,30747.67,INR,165512.4,852,Yes,93,Yes,Failed,Low,0
TXN000799,CUST0723,Bengaluru,MER033,Entertainment,2026-01-18 22:02:00,NetBanking,Android,58536.91,INR,181686.78,503,Yes,69,No,Pending,Low,1
TXN000800,CUST0766,Delhi,MER212,Travel,2026-07-21 07:45:00,Credit Card,Android,21778.26,INR,19001.41,320,Yes,65,No,Failed,Low,0
TXN000801,CUST0472,Mumbai,MER018,Shopping,2026-10-01 00:51:00,UPI,iPhone,11787.77,INR,327982.7,434,No,11,Yes,Success,High,0
TXN000802,CUST0031,Bengaluru,MER078,Food,2026-09-25 22:09:00,NetBanking,iPhone,54164.02,INR,97947.76,619,No,55,Yes,Failed,Medium,0
TXN000803,CUST1181,Hyderabad,MER193,Shopping,2026-06-06 09:19:00,UPI,Android,34428.74,INR,483476.28,874,No,62,No,Pending,High,0
TXN000804,CUST1018,Hyderabad,MER191,Healthcare,2026-09-18 04:05:00,UPI,iPhone,38004.38,INR,112806.37,325,No,99,Yes,Failed,Medium,0
TXN000805,CUST0637,Delhi,MER074,Entertainment,2026-01-31 10:48:00,UPI,Web,35770.94,INR,85458.6,801,Yes,11,Yes,Failed,High,0
TXN000806,CUST0477,Pune,MER253,Shopping,2026-05-30 22:52:00,Debit Card,Web,62858.52,INR,169596.37,454,Yes,42,No,Success,Medium,0
TXN000807,CUST1118,Hyderabad,MER161,Entertainment,2026-03-27 19:55:00,Debit Card,iPhone,51785.99,INR,354725.22,826,Yes,14,No,Pending,Low,0
TXN000808,CUST0332,Bengaluru,MER063,Travel,2026-03-13 20:37:00,Wallet,Android,28188.94,INR,20491.91,734,No,22,No,Success,High,0
TXN000809,CUST0241,Hyderabad,MER151,Entertainment,2026-12-02 16:17:00,Debit Card,Web,65568.64,INR,161870.69,680,Yes,19,No,Pending,High,1
TXN000810,CUST0761,Bengaluru,MER129,Bills,2026-06-18 12:42:00,Credit Card,iPhone,15350.55,INR,463612.72,438,Yes,68,No,Success,Medium,0
TXN000811,CUST0138,Pune,MER160,Entertainment,2026-03-10 07:55:00,Credit Card,Web,31234.39,INR,47830.07,769,No,13,Yes,Pending,Medium,0
TXN000812,CUST1146,Mumbai,MER177,Entertainment,2026-01-06 03:27:00,Credit Card,iPhone,44592.2,INR,142809.6,736,No,48,No,Failed,High,0
TXN000813,CUST0159,Bengaluru,MER079,Food,2026-09-24 00:35:00,Credit Card,iPhone,40585.45,INR,89984.3,877,Yes,17,No,Failed,High,0
TXN000814,CUST0970,Mumbai,MER087,Food,2026-10-13 05:08:00,Credit Card,Android,57902.96,INR,46577.8,450,Yes,22,No,Success,Medium,0
TXN000815,CUST0281,Bengaluru,MER226,Bills,2026-08-31 01:28:00,Wallet,iPhone,5852.5,INR,151976.6,420,Yes,72,No,Failed,Medium,0
TXN000816,CUST0650,Bengaluru,MER041,Healthcare,2026-11-03 15:10:00,Credit Card,Android,52974.22,INR,472799.48,584,Yes,56,No,Failed,High,0
TXN000817,CUST0892,Delhi,MER092,Food,2026-11-12 08:25:00,Debit Card,iPhone,59176.6,INR,385601.65,654,No,28,Yes,Failed,Medium,0
TXN000818,CUST0022,Mumbai,MER227,Shopping,2026-07-11 12:16:00,Credit Card,Android,13441.84,INR,293508.02,636,Yes,48,No,Pending,Low,0
TXN000819,CUST0564,Hyderabad,MER204,Food,2026-09-11 05:21:00,Debit Card,iPhone,45515.95,INR,313009.94,885,Yes,92,No,Pending,High,0
TXN000820,CUST1118,Pune,MER020,Shopping,2026-01-11 11:58:00,NetBanking,Web,34096.96,INR,77442.68,481,Yes,11,No,Success,Low,0
TXN000821,CUST0644,Pune,MER279,Shopping,2026-11-07 09:55:00,Credit Card,Web,33264.48,INR,307387.89,317,No,87,No,Pending,Low,0
TXN000822,CUST1058,Pune,MER207,Bills,2026-11-02 00:04:00,UPI,Android,67931.24,INR,97277.03,813,Yes,94,No,Success,Low,0
TXN000823,CUST0407,Bengaluru,MER210,Travel,2026-08-20 07:20:00,UPI,iPhone,33266.05,INR,137607.81,659,Yes,44,No,Pending,High,0
TXN000824,CUST0181,Pune,MER047,Travel,2026-09-23 14:54:00,UPI,Android,6475.42,INR,159433.14,320,Yes,2,Yes,Pending,Medium,0
TXN000825,CUST0506,Delhi,MER098,Entertainment,2026-10-03 04:33:00,Credit Card,iPhone,34536.98,INR,27614.32,593,Yes,36,Yes,Pending,Medium,0
TXN000826,CUST0559,Mumbai,MER091,Shopping,2026-04-05 10:16:00,Wallet,iPhone,31060.43,INR,47113.62,663,No,45,No,Pending,High,0
TXN000827,CUST1199,Hyderabad,MER080,Healthcare,2026-07-27 01:28:00,Credit Card,Web,62383.15,INR,217492.85,595,Yes,44,No,Success,High,1
TXN000828,CUST0958,Delhi,MER017,Food,2026-07-08 05:52:00,Credit Card,iPhone,58010.21,INR,70767.83,900,No,48,No,Pending,High,1
TXN000829,CUST0215,Delhi,MER005,Travel,2026-06-03 10:19:00,Wallet,iPhone,67597.59,INR,168999.25,402,Yes,46,No,Success,Medium,1
TXN000830,CUST0900,Bengaluru,MER234,Healthcare,2026-07-29 16:51:00,Wallet,Web,41017.42,INR,200267.41,549,No,93,No,Pending,Medium,0
TXN000831,CUST0083,Mumbai,MER260,Food,2026-06-03 06:37:00,Wallet,iPhone,36202.17,INR,477036.99,710,Yes,21,Yes,Failed,High,0
TXN000832,CUST1164,Mumbai,MER067,Entertainment,2026-05-02 07:05:00,UPI,Android,72393.37,INR,155327.5,444,No,59,No,Success,Medium,0
TXN000833,CUST0353,Delhi,MER158,Food,2026-03-09 05:00:00,Credit Card,Android,83.22,INR,218837.89,550,Yes,88,No,Success,Medium,0
TXN000834,CUST1127,Hyderabad,MER109,Bills,2026-09-01 08:53:00,Wallet,iPhone,11966.55,INR,353405.83,398,No,17,No,Success,Medium,0
TXN000835,CUST0870,Bengaluru,MER202,Healthcare,2026-01-27 02:08:00,Debit Card,iPhone,57999.07,INR,335268.46,900,Yes,29,Yes,Success,Medium,0
TXN000836,CUST0004,Bengaluru,MER204,Food,2026-08-24 01:08:00,Credit Card,Android,27183.79,INR,250474.89,345,Yes,39,No,Success,Medium,0
TXN000837,CUST0309,Delhi,MER160,Bills,2026-09-03 20:37:00,Wallet,Android,28817.31,INR,131248.73,731,Yes,21,No,Pending,High,0
TXN000838,CUST0208,Hyderabad,MER007,Travel,2026-04-27 03:41:00,Credit Card,Web,62570.75,INR,253978.24,765,Yes,63,No,Failed,Low,0
TXN000839,CUST0238,Bengaluru,MER231,Healthcare,2026-05-16 17:47:00,Wallet,Web,22735.53,INR,168196.69,847,No,15,Yes,Failed,High,0
TXN000840,CUST0015,Delhi,MER133,Travel,2026-07-07 11:13:00,NetBanking,Web,56975.62,INR,436230.39,745,Yes,60,No,Success,Low,0
TXN000841,CUST0757,Delhi,MER218,Shopping,2026-09-03 18:12:00,Debit Card,Android,65094.9,INR,271831.5,483,No,46,No,Success,Medium,0
TXN000842,CUST0229,Delhi,MER019,Healthcare,2026-09-26 22:41:00,Wallet,Android,24360.95,INR,88441.59,847,Yes,17,Yes,Pending,Medium,0
TXN000843,CUST0939,Bengaluru,MER125,Entertainment,2026-10-26 17:30:00,NetBanking,Web,32343.92,INR,229751.37,378,No,48,Yes,Success,High,0
TXN000844,CUST0783,Bengaluru,MER041,Shopping,2026-12-04 16:05:00,Debit Card,iPhone,73263.71,INR,200969.05,488,No,93,Yes,Failed,Low,0
TXN000845,CUST1053,Bengaluru,MER125,Entertainment,2026-10-18 21:22:00,UPI,iPhone,59527.49,INR,287094.67,520,No,36,Yes,Failed,High,0
TXN000846,CUST0584,Delhi,MER003,Bills,2026-03-17 09:59:00,UPI,iPhone,50364.54,INR,328949.18,581,No,60,No,Success,Low,0
TXN000847,CUST0453,Pune,MER148,Entertainment,2026-09-17 05:50:00,NetBanking,iPhone,16877.36,INR,294369.17,636,No,61,Yes,Failed,Medium,0
TXN000848,CUST0311,Hyderabad,MER256,Travel,2026-07-13 18:47:00,Credit Card,Web,23986.82,INR,195640.57,712,Yes,85,Yes,Pending,Medium,0
TXN000849,CUST0426,Bengaluru,MER190,Shopping,2026-04-17 05:59:00,Debit Card,iPhone,42108.2,INR,337576.18,330,Yes,80,Yes,Pending,Medium,0
TXN000850,CUST0048,Delhi,MER285,Entertainment,2026-06-28 16:17:00,Credit Card,iPhone,42375.63,INR,460666.96,434,No,78,Yes,Success,Medium,0
TXN000851,CUST1169,Delhi,MER092,Travel,2026-10-07 05:03:00,Wallet,Web,16388.54,INR,204849.58,522,No,77,No,Failed,Medium,0
TXN000852,CUST0651,Bengaluru,MER275,Healthcare,2026-05-23 18:51:00,Credit Card,iPhone,47278.07,INR,247921.77,775,No,58,Yes,Success,Medium,0
TXN000853,CUST0685,Hyderabad,MER089,Entertainment,2026-11-27 07:56:00,UPI,iPhone,21644.82,INR,290498.76,728,No,53,Yes,Pending,Low,0
TXN000854,CUST1031,Pune,MER293,Entertainment,2026-05-29 19:55:00,UPI,iPhone,46423.32,INR,305296.44,470,No,88,Yes,Failed,Low,0
TXN000855,CUST1131,Bengaluru,MER099,Travel,2026-06-16 16:02:00,Debit Card,Web,55727.54,INR,437450.45,479,No,92,Yes,Failed,Low,0
TXN000856,CUST0424,Bengaluru,MER237,Bills,2026-03-31 05:15:00,NetBanking,iPhone,21987.78,INR,494866.95,481,No,65,Yes,Pending,Medium,0
TXN000857,CUST0144,Pune,MER017,Entertainment,2026-09-04 10:36:00,Wallet,Web,65408.97,INR,497771.74,694,Yes,54,No,Pending,High,0
TXN000858,CUST1094,Pune,MER225,Bills,2026-10-29 09:01:00,UPI,iPhone,9091.23,INR,406019.53,340,No,52,No,Failed,Low,0
TXN000859,CUST1188,Pune,MER087,Shopping,2026-05-31 07:54:00,Debit Card,Android,7789.65,INR,456574.32,794,Yes,34,Yes,Failed,High,0
TXN000860,CUST0502,Delhi,MER176,Shopping,2026-09-08 22:16:00,Wallet,iPhone,52034.83,INR,393899.6,564,No,77,Yes,Success,Low,0
TXN000861,CUST0760,Bengaluru,MER186,Entertainment,2026-04-17 00:42:00,Debit Card,Web,39143.01,INR,79992.92,612,No,92,No,Pending,Medium,0
TXN000862,CUST0264,Mumbai,MER150,Bills,2026-04-04 16:22:00,Credit Card,Android,11600.01,INR,425608.66,897,No,19,Yes,Failed,Medium,0
TXN000863,CUST0832,Hyderabad,MER088,Shopping,2026-08-23 10:03:00,Credit Card,Web,54091.03,INR,426452.63,621,No,49,No,Pending,Low,0
TXN000864,CUST0778,Pune,MER034,Shopping,2026-03-23 20:33:00,Debit Card,Android,65311.25,INR,112930.68,584,Yes,84,Yes,Failed,Medium,0
TXN000865,CUST0025,Bengaluru,MER117,Entertainment,2026-03-15 17:44:00,Debit Card,Web,34459.94,INR,17387.42,401,No,65,Yes,Failed,High,0
TXN000866,CUST0163,Pune,MER229,Healthcare,2026-07-10 09:35:00,Credit Card,Android,72124.98,INR,128779.96,487,Yes,30,No,Success,Low,0
TXN000867,CUST0569,Pune,MER098,Entertainment,2026-10-30 10:42:00,UPI,Android,73453.72,INR,261756.29,362,Yes,30,Yes,Pending,High,1
TXN000868,CUST0105,Delhi,MER038,Travel,2026-06-24 03:26:00,UPI,iPhone,35806.63,INR,42609.72,502,Yes,70,Yes,Pending,Medium,0
TXN000869,CUST0881,Pune,MER227,Entertainment,2026-03-12 22:10:00,NetBanking,Web,22511.07,INR,307592.23,767,Yes,33,No,Pending,Medium,1
TXN000870,CUST1039,Hyderabad,MER264,Shopping,2026-12-13 09:46:00,Debit Card,iPhone,36955.53,INR,433763.22,554,No,36,No,Pending,Medium,0
TXN000871,CUST0374,Hyderabad,MER004,Shopping,2026-11-22 06:21:00,NetBanking,iPhone,8378.02,INR,248398.18,483,Yes,98,No,Pending,Medium,0
TXN000872,CUST0702,Bengaluru,MER094,Travel,2026-10-11 13:11:00,UPI,Android,7110.71,INR,107395.01,813,No,41,No,Success,High,0
TXN000873,CUST1170,Mumbai,MER166,Travel,2026-03-11 20:52:00,Wallet,Android,22518.61,INR,426326.28,460,No,67,No,Pending,High,0
TXN000874,CUST0539,Hyderabad,MER156,Shopping,2026-02-22 18:54:00,Debit Card,iPhone,59160.37,INR,363628.11,622,No,40,No,Pending,Medium,0
TXN000875,CUST0828,Pune,MER210,Shopping,2026-08-24 03:01:00,Credit Card,iPhone,57206.89,INR,383757.25,319,Yes,27,No,Failed,Medium,1
TXN000876,CUST0784,Delhi,MER286,Healthcare,2026-09-27 01:37:00,Credit Card,Android,1795.45,INR,309160.36,750,No,14,Yes,Success,Low,0
TXN000877,CUST0963,Pune,MER200,Entertainment,2026-11-27 21:58:00,Wallet,Android,24424.72,INR,140791.16,900,No,8,Yes,Success,High,0
TXN000878,CUST0898,Delhi,MER057,Bills,2026-02-18 21:23:00,UPI,iPhone,25715.04,INR,488612.2,723,Yes,20,No,Pending,Low,0
TXN000879,CUST0672,Bengaluru,MER280,Entertainment,2026-04-05 22:11:00,NetBanking,Web,42146.49,INR,408837.69,322,Yes,99,Yes,Pending,High,0
TXN000880,CUST0914,Mumbai,MER095,Shopping,2026-06-20 12:17:00,Credit Card,iPhone,55434.59,INR,181739.69,503,No,33,Yes,Success,Low,0
TXN000881,CUST0997,Pune,MER271,Food,2026-11-29 09:45:00,NetBanking,iPhone,48175.17,INR,9084.43,747,Yes,65,No,Pending,Medium,0
TXN000882,CUST0138,Pune,MER290,Food,2026-07-23 06:25:00,UPI,Web,21212.83,INR,79953.74,825,Yes,74,No,Pending,High,0
TXN000883,CUST0883,Delhi,MER239,Bills,2026-11-20 19:18:00,Credit Card,Web,74471.37,INR,165884.29,486,No,59,No,Success,Medium,0
TXN000884,CUST0799,Pune,MER005,Travel,2026-04-28 09:02:00,Wallet,Android,43113.84,INR,130167.62,528,No,69,No,Pending,High,1
TXN000885,CUST0727,Bengaluru,MER079,Travel,2026-10-09 10:30:00,Credit Card,Android,15040.86,INR,154932.35,403,Yes,69,Yes,Success,High,0
TXN000886,CUST0646,Mumbai,MER107,Travel,2026-04-21 07:02:00,Credit Card,iPhone,26152.0,INR,495510.81,538,Yes,99,No,Success,Low,0
TXN000887,CUST0769,Pune,MER228,Entertainment,2026-11-08 00:00:00,Credit Card,iPhone,65825.27,INR,25557.93,749,No,26,Yes,Failed,High,0
TXN000888,CUST0359,Bengaluru,MER297,Entertainment,2026-07-08 01:12:00,UPI,Android,61091.17,INR,378546.57,423,No,95,No,Pending,Medium,1
TXN000889,CUST0186,Bengaluru,MER185,Bills,2026-04-03 22:42:00,NetBanking,Android,31146.29,INR,472503.52,316,Yes,49,No,Failed,Low,0
TXN000890,CUST0134,Hyderabad,MER154,Travel,2026-09-13 07:18:00,UPI,Web,26613.99,INR,322147.4,699,No,3,No,Pending,High,0
TXN000891,CUST0510,Mumbai,MER290,Food,2026-02-16 14:01:00,NetBanking,Android,67301.89,INR,70969.96,781,Yes,8,Yes,Pending,High,1
TXN000892,CUST0323,Hyderabad,MER089,Travel,2026-12-07 21:26:00,NetBanking,Android,21995.48,INR,371241.37,485,No,15,Yes,Success,Medium,0
TXN000893,CUST0765,Delhi,MER165,Food,2026-10-13 04:18:00,UPI,iPhone,15321.69,INR,15219.95,781,Yes,95,Yes,Failed,Low,0
TXN000894,CUST1076,Mumbai,MER081,Food,2026-01-06 10:32:00,Debit Card,Android,40469.83,INR,46969.83,367,Yes,61,No,Failed,High,0
TXN000895,CUST0002,Delhi,MER244,Bills,2026-11-24 12:22:00,Debit Card,Android,33042.38,INR,162115.35,852,No,79,Yes,Failed,Medium,0
TXN000896,CUST0450,Bengaluru,MER067,Travel,2026-03-24 02:54:00,UPI,Web,56158.94,INR,48299.81,713,No,79,Yes,Success,Low,0
TXN000897,CUST0617,Delhi,MER237,Entertainment,2026-08-04 02:21:00,NetBanking,Web,18815.29,INR,289006.39,573,Yes,42,No,Failed,High,0
TXN000898,CUST0071,Hyderabad,MER025,Travel,2026-03-08 07:50:00,UPI,Android,10908.67,INR,317680.69,543,Yes,51,No,Success,High,0
TXN000899,CUST0385,Bengaluru,MER208,Bills,2026-03-20 05:16:00,Wallet,Web,36068.61,INR,132139.51,750,Yes,96,No,Pending,High,0
TXN000900,CUST0382,Delhi,MER175,Bills,2026-10-09 01:54:00,NetBanking,iPhone,69292.94,INR,331960.79,650,No,9,No,Failed,High,1
TXN000901,CUST0194,Mumbai,MER235,Food,2026-02-13 19:00:00,NetBanking,Web,1925.54,INR,148561.0,655,No,58,No,Pending,Low,0
TXN000902,CUST1047,Mumbai,MER073,Entertainment,2026-03-22 18:37:00,UPI,Android,72472.62,INR,366972.75,662,Yes,73,Yes,Pending,Medium,0
TXN000903,CUST1088,Mumbai,MER192,Travel,2026-02-06 11:01:00,Credit Card,Web,40468.5,INR,317522.0,531,Yes,70,No,Success,Medium,0
TXN000904,CUST0821,Delhi,MER200,Healthcare,2026-06-03 09:03:00,Wallet,iPhone,3687.44,INR,161638.72,607,Yes,10,No,Pending,High,0
TXN000905,CUST0137,Pune,MER211,Travel,2026-02-22 08:28:00,Wallet,Android,50115.65,INR,382531.87,548,No,21,No,Failed,High,1
TXN000906,CUST0145,Mumbai,MER142,Travel,2026-11-21 23:59:00,Wallet,Android,14518.98,INR,363263.5,899,Yes,27,No,Success,High,0
TXN000907,CUST0241,Bengaluru,MER160,Healthcare,2026-02-07 08:38:00,NetBanking,iPhone,20674.76,INR,116858.41,748,No,16,No,Success,Low,0
TXN000908,CUST0558,Pune,MER196,Shopping,2026-02-11 01:59:00,Wallet,iPhone,66019.41,INR,292904.31,798,No,29,Yes,Success,High,0
TXN000909,CUST0743,Mumbai,MER254,Entertainment,2026-06-07 11:02:00,Wallet,Android,45256.64,INR,319391.89,586,No,33,No,Failed,High,0
TXN000910,CUST0208,Hyderabad,MER125,Healthcare,2026-06-30 05:10:00,Credit Card,Web,62725.49,INR,217449.75,572,Yes,100,No,Pending,High,0
TXN000911,CUST0784,Pune,MER056,Healthcare,2026-11-02 04:21:00,UPI,Web,62809.15,INR,48361.87,544,No,75,No,Failed,High,0
TXN000912,CUST0902,Hyderabad,MER294,Healthcare,2026-01-14 13:43:00,Wallet,Web,55828.35,INR,372448.79,742,Yes,28,Yes,Success,High,1
TXN000913,CUST0845,Pune,MER234,Shopping,2026-05-11 13:23:00,Debit Card,iPhone,70947.31,INR,486816.2,554,No,58,Yes,Failed,Medium,1
TXN000914,CUST0329,Mumbai,MER286,Healthcare,2026-08-25 00:49:00,Debit Card,Web,52438.85,INR,201259.12,656,Yes,64,Yes,Failed,Medium,0
TXN000915,CUST0467,Delhi,MER157,Food,2026-11-29 20:09:00,UPI,Web,46237.88,INR,203626.57,809,Yes,97,No,Success,Medium,0
TXN000916,CUST0897,Delhi,MER082,Travel,2026-04-28 12:19:00,UPI,Android,64201.08,INR,95705.09,617,No,97,Yes,Failed,High,0
TXN000917,CUST0186,Bengaluru,MER208,Shopping,2026-02-23 01:43:00,Debit Card,Web,52178.79,INR,177546.03,436,No,14,No,Pending,High,1
TXN000918,CUST0461,Hyderabad,MER021,Travel,2026-07-19 12:23:00,Credit Card,Web,72806.48,INR,496345.96,326,No,29,Yes,Success,Low,1
TXN000919,CUST0298,Pune,MER152,Travel,2026-01-08 13:31:00,NetBanking,iPhone,33037.89,INR,419127.43,724,Yes,53,Yes,Pending,High,0
TXN000920,CUST0793,Delhi,MER187,Shopping,2026-06-07 00:53:00,Debit Card,iPhone,29983.27,INR,450126.38,540,No,70,No,Success,High,0
TXN000921,CUST0506,Bengaluru,MER297,Travel,2026-02-05 04:17:00,NetBanking,Web,10104.27,INR,238393.12,621,Yes,78,Yes,Pending,Medium,0
TXN000922,CUST0459,Hyderabad,MER138,Healthcare,2026-11-01 14:26:00,UPI,iPhone,53822.99,INR,309784.16,809,No,9,Yes,Success,High,0
TXN000923,CUST0712,Hyderabad,MER076,Food,2026-09-06 07:28:00,Debit Card,Android,33646.15,INR,477412.39,582,No,94,Yes,Pending,High,0
TXN000924,CUST0274,Hyderabad,MER111,Entertainment,2026-06-14 14:36:00,Debit Card,Web,36820.92,INR,348905.78,611,No,30,No,Success,High,0
TXN000925,CUST0109,Delhi,MER062,Food,2026-08-12 11:54:00,UPI,Web,73513.79,INR,207442.01,465,Yes,32,Yes,Success,Low,0
TXN000926,CUST0245,Delhi,MER046,Food,2026-12-11 11:33:00,Wallet,Web,48712.54,INR,350763.37,696,No,49,No,Success,Medium,0
TXN000927,CUST0364,Hyderabad,MER130,Bills,2026-02-03 00:51:00,Credit Card,iPhone,13740.56,INR,201312.45,532,No,83,Yes,Failed,Medium,0
TXN000928,CUST0125,Bengaluru,MER031,Entertainment,2026-05-16 20:36:00,UPI,Android,56391.12,INR,1862.72,841,Yes,1,No,Failed,Medium,0
TXN000929,CUST1154,Delhi,MER036,Travel,2026-03-10 14:58:00,NetBanking,iPhone,2093.46,INR,91711.57,523,No,13,Yes,Pending,Medium,0
TXN000930,CUST0364,Bengaluru,MER077,Bills,2026-01-12 01:07:00,NetBanking,Android,43057.4,INR,467711.23,423,No,38,Yes,Failed,High,0
TXN000931,CUST0205,Hyderabad,MER099,Healthcare,2026-02-26 12:37:00,NetBanking,iPhone,13547.65,INR,468971.31,861,No,58,Yes,Pending,High,0
TXN000932,CUST0290,Mumbai,MER252,Travel,2026-10-17 02:32:00,Wallet,Android,4928.46,INR,179802.38,791,Yes,67,Yes,Pending,High,0
TXN000933,CUST1178,Bengaluru,MER268,Bills,2026-10-03 14:05:00,NetBanking,Web,24055.07,INR,101265.11,628,Yes,58,Yes,Failed,High,0
TXN000934,CUST0169,Hyderabad,MER013,Bills,2026-02-07 23:32:00,Debit Card,Web,31985.41,INR,242568.14,698,No,64,No,Pending,High,0
TXN000935,CUST0386,Pune,MER158,Healthcare,2026-09-30 06:49:00,NetBanking,Web,4152.56,INR,87506.02,621,Yes,69,Yes,Success,Medium,0
TXN000936,CUST1102,Pune,MER223,Entertainment,2026-07-05 02:14:00,NetBanking,Android,28879.91,INR,254864.05,345,Yes,13,No,Success,Low,0
TXN000937,CUST0417,Hyderabad,MER106,Healthcare,2026-08-22 04:05:00,NetBanking,Android,53436.55,INR,23571.71,690,Yes,89,Yes,Failed,Low,1
TXN000938,CUST0678,Mumbai,MER200,Travel,2026-05-16 08:41:00,Wallet,Android,67831.6,INR,78808.57,552,No,55,No,Success,High,0
TXN000939,CUST0021,Hyderabad,MER212,Bills,2026-04-12 05:57:00,Credit Card,iPhone,55252.78,INR,127459.32,310,No,6,No,Success,High,1
TXN000940,CUST0235,Pune,MER082,Bills,2026-01-25 05:05:00,Credit Card,Web,51718.66,INR,164361.9,562,No,37,No,Failed,High,1
TXN000941,CUST0809,Mumbai,MER045,Healthcare,2026-11-05 04:25:00,Wallet,Android,19627.21,INR,64430.4,336,No,62,Yes,Success,Low,0
TXN000942,CUST0172,Pune,MER124,Bills,2026-08-13 00:45:00,Debit Card,iPhone,2871.58,INR,369434.82,752,Yes,85,Yes,Success,High,0
TXN000943,CUST0313,Delhi,MER129,Travel,2026-05-08 11:22:00,Wallet,Android,23857.74,INR,450879.84,357,No,49,Yes,Failed,High,0
TXN000944,CUST0399,Delhi,MER225,Food,2026-11-14 05:51:00,Wallet,Android,4792.43,INR,421867.73,841,No,72,Yes,Success,High,0
TXN000945,CUST0134,Hyderabad,MER266,Healthcare,2026-01-07 08:35:00,NetBanking,Web,72313.96,INR,85787.71,629,No,5,Yes,Success,High,1
TXN000946,CUST1153,Pune,MER199,Healthcare,2026-02-13 13:26:00,Credit Card,Web,17539.97,INR,18562.42,858,Yes,3,No,Pending,High,0
TXN000947,CUST0793,Hyderabad,MER122,Entertainment,2026-06-28 14:35:00,NetBanking,iPhone,28966.39,INR,173227.98,765,No,20,No,Pending,Medium,0
TXN000948,CUST0358,Hyderabad,MER132,Travel,2026-05-15 00:18:00,UPI,iPhone,16803.51,INR,402919.79,447,Yes,59,No,Pending,High,0
TXN000949,CUST0723,Mumbai,MER208,Bills,2026-11-18 17:12:00,Wallet,iPhone,63879.24,INR,366991.2,754,No,60,No,Failed,Medium,0
TXN000950,CUST1086,Mumbai,MER126,Travel,2026-09-17 10:42:00,Credit Card,Web,49909.7,INR,98106.37,672,No,71,No,Failed,High,0
TXN000951,CUST0964,Pune,MER278,Entertainment,2026-06-14 16:25:00,Debit Card,Web,23031.29,INR,206646.81,504,Yes,44,Yes,Pending,Medium,0
TXN000952,CUST0049,Mumbai,MER198,Healthcare,2026-08-31 20:16:00,Credit Card,iPhone,70285.41,INR,491832.65,876,Yes,83,No,Pending,Low,0
TXN000953,CUST0504,Mumbai,MER250,Shopping,2026-08-11 05:23:00,NetBanking,Web,11318.23,INR,367923.49,336,Yes,9,Yes,Success,Low,0
TXN000954,CUST0185,Delhi,MER183,Travel,2026-09-28 17:32:00,Credit Card,Android,69014.48,INR,154473.36,367,No,80,No,Pending,Medium,0
TXN000955,CUST0594,Delhi,MER052,Healthcare,2026-02-28 04:27:00,Credit Card,Android,35642.05,INR,208177.75,845,No,21,No,Pending,Medium,0
TXN000956,CUST0301,Hyderabad,MER050,Food,2026-02-19 08:52:00,Wallet,iPhone,51753.48,INR,190305.51,474,Yes,76,No,Failed,High,0
TXN000957,CUST0041,Hyderabad,MER291,Shopping,2026-11-19 10:31:00,Debit Card,Android,42901.83,INR,443358.86,370,Yes,18,No,Pending,Medium,0
TXN000958,CUST0404,Delhi,MER150,Entertainment,2026-10-16 15:26:00,UPI,iPhone,68758.97,INR,301803.47,806,Yes,80,No,Success,Medium,1
TXN000959,CUST0574,Bengaluru,MER013,Bills,2026-04-26 23:41:00,Credit Card,Android,63846.94,INR,325053.15,613,No,58,No,Failed,Low,1
TXN000960,CUST0939,Pune,MER171,Healthcare,2026-01-12 10:08:00,Credit Card,Web,20477.28,INR,6328.26,887,Yes,39,No,Success,Medium,0
TXN000961,CUST0554,Hyderabad,MER172,Shopping,2026-10-20 09:59:00,NetBanking,iPhone,28513.67,INR,204190.32,650,Yes,45,No,Pending,Low,0
TXN000962,CUST0922,Pune,MER164,Healthcare,2026-11-23 03:47:00,UPI,Android,36672.5,INR,405566.79,409,Yes,10,Yes,Failed,Low,0
TXN000963,CUST0179,Pune,MER005,Entertainment,2026-01-05 21:30:00,Debit Card,Web,11567.38,INR,36121.0,896,No,81,No,Pending,Low,0
TXN000964,CUST0285,Mumbai,MER042,Travel,2026-02-03 09:19:00,UPI,Android,45950.14,INR,217051.71,538,Yes,7,Yes,Failed,Medium,0
TXN000965,CUST0405,Hyderabad,MER096,Bills,2026-04-15 21:08:00,NetBanking,Android,46916.37,INR,221815.65,819,Yes,11,Yes,Success,Medium,0
TXN000966,CUST0388,Pune,MER039,Travel,2026-03-10 02:27:00,Debit Card,Android,10809.08,INR,82049.36,603,No,65,No,Success,Medium,0
TXN000967,CUST0494,Bengaluru,MER004,Entertainment,2026-11-21 05:47:00,Debit Card,iPhone,18836.22,INR,377394.25,366,Yes,9,No,Failed,High,0
TXN000968,CUST0881,Pune,MER229,Food,2026-09-28 23:31:00,UPI,iPhone,4549.09,INR,294481.17,670,Yes,73,No,Pending,Medium,0
TXN000969,CUST0984,Delhi,MER256,Shopping,2026-10-05 22:48:00,Wallet,iPhone,33820.01,INR,273412.53,494,Yes,76,Yes,Success,High,0
TXN000970,CUST0946,Delhi,MER207,Bills,2026-11-13 06:39:00,Wallet,iPhone,26480.06,INR,77189.74,694,No,4,Yes,Failed,Medium,0
TXN000971,CUST0029,Hyderabad,MER089,Travel,2026-08-04 21:09:00,Credit Card,Android,74232.36,INR,48328.26,700,No,20,No,Failed,Low,0
TXN000972,CUST0622,Bengaluru,MER143,Travel,2026-03-11 03:46:00,Wallet,Web,1645.62,INR,362140.87,743,No,21,No,Pending,Low,0
TXN000973,CUST0663,Hyderabad,MER149,Travel,2026-03-27 14:47:00,NetBanking,iPhone,26515.64,INR,402007.4,726,No,2,No,Pending,Low,0
TXN000974,CUST0879,Bengaluru,MER063,Healthcare,2026-02-17 02:57:00,NetBanking,iPhone,25406.77,INR,171207.52,682,Yes,48,No,Success,Low,0
TXN000975,CUST0429,Delhi,MER120,Shopping,2026-08-19 18:51:00,Wallet,iPhone,33541.92,INR,277942.88,891,No,90,Yes,Success,Medium,0
TXN000976,CUST0486,Mumbai,MER251,Healthcare,2026-06-21 00:45:00,UPI,iPhone,58624.0,INR,255969.27,397,No,97,Yes,Pending,Medium,0
TXN000977,CUST0545,Pune,MER231,Bills,2026-10-11 01:18:00,Credit Card,iPhone,6116.45,INR,356241.9,672,Yes,61,Yes,Success,High,0
TXN000978,CUST0989,Bengaluru,MER075,Shopping,2026-04-27 12:30:00,Wallet,iPhone,248.93,INR,302780.74,849,Yes,83,Yes,Pending,High,0
TXN000979,CUST0400,Bengaluru,MER259,Shopping,2026-04-01 09:02:00,Wallet,iPhone,9044.77,INR,350622.4,311,No,34,Yes,Success,Medium,0
TXN000980,CUST0864,Pune,MER189,Bills,2026-10-10 11:01:00,Credit Card,iPhone,1915.77,INR,313319.05,868,Yes,77,No,Failed,Low,0
TXN000981,CUST0929,Delhi,MER084,Healthcare,2026-02-16 19:09:00,Debit Card,Android,70268.99,INR,62833.56,634,No,48,Yes,Failed,High,0
TXN000982,CUST0890,Delhi,MER203,Travel,2026-04-29 21:57:00,NetBanking,Android,28139.68,INR,322166.87,631,Yes,66,Yes,Pending,High,0
TXN000983,CUST0287,Mumbai,MER053,Healthcare,2026-03-01 11:39:00,Credit Card,Android,53530.54,INR,377575.12,665,No,11,No,Failed,Low,0
TXN000984,CUST1075,Hyderabad,MER203,Entertainment,2026-02-26 10:16:00,NetBanking,Android,36944.33,INR,407367.71,759,Yes,15,No,Success,Low,0
TXN000985,CUST0050,Pune,MER116,Bills,2026-01-16 10:27:00,UPI,Android,4257.43,INR,379505.34,456,Yes,65,No,Failed,Medium,0
TXN000986,CUST0594,Hyderabad,MER013,Entertainment,2026-09-18 05:30:00,Wallet,Web,56702.11,INR,34912.81,504,Yes,27,Yes,Pending,Medium,1
TXN000987,CUST1192,Delhi,MER261,Travel,2026-05-25 14:37:00,Credit Card,Android,556.28,INR,268578.76,588,No,72,No,Pending,Medium,0
TXN000988,CUST0525,Delhi,MER101,Shopping,2026-11-23 22:12:00,Debit Card,iPhone,12006.55,INR,60464.66,592,No,4,No,Pending,High,0
TXN000989,CUST0231,Pune,MER199,Food,2026-09-28 10:48:00,Credit Card,Android,50395.04,INR,380119.88,605,Yes,76,No,Failed,Medium,0
TXN000990,CUST1161,Delhi,MER112,Healthcare,2026-01-09 16:04:00,Debit Card,Android,4096.48,INR,108995.35,485,No,27,No,Pending,Medium,0
TXN000991,CUST0339,Hyderabad,MER246,Healthcare,2026-08-06 06:23:00,Debit Card,Web,54003.3,INR,428822.16,554,Yes,79,Yes,Success,Low,0
TXN000992,CUST0562,Pune,MER156,Bills,2026-05-19 20:54:00,NetBanking,Android,46453.37,INR,49519.1,676,Yes,83,Yes,Failed,High,0
TXN000993,CUST0856,Pune,MER153,Food,2026-11-24 03:24:00,UPI,iPhone,65735.82,INR,71777.2,767,Yes,16,Yes,Failed,Low,1
TXN000994,CUST0481,Hyderabad,MER297,Entertainment,2026-07-22 23:01:00,Debit Card,iPhone,1095.52,INR,12256.91,876,No,9,Yes,Success,Low,0
TXN000995,CUST0077,Hyderabad,MER222,Bills,2026-05-31 03:49:00,Credit Card,Android,29827.47,INR,288803.58,345,Yes,99,No,Pending,Medium,0
TXN000996,CUST0548,Pune,MER140,Travel,2026-03-27 11:52:00,Wallet,Android,53920.94,INR,497922.89,345,No,72,No,Success,High,1
TXN000997,CUST0746,Pune,MER189,Bills,2026-10-26 19:30:00,Wallet,Web,63637.27,INR,82783.46,680,Yes,42,No,Failed,Low,1
TXN000998,CUST0712,Delhi,MER076,Entertainment,2026-10-01 16:05:00,Wallet,Web,43524.28,INR,271592.03,668,No,12,No,Success,Medium,0
TXN000999,CUST1105,Mumbai,MER022,Shopping,2026-07-04 08:34:00,Credit Card,Web,69355.44,INR,171483.29,463,Yes,27,No,Success,Medium,0
TXN001000,CUST1065,Pune,MER295,Food,2026-04-03 17:45:00,NetBanking,Web,66056.61,INR,471202.64,532,No,63,Yes,Failed,High,0
TXN001001,CUST1072,Hyderabad,MER113,Healthcare,2026-05-08 20:15:00,Wallet,Web,62738.43,INR,376031.19,408,Yes,82,No,Success,High,0
TXN001002,CUST0002,Bengaluru,MER056,Bills,2026-02-22 13:23:00,UPI,Web,67144.67,INR,475105.19,547,No,39,Yes,Pending,High,1
TXN001003,CUST0049,Pune,MER016,Shopping,2026-02-14 01:58:00,Credit Card,Android,7262.11,INR,414000.64,373,Yes,33,No,Success,Medium,0
TXN001004,CUST0615,Delhi,MER199,Shopping,2026-03-17 21:26:00,Debit Card,iPhone,70866.7,INR,310009.63,789,Yes,87,No,Success,Medium,1
TXN001005,CUST0970,Hyderabad,MER276,Food,2026-06-03 21:37:00,NetBanking,Web,23986.0,INR,440437.24,802,Yes,49,Yes,Failed,Low,0
TXN001006,CUST0170,Mumbai,MER049,Bills,2026-05-19 07:11:00,Debit Card,Android,35625.89,INR,302200.76,780,Yes,42,No,Pending,High,0
TXN001007,CUST0841,Pune,MER006,Entertainment,2026-02-16 17:50:00,NetBanking,Web,64101.07,INR,390636.62,818,No,9,Yes,Failed,Medium,1
TXN001008,CUST0100,Delhi,MER300,Food,2026-09-12 05:06:00,NetBanking,iPhone,52290.89,INR,87785.42,762,No,21,Yes,Failed,High,0
TXN001009,CUST0318,Pune,MER102,Bills,2026-06-27 00:53:00,Credit Card,Android,24869.54,INR,194264.54,480,No,6,No,Success,Low,0
TXN001010,CUST1011,Mumbai,MER228,Entertainment,2026-12-12 04:06:00,UPI,Android,25518.48,INR,83052.21,435,Yes,57,No,Failed,High,0
TXN001011,CUST0755,Bengaluru,MER055,Bills,2026-06-22 10:53:00,UPI,iPhone,32259.41,INR,218709.27,732,Yes,9,Yes,Failed,High,0
TXN001012,CUST0499,Mumbai,MER062,Food,2026-02-28 23:32:00,UPI,Web,26836.04,INR,94208.57,501,No,85,No,Pending,Medium,0
TXN001013,CUST0380,Bengaluru,MER212,Food,2026-07-23 18:26:00,UPI,Android,35851.42,INR,102021.19,607,Yes,96,No,Success,Medium,0
TXN001014,CUST0231,Bengaluru,MER137,Healthcare,2026-07-13 03:44:00,UPI,iPhone,4518.35,INR,440311.94,440,No,32,No,Success,Low,0
TXN001015,CUST0439,Pune,MER089,Bills,2026-07-21 08:28:00,NetBanking,Android,49809.45,INR,73910.09,430,Yes,98,Yes,Failed,High,0
TXN001016,CUST0338,Mumbai,MER212,Entertainment,2026-05-12 16:46:00,Credit Card,iPhone,74240.22,INR,203789.34,742,Yes,42,No,Success,Low,1
TXN001017,CUST0461,Mumbai,MER246,Healthcare,2026-12-12 15:52:00,NetBanking,iPhone,50380.77,INR,323374.44,461,Yes,77,No,Failed,Low,0
TXN001018,CUST0136,Bengaluru,MER044,Entertainment,2026-11-21 15:21:00,Credit Card,Web,32466.96,INR,20934.33,584,No,36,No,Pending,Medium,0
TXN001019,CUST0670,Delhi,MER241,Healthcare,2026-06-27 14:21:00,Wallet,Web,22776.2,INR,295190.99,873,Yes,61,No,Success,High,0
TXN001020,CUST1059,Bengaluru,MER033,Shopping,2026-08-18 01:20:00,Debit Card,iPhone,36735.87,INR,437501.01,825,Yes,41,No,Success,High,0
TXN001021,CUST0393,Delhi,MER266,Entertainment,2026-05-30 20:05:00,Debit Card,iPhone,14361.17,INR,299282.49,492,Yes,99,No,Success,High,0
TXN001022,CUST0419,Hyderabad,MER298,Healthcare,2026-03-05 03:19:00,UPI,Web,51454.75,INR,361648.53,598,Yes,27,No,Success,High,0
TXN001023,CUST0555,Bengaluru,MER236,Healthcare,2026-05-05 07:11:00,Credit Card,iPhone,60722.12,INR,303385.89,558,Yes,49,No,Success,Low,0
TXN001024,CUST1014,Hyderabad,MER282,Healthcare,2026-10-26 23:23:00,Debit Card,Web,14185.83,INR,284159.37,503,No,7,No,Pending,Medium,0
TXN001025,CUST0793,Delhi,MER062,Travel,2026-03-07 22:31:00,UPI,iPhone,44653.48,INR,380302.09,355,Yes,9,No,Success,High,0
TXN001026,CUST0197,Hyderabad,MER105,Food,2026-11-21 12:23:00,NetBanking,Android,40150.99,INR,5918.19,645,No,37,No,Success,Low,0
TXN001027,CUST0547,Bengaluru,MER182,Travel,2026-02-25 05:36:00,UPI,Web,16548.41,INR,292475.88,525,Yes,50,Yes,Pending,High,0
TXN001028,CUST1170,Bengaluru,MER139,Bills,2026-02-15 08:27:00,UPI,Android,1327.69,INR,422845.75,526,Yes,59,Yes,Success,Low,0
TXN001029,CUST0632,Hyderabad,MER297,Healthcare,2026-11-06 07:49:00,Wallet,iPhone,20974.71,INR,107480.52,402,Yes,53,No,Failed,Low,1
TXN001030,CUST0779,Pune,MER278,Shopping,2026-03-16 16:26:00,Wallet,iPhone,55442.55,INR,395004.29,836,No,42,Yes,Failed,High,0
TXN001031,CUST0421,Delhi,MER074,Entertainment,2026-01-29 03:57:00,NetBanking,Web,46180.52,INR,341955.94,472,No,27,Yes,Failed,Medium,0
TXN001032,CUST0596,Mumbai,MER195,Healthcare,2026-11-16 13:43:00,Wallet,Android,30394.57,INR,343559.6,876,Yes,83,Yes,Failed,High,0
TXN001033,CUST0781,Pune,MER252,Bills,2026-09-21 15:58:00,Wallet,iPhone,60011.55,INR,45640.99,561,No,30,No,Failed,Medium,0
TXN001034,CUST1200,Bengaluru,MER272,Travel,2026-11-04 23:36:00,UPI,iPhone,35900.24,INR,182921.35,534,Yes,91,Yes,Success,High,0
TXN001035,CUST0163,Bengaluru,MER131,Bills,2026-02-24 06:14:00,Debit Card,Android,52154.55,INR,429391.63,585,Yes,30,No,Failed,Low,1
TXN001036,CUST0189,Bengaluru,MER027,Healthcare,2026-08-27 08:10:00,Credit Card,iPhone,39047.69,INR,274421.34,733,Yes,31,Yes,Success,High,0
TXN001037,CUST0208,Delhi,MER092,Healthcare,2026-02-15 04:43:00,Wallet,Web,53445.43,INR,380669.28,483,Yes,69,Yes,Success,Low,1
TXN001038,CUST0558,Bengaluru,MER011,Healthcare,2026-07-03 16:28:00,UPI,iPhone,24424.33,INR,68339.6,349,No,20,Yes,Success,High,0
TXN001039,CUST0504,Hyderabad,MER090,Entertainment,2026-02-10 00:06:00,Credit Card,Android,62574.31,INR,320427.92,343,Yes,49,Yes,Success,Medium,0
TXN001040,CUST0809,Bengaluru,MER278,Entertainment,2026-05-28 01:19:00,NetBanking,iPhone,34568.74,INR,481090.34,832,No,78,No,Failed,High,0
TXN001041,CUST1024,Mumbai,MER019,Travel,2026-01-27 17:31:00,NetBanking,iPhone,70266.52,INR,421131.06,418,No,49,No,Failed,Medium,1
TXN001042,CUST0033,Mumbai,MER223,Entertainment,2026-10-01 04:38:00,Credit Card,iPhone,1810.21,INR,432733.39,443,No,51,Yes,Success,Low,0
TXN001043,CUST0818,Hyderabad,MER239,Shopping,2026-11-18 06:23:00,Credit Card,iPhone,67539.76,INR,66076.64,352,Yes,19,Yes,Failed,Medium,0
TXN001044,CUST0792,Hyderabad,MER040,Healthcare,2026-04-18 00:35:00,Debit Card,Web,4002.89,INR,276251.76,341,No,9,No,Failed,Low,0
TXN001045,CUST0023,Pune,MER075,Entertainment,2026-09-16 21:43:00,NetBanking,iPhone,23289.43,INR,30883.59,821,Yes,81,No,Success,Medium,0
TXN001046,CUST0943,Delhi,MER168,Shopping,2026-05-14 23:20:00,UPI,Web,30267.84,INR,293224.96,748,No,56,Yes,Pending,High,0
TXN001047,CUST0315,Hyderabad,MER170,Entertainment,2026-09-18 01:23:00,Wallet,Web,54655.26,INR,361549.22,573,Yes,19,Yes,Success,High,0
TXN001048,CUST0086,Pune,MER156,Food,2026-12-14 04:19:00,Credit Card,Android,28804.04,INR,209769.56,498,No,20,No,Pending,High,0
TXN001049,CUST0002,Pune,MER084,Food,2026-04-07 16:02:00,Wallet,Android,19150.99,INR,110328.13,469,No,15,Yes,Pending,Medium,0
TXN001050,CUST0763,Hyderabad,MER133,Healthcare,2026-07-23 08:50:00,NetBanking,Web,60880.5,INR,165969.33,634,Yes,86,No,Pending,Low,1
TXN001051,CUST0990,Delhi,MER169,Healthcare,2026-04-20 10:24:00,Wallet,Web,16980.39,INR,495665.14,352,No,33,Yes,Success,High,0
TXN001052,CUST0510,Hyderabad,MER079,Food,2026-09-11 21:48:00,NetBanking,Web,16787.42,INR,182133.46,709,No,73,No,Failed,Low,0
TXN001053,CUST0136,Delhi,MER030,Bills,2026-05-28 19:01:00,Wallet,Android,18202.21,INR,207697.23,331,No,48,Yes,Failed,Low,0
TXN001054,CUST0812,Bengaluru,MER110,Bills,2026-06-06 14:19:00,Credit Card,iPhone,36499.27,INR,122374.7,468,No,21,No,Pending,Medium,0
TXN001055,CUST0169,Pune,MER077,Healthcare,2026-06-06 00:39:00,Wallet,Android,63992.83,INR,467252.75,455,Yes,1,No,Success,Low,1
TXN001056,CUST0752,Delhi,MER293,Food,2026-01-15 17:16:00,Credit Card,iPhone,10028.58,INR,165740.73,339,Yes,6,Yes,Success,Low,0
TXN001057,CUST0548,Bengaluru,MER150,Healthcare,2026-11-01 16:30:00,NetBanking,Android,67281.27,INR,416069.31,591,Yes,9,No,Pending,Medium,0
TXN001058,CUST1055,Pune,MER255,Healthcare,2026-03-23 11:31:00,Debit Card,Android,11821.41,INR,197303.35,646,Yes,89,No,Failed,Medium,0
TXN001059,CUST0822,Hyderabad,MER121,Shopping,2026-08-31 13:49:00,Debit Card,Android,71378.81,INR,121099.96,452,Yes,5,Yes,Success,High,1
TXN001060,CUST0920,Mumbai,MER077,Entertainment,2026-01-27 17:44:00,Debit Card,iPhone,65638.12,INR,344175.18,893,Yes,92,No,Failed,Medium,1
TXN001061,CUST1131,Bengaluru,MER155,Entertainment,2026-03-18 09:00:00,Wallet,Web,9213.94,INR,17884.23,460,No,25,No,Success,Low,0
TXN001062,CUST0517,Hyderabad,MER096,Bills,2026-06-18 18:09:00,Wallet,Web,2372.84,INR,431424.63,760,Yes,42,No,Pending,Medium,0
TXN001063,CUST0377,Pune,MER085,Shopping,2026-06-01 09:19:00,UPI,iPhone,71855.72,INR,437884.96,642,Yes,6,Yes,Success,High,0
TXN001064,CUST0415,Mumbai,MER214,Food,2026-10-08 15:52:00,UPI,Web,45302.06,INR,181003.04,651,No,44,Yes,Success,Medium,0
TXN001065,CUST0303,Delhi,MER259,Shopping,2026-07-13 06:48:00,Wallet,Web,57872.17,INR,496821.9,501,No,99,Yes,Failed,High,0
TXN001066,CUST0935,Pune,MER146,Shopping,2026-01-07 12:32:00,Wallet,Web,44331.32,INR,313894.32,364,No,54,No,Pending,High,0
TXN001067,CUST0457,Hyderabad,MER136,Shopping,2026-11-21 14:09:00,UPI,Android,17336.27,INR,334547.68,893,No,51,No,Success,High,0
TXN001068,CUST0921,Mumbai,MER204,Food,2026-06-06 13:29:00,UPI,Android,17206.98,INR,401393.2,580,No,3,No,Pending,High,0
TXN001069,CUST0438,Bengaluru,MER283,Shopping,2026-10-11 20:54:00,UPI,Android,3858.65,INR,462888.95,698,No,23,Yes,Success,High,0
TXN001070,CUST0503,Hyderabad,MER011,Food,2026-02-17 06:53:00,Debit Card,Android,32223.95,INR,329071.13,563,No,21,No,Success,High,0
TXN001071,CUST0592,Delhi,MER278,Entertainment,2026-07-19 18:26:00,UPI,Android,12309.77,INR,491423.99,424,Yes,31,Yes,Failed,Low,0
TXN001072,CUST0249,Bengaluru,MER274,Bills,2026-07-05 23:15:00,UPI,iPhone,8520.54,INR,334331.19,584,Yes,46,Yes,Failed,Low,0
TXN001073,CUST0513,Pune,MER045,Food,2026-03-01 02:07:00,Credit Card,iPhone,29103.29,INR,81009.57,847,Yes,62,No,Success,Medium,0
TXN001074,CUST1050,Hyderabad,MER109,Travel,2026-03-11 05:30:00,NetBanking,Web,64015.9,INR,242228.14,900,Yes,96,Yes,Pending,Medium,0
TXN001075,CUST0660,Delhi,MER102,Food,2026-01-14 05:53:00,Wallet,Android,41818.18,INR,2857.15,663,Yes,86,No,Pending,Medium,0
TXN001076,CUST0646,Hyderabad,MER044,Travel,2026-11-03 22:26:00,UPI,Web,31176.72,INR,260736.58,419,Yes,61,No,Pending,High,0
TXN001077,CUST0067,Delhi,MER126,Shopping,2026-07-15 13:05:00,Wallet,iPhone,54448.26,INR,20430.46,409,Yes,39,Yes,Pending,Medium,1
TXN001078,CUST0844,Pune,MER272,Shopping,2026-01-28 08:20:00,Wallet,iPhone,61180.69,INR,369575.57,716,Yes,4,No,Failed,Low,0
TXN001079,CUST0206,Delhi,MER059,Food,2026-04-07 04:36:00,Debit Card,iPhone,53390.79,INR,444315.78,487,Yes,75,Yes,Success,Low,0
TXN001080,CUST1127,Bengaluru,MER041,Entertainment,2026-07-19 20:40:00,NetBanking,Web,20753.09,INR,273486.25,865,No,13,No,Success,Medium,0
TXN001081,CUST0552,Pune,MER071,Food,2026-02-04 08:08:00,NetBanking,Android,68914.5,INR,54307.52,788,Yes,61,No,Failed,High,0
TXN001082,CUST1150,Mumbai,MER042,Shopping,2026-03-03 07:19:00,Credit Card,Web,8034.68,INR,459163.41,406,Yes,61,Yes,Pending,High,0
TXN001083,CUST1044,Mumbai,MER209,Food,2026-09-06 02:15:00,NetBanking,iPhone,9517.07,INR,288768.69,492,No,71,Yes,Success,Medium,0
TXN001084,CUST0395,Bengaluru,MER150,Shopping,2026-02-19 14:13:00,Wallet,Web,15841.34,INR,206359.97,892,No,35,Yes,Pending,Low,0
TXN001085,CUST1020,Pune,MER059,Bills,2026-08-04 01:56:00,Credit Card,Web,53023.69,INR,127215.17,431,Yes,83,Yes,Pending,Low,1
TXN001086,CUST0512,Pune,MER037,Entertainment,2026-05-24 17:06:00,Credit Card,Android,9950.99,INR,138997.99,415,Yes,84,Yes,Pending,Low,0
TXN001087,CUST0220,Delhi,MER106,Bills,2026-02-22 13:38:00,Credit Card,Web,62251.2,INR,324333.71,426,No,42,No,Failed,High,1
TXN001088,CUST0413,Mumbai,MER106,Bills,2026-05-09 14:07:00,Credit Card,Web,38924.57,INR,429198.68,548,No,63,No,Failed,Low,0
TXN001089,CUST0325,Pune,MER031,Entertainment,2026-06-17 00:35:00,NetBanking,iPhone,18923.3,INR,102716.1,413,No,19,No,Failed,Low,0
TXN001090,CUST1085,Pune,MER233,Shopping,2026-04-21 09:21:00,Credit Card,iPhone,31972.9,INR,101261.08,582,No,50,No,Success,Medium,1
TXN001091,CUST0036,Mumbai,MER249,Bills,2026-03-21 16:32:00,NetBanking,Web,16558.01,INR,321302.36,448,Yes,35,No,Pending,Medium,0
TXN001092,CUST1058,Delhi,MER207,Food,2026-01-23 22:13:00,NetBanking,Android,51749.29,INR,121371.66,589,No,32,Yes,Pending,Medium,1
TXN001093,CUST0041,Delhi,MER284,Bills,2026-07-26 18:49:00,Debit Card,Android,73309.33,INR,241028.61,491,Yes,94,No,Pending,Medium,1
TXN001094,CUST0409,Hyderabad,MER290,Healthcare,2026-05-10 22:31:00,UPI,iPhone,18852.56,INR,236455.38,500,Yes,42,Yes,Failed,Medium,0
TXN001095,CUST0683,Hyderabad,MER117,Bills,2026-07-24 18:38:00,UPI,Web,35364.36,INR,39057.87,878,Yes,30,No,Success,Low,0
TXN001096,CUST0149,Pune,MER281,Bills,2026-09-19 13:44:00,Credit Card,Android,35041.87,INR,369274.21,523,No,13,Yes,Failed,Low,0
TXN001097,CUST0922,Mumbai,MER048,Shopping,2026-12-03 06:15:00,Credit Card,Web,68866.9,INR,60270.77,556,Yes,6,No,Pending,Medium,0
TXN001098,CUST0014,Hyderabad,MER111,Bills,2026-11-20 02:48:00,Debit Card,Android,40589.81,INR,45266.38,896,Yes,74,No,Success,Medium,0
TXN001099,CUST1140,Mumbai,MER014,Entertainment,2026-02-05 12:03:00,NetBanking,Android,52234.5,INR,333982.0,497,Yes,21,Yes,Pending,Low,0
TXN001100,CUST0429,Mumbai,MER068,Shopping,2026-06-17 19:00:00,UPI,Web,54938.37,INR,225284.04,437,Yes,16,Yes,Failed,High,1
TXN001101,CUST0885,Mumbai,MER033,Travel,2026-06-22 11:30:00,Wallet,Android,56749.07,INR,86516.2,335,Yes,88,No,Success,Low,0
TXN001102,CUST0315,Hyderabad,MER056,Bills,2026-03-25 11:16:00,Credit Card,iPhone,57336.03,INR,357134.81,868,No,58,Yes,Pending,High,1
TXN001103,CUST0920,Hyderabad,MER089,Healthcare,2026-11-01 15:06:00,Wallet,iPhone,49545.54,INR,158549.37,519,Yes,26,No,Failed,Medium,0
TXN001104,CUST1191,Pune,MER065,Food,2026-03-25 15:28:00,NetBanking,Android,57946.4,INR,280472.36,704,Yes,7,Yes,Pending,Low,0
TXN001105,CUST0104,Bengaluru,MER279,Food,2026-03-29 22:12:00,NetBanking,Web,59924.74,INR,42700.37,837,Yes,34,No,Failed,High,1
TXN001106,CUST0876,Hyderabad,MER106,Travel,2026-10-20 07:35:00,Credit Card,Web,10230.77,INR,318488.44,830,Yes,80,No,Success,Medium,0
TXN001107,CUST0660,Hyderabad,MER085,Entertainment,2026-04-11 14:26:00,Debit Card,Android,54074.57,INR,17519.96,311,Yes,100,Yes,Pending,Low,0
TXN001108,CUST1200,Pune,MER043,Entertainment,2026-03-11 07:55:00,Wallet,Android,6290.86,INR,220050.55,851,No,8,Yes,Pending,Low,0
TXN001109,CUST0236,Bengaluru,MER149,Shopping,2026-04-05 22:56:00,Credit Card,Android,74130.45,INR,273341.84,451,No,37,No,Pending,Low,1
TXN001110,CUST0592,Bengaluru,MER022,Shopping,2026-05-19 03:38:00,Wallet,Android,11310.28,INR,254064.7,778,Yes,6,Yes,Success,High,0
TXN001111,CUST0708,Delhi,MER046,Shopping,2026-09-21 13:31:00,NetBanking,iPhone,19611.17,INR,265487.58,714,No,73,Yes,Success,Medium,0
TXN001112,CUST0467,Delhi,MER190,Entertainment,2026-01-18 20:09:00,Debit Card,iPhone,11212.49,INR,410967.53,890,No,94,Yes,Pending,High,0
TXN001113,CUST0833,Mumbai,MER124,Bills,2026-08-08 05:15:00,NetBanking,Web,2972.41,INR,230551.8,663,Yes,99,Yes,Success,Low,0
TXN001114,CUST0251,Hyderabad,MER130,Healthcare,2026-02-15 05:50:00,NetBanking,Web,4572.17,INR,369514.6,567,No,83,Yes,Pending,Medium,0
TXN001115,CUST1057,Mumbai,MER194,Entertainment,2026-10-06 02:38:00,Credit Card,Web,37393.57,INR,324223.54,709,No,32,Yes,Pending,Low,0
TXN001116,CUST0605,Mumbai,MER268,Healthcare,2026-08-23 21:43:00,Debit Card,iPhone,10629.74,INR,149495.78,321,Yes,54,Yes,Failed,High,0
TXN001117,CUST0635,Delhi,MER043,Bills,2026-11-15 00:16:00,UPI,iPhone,54397.64,INR,146521.03,699,Yes,46,No,Failed,Low,0
TXN001118,CUST0756,Delhi,MER279,Entertainment,2026-03-10 01:38:00,Debit Card,Android,14010.45,INR,479649.99,323,Yes,61,No,Failed,Medium,0
TXN001119,CUST1087,Bengaluru,MER012,Travel,2026-09-24 01:39:00,UPI,iPhone,59411.19,INR,121480.25,812,Yes,36,No,Pending,Low,0
TXN001120,CUST0127,Delhi,MER020,Shopping,2026-09-08 01:35:00,UPI,iPhone,34936.89,INR,120169.74,521,Yes,98,No,Success,High,0
TXN001121,CUST0251,Hyderabad,MER114,Travel,2026-10-21 10:28:00,UPI,Android,19343.63,INR,48192.87,765,No,93,Yes,Pending,Low,0
TXN001122,CUST0188,Mumbai,MER253,Travel,2026-02-19 01:05:00,Wallet,Web,45492.11,INR,162187.06,531,Yes,53,Yes,Pending,Low,0
TXN001123,CUST1035,Hyderabad,MER168,Bills,2026-02-04 16:48:00,Wallet,Web,71716.67,INR,429330.85,865,Yes,2,Yes,Success,Low,0
TXN001124,CUST0219,Delhi,MER213,Food,2026-07-20 03:42:00,Credit Card,Web,74794.79,INR,262411.0,313,Yes,89,No,Failed,Medium,1
TXN001125,CUST0581,Bengaluru,MER062,Entertainment,2026-11-27 13:40:00,Wallet,Android,47769.77,INR,441258.35,518,No,48,No,Success,Low,0
TXN001126,CUST0253,Bengaluru,MER295,Shopping,2026-02-09 15:11:00,NetBanking,iPhone,5737.37,INR,113696.2,706,No,44,Yes,Pending,Low,0
TXN001127,CUST0323,Mumbai,MER259,Travel,2026-01-27 18:15:00,Credit Card,iPhone,56743.96,INR,138234.81,645,No,10,Yes,Failed,Low,0
TXN001128,CUST1065,Bengaluru,MER209,Entertainment,2026-01-16 14:27:00,Debit Card,Web,52162.37,INR,11605.85,645,Yes,64,No,Failed,Medium,0
TXN001129,CUST0197,Pune,MER066,Bills,2026-10-12 02:25:00,UPI,Android,72472.27,INR,471980.13,356,Yes,47,No,Failed,High,0
TXN001130,CUST0056,Hyderabad,MER079,Entertainment,2026-06-15 21:20:00,UPI,iPhone,6646.71,INR,470214.31,517,Yes,23,Yes,Failed,Medium,0
TXN001131,CUST1043,Bengaluru,MER094,Bills,2026-07-28 06:34:00,UPI,iPhone,26697.53,INR,313562.77,796,No,98,Yes,Pending,Low,0
TXN001132,CUST0083,Pune,MER124,Shopping,2026-11-23 08:31:00,NetBanking,Android,73794.31,INR,397111.87,758,Yes,44,No,Success,Medium,0
TXN001133,CUST1083,Mumbai,MER209,Food,2026-03-19 04:08:00,Credit Card,Web,64715.27,INR,187777.0,427,Yes,14,No,Failed,High,0
TXN001134,CUST0755,Bengaluru,MER298,Entertainment,2026-01-24 14:34:00,Debit Card,iPhone,52053.66,INR,287469.66,316,No,33,Yes,Failed,High,0
TXN001135,CUST1173,Hyderabad,MER152,Healthcare,2026-08-22 15:41:00,NetBanking,Web,52968.0,INR,373263.49,767,Yes,67,No,Success,High,0
TXN001136,CUST1165,Mumbai,MER076,Shopping,2026-07-25 20:00:00,UPI,iPhone,58769.14,INR,11615.41,812,No,73,Yes,Success,Low,0
TXN001137,CUST0457,Delhi,MER073,Bills,2026-05-28 04:03:00,NetBanking,Web,8144.45,INR,480353.39,356,No,80,Yes,Pending,Medium,0
TXN001138,CUST0937,Hyderabad,MER016,Entertainment,2026-06-10 22:09:00,Credit Card,Web,11641.96,INR,108737.52,875,Yes,67,Yes,Failed,High,0
TXN001139,CUST0500,Bengaluru,MER071,Entertainment,2026-11-23 14:40:00,NetBanking,Android,49697.5,INR,418149.65,591,Yes,45,No,Pending,Low,0
TXN001140,CUST0890,Delhi,MER016,Healthcare,2026-10-20 22:34:00,Credit Card,iPhone,73620.22,INR,295665.55,667,Yes,56,No,Success,High,0
TXN001141,CUST0834,Pune,MER111,Food,2026-07-24 13:01:00,Wallet,iPhone,28694.89,INR,50028.14,449,Yes,68,No,Pending,Medium,0
TXN001142,CUST0394,Delhi,MER205,Healthcare,2026-02-24 05:33:00,Credit Card,Web,73535.95,INR,398345.5,618,No,81,Yes,Success,Low,0
TXN001143,CUST0014,Bengaluru,MER223,Healthcare,2026-05-23 05:45:00,Wallet,Android,35891.73,INR,499223.3,419,No,65,Yes,Success,Low,0
TXN001144,CUST0053,Pune,MER034,Bills,2026-07-12 04:05:00,UPI,Web,50130.26,INR,324494.31,382,No,81,Yes,Pending,Medium,0
TXN001145,CUST0363,Bengaluru,MER101,Healthcare,2026-12-12 16:11:00,Wallet,Web,4093.18,INR,206156.35,447,Yes,94,No,Success,High,0
TXN001146,CUST1015,Hyderabad,MER227,Healthcare,2026-04-13 11:47:00,Wallet,Android,20999.42,INR,30032.82,759,Yes,93,No,Failed,High,1
TXN001147,CUST0040,Bengaluru,MER048,Entertainment,2026-11-14 15:34:00,Wallet,Web,9769.56,INR,313069.45,785,No,7,Yes,Pending,High,0
TXN001148,CUST0540,Pune,MER204,Healthcare,2026-09-03 15:01:00,NetBanking,iPhone,69937.74,INR,34511.89,499,Yes,26,No,Success,Low,1
TXN001149,CUST0351,Mumbai,MER177,Bills,2026-02-09 13:57:00,Wallet,Web,70294.38,INR,463656.24,775,Yes,27,Yes,Pending,Low,0
TXN001150,CUST0778,Pune,MER113,Bills,2026-03-28 15:26:00,NetBanking,Web,5913.02,INR,159560.21,778,No,70,No,Failed,Low,0
TXN001151,CUST1117,Delhi,MER158,Shopping,2026-08-04 17:49:00,UPI,Web,14295.23,INR,480657.68,892,No,7,Yes,Failed,Medium,0
TXN001152,CUST0194,Hyderabad,MER142,Shopping,2026-01-20 06:14:00,Credit Card,iPhone,38279.94,INR,103240.27,556,Yes,51,No,Pending,Low,0
TXN001153,CUST1024,Bengaluru,MER088,Travel,2026-01-28 08:55:00,UPI,Android,69577.74,INR,319892.17,803,Yes,14,Yes,Failed,High,0
TXN001154,CUST0697,Hyderabad,MER225,Travel,2026-10-03 22:26:00,Wallet,Android,69795.3,INR,437491.89,852,Yes,15,Yes,Pending,High,0
TXN001155,CUST1173,Hyderabad,MER012,Bills,2026-10-14 00:44:00,NetBanking,Web,74693.71,INR,359872.28,738,No,88,Yes,Failed,Medium,0
TXN001156,CUST0484,Hyderabad,MER266,Travel,2026-11-10 03:40:00,UPI,iPhone,52514.36,INR,382503.48,685,Yes,11,Yes,Success,Low,0
TXN001157,CUST0327,Pune,MER202,Entertainment,2026-11-15 00:19:00,Debit Card,Android,47195.54,INR,388866.0,852,No,14,No,Failed,High,0
TXN001158,CUST0357,Pune,MER293,Travel,2026-04-30 04:47:00,NetBanking,iPhone,11292.53,INR,484489.35,340,No,31,No,Pending,High,0
TXN001159,CUST0034,Mumbai,MER065,Food,2026-11-06 19:02:00,Debit Card,Android,40648.49,INR,475748.59,535,No,93,No,Pending,Medium,0
TXN001160,CUST0692,Bengaluru,MER263,Healthcare,2026-08-18 04:47:00,UPI,Web,48634.83,INR,42923.05,655,No,81,No,Success,High,0
TXN001161,CUST0367,Mumbai,MER279,Bills,2026-06-12 23:00:00,Wallet,iPhone,49119.37,INR,98798.39,491,Yes,79,No,Failed,Medium,0
TXN001162,CUST0945,Hyderabad,MER273,Bills,2026-05-20 23:35:00,NetBanking,Android,58522.99,INR,428654.86,888,No,65,No,Pending,Low,0
TXN001163,CUST1058,Bengaluru,MER101,Bills,2026-09-30 23:32:00,UPI,Web,62781.63,INR,266538.19,836,Yes,52,Yes,Pending,High,1
TXN001164,CUST0062,Delhi,MER200,Bills,2026-09-22 22:38:00,NetBanking,iPhone,59434.54,INR,343120.59,882,Yes,4,Yes,Success,Medium,0
TXN001165,CUST0702,Delhi,MER138,Shopping,2026-03-08 11:11:00,NetBanking,iPhone,67484.51,INR,230882.22,703,Yes,18,No,Pending,Medium,1
TXN001166,CUST0273,Bengaluru,MER295,Shopping,2026-10-15 11:03:00,Wallet,Android,13942.95,INR,433279.77,499,Yes,44,No,Success,Medium,0
TXN001167,CUST0672,Mumbai,MER273,Shopping,2026-09-21 00:36:00,Wallet,Android,5988.93,INR,457062.97,651,No,22,Yes,Failed,High,0
TXN001168,CUST0704,Bengaluru,MER190,Food,2026-03-23 09:26:00,NetBanking,Android,16639.48,INR,280406.83,700,No,47,Yes,Pending,Medium,0
TXN001169,CUST1145,Delhi,MER009,Healthcare,2026-04-27 16:03:00,Wallet,Web,38929.75,INR,144365.07,567,Yes,1,Yes,Failed,High,0
TXN001170,CUST1050,Bengaluru,MER039,Food,2026-11-29 17:36:00,Wallet,Web,46746.06,INR,242640.29,348,Yes,67,No,Pending,Low,0
TXN001171,CUST0746,Mumbai,MER202,Shopping,2026-02-02 02:46:00,Debit Card,iPhone,20199.65,INR,227384.69,634,No,26,Yes,Success,High,0
TXN001172,CUST0440,Hyderabad,MER244,Entertainment,2026-11-04 23:22:00,NetBanking,Android,13029.75,INR,119836.27,736,No,41,Yes,Success,High,0
TXN001173,CUST0224,Delhi,MER045,Food,2026-10-10 15:42:00,Debit Card,Android,19946.27,INR,228859.85,841,Yes,90,No,Pending,Low,0
TXN001174,CUST0979,Pune,MER140,Shopping,2026-02-17 05:59:00,Credit Card,Web,45388.28,INR,263864.76,656,No,21,Yes,Failed,High,0
TXN001175,CUST0120,Delhi,MER299,Healthcare,2026-06-01 06:48:00,Wallet,Web,60686.16,INR,221658.54,605,Yes,18,No,Pending,Medium,0
TXN001176,CUST0573,Bengaluru,MER174,Entertainment,2026-08-03 04:49:00,Wallet,iPhone,38275.42,INR,398504.62,624,No,23,Yes,Failed,High,0
TXN001177,CUST0877,Delhi,MER014,Travel,2026-12-06 12:57:00,UPI,Android,68288.3,INR,22394.59,614,No,82,Yes,Pending,High,0
TXN001178,CUST0485,Mumbai,MER060,Shopping,2026-11-13 04:56:00,Debit Card,Android,65883.01,INR,104963.62,631,No,62,Yes,Pending,Low,1
TXN001179,CUST0374,Pune,MER146,Shopping,2026-04-14 12:48:00,NetBanking,Web,47513.67,INR,308837.38,695,No,19,No,Pending,Low,0
TXN001180,CUST0904,Delhi,MER212,Travel,2026-09-29 22:30:00,UPI,Android,31741.96,INR,183780.76,827,Yes,48,No,Success,Low,0
TXN001181,CUST0355,Bengaluru,MER055,Entertainment,2026-02-18 16:30:00,Credit Card,Android,39446.56,INR,64021.41,446,Yes,81,No,Pending,Low,0
TXN001182,CUST0185,Bengaluru,MER126,Bills,2026-04-06 12:48:00,Wallet,Android,4442.66,INR,102774.56,866,No,45,Yes,Pending,Low,0
TXN001183,CUST0934,Mumbai,MER093,Shopping,2026-06-24 18:59:00,Wallet,iPhone,57524.79,INR,130909.99,671,No,62,Yes,Failed,Low,0
TXN001184,CUST0185,Bengaluru,MER233,Bills,2026-11-24 13:16:00,NetBanking,Android,64708.08,INR,365048.57,701,Yes,71,Yes,Pending,Medium,0
TXN001185,CUST0937,Mumbai,MER102,Bills,2026-10-14 14:45:00,Credit Card,Web,72027.09,INR,328042.65,490,Yes,42,Yes,Success,Low,0
TXN001186,CUST0439,Hyderabad,MER088,Food,2026-09-24 19:20:00,Wallet,iPhone,43257.07,INR,328966.3,899,Yes,82,No,Success,High,0
TXN001187,CUST0342,Delhi,MER187,Entertainment,2026-03-31 00:39:00,NetBanking,Web,41308.41,INR,102390.07,869,No,35,No,Success,Medium,0
TXN001188,CUST1010,Mumbai,MER083,Bills,2026-04-16 12:41:00,Credit Card,Android,54364.46,INR,285950.81,567,No,74,No,Pending,High,0
TXN001189,CUST0916,Bengaluru,MER299,Bills,2026-01-01 23:29:00,Credit Card,Web,54382.73,INR,87990.95,371,Yes,8,No,Success,High,1
TXN001190,CUST1020,Pune,MER110,Bills,2026-09-15 17:53:00,Debit Card,Android,67582.42,INR,290209.7,871,Yes,17,Yes,Success,High,0
TXN001191,CUST0747,Hyderabad,MER028,Healthcare,2026-03-10 14:37:00,Credit Card,Android,56461.12,INR,441802.37,571,No,78,No,Pending,High,1
TXN001192,CUST0716,Mumbai,MER191,Entertainment,2026-07-07 06:19:00,Debit Card,Android,37953.54,INR,119161.13,847,No,8,Yes,Success,Low,0
TXN001193,CUST0795,Pune,MER294,Healthcare,2026-04-27 18:37:00,UPI,iPhone,20874.2,INR,34137.81,466,Yes,94,Yes,Success,Low,0
TXN001194,CUST0714,Pune,MER048,Shopping,2026-03-14 09:29:00,Wallet,iPhone,48225.52,INR,327223.6,823,Yes,8,Yes,Success,High,0
TXN001195,CUST0431,Bengaluru,MER256,Food,2026-08-10 14:52:00,UPI,Android,31180.52,INR,199511.93,454,Yes,15,Yes,Success,Low,0
TXN001196,CUST0840,Hyderabad,MER072,Food,2026-02-11 22:20:00,NetBanking,Web,65007.48,INR,337045.42,418,Yes,49,No,Success,Low,0
TXN001197,CUST0066,Hyderabad,MER070,Entertainment,2026-05-05 20:38:00,NetBanking,iPhone,68498.13,INR,466268.8,502,Yes,5,No,Pending,Low,1
TXN001198,CUST1099,Pune,MER092,Bills,2026-08-25 21:15:00,Debit Card,Web,32370.01,INR,52711.15,588,Yes,13,Yes,Failed,Low,0
TXN001199,CUST0288,Delhi,MER005,Healthcare,2026-08-31 02:11:00,Debit Card,Android,59241.98,INR,75913.91,593,No,17,Yes,Pending,Low,0
TXN001200,CUST0780,Pune,MER001,Travel,2026-09-18 13:38:00,NetBanking,Web,52552.91,INR,173274.15,897,No,3,Yes,Success,Medium,0
TXN001201,CUST0869,Delhi,MER282,Shopping,2026-07-16 11:26:00,Debit Card,iPhone,8916.4,INR,154165.63,433,Yes,4,No,Success,High,0
TXN001202,CUST0987,Pune,MER217,Food,2026-05-12 17:39:00,NetBanking,Android,58393.51,INR,240175.94,870,No,36,Yes,Success,High,1
TXN001203,CUST0175,Hyderabad,MER219,Healthcare,2026-01-09 03:33:00,Wallet,Android,46464.47,INR,65863.82,588,Yes,44,No,Failed,Low,0
TXN001204,CUST0455,Delhi,MER017,Travel,2026-01-22 08:28:00,UPI,Android,62086.02,INR,308452.46,715,No,73,No,Failed,Medium,0
TXN001205,CUST0133,Delhi,MER227,Healthcare,2026-09-04 12:18:00,Debit Card,iPhone,66980.33,INR,143236.76,476,Yes,33,No,Success,Low,1
TXN001206,CUST0890,Pune,MER057,Food,2026-07-22 01:09:00,UPI,Android,62761.03,INR,398832.27,826,Yes,5,Yes,Success,High,1
TXN001207,CUST0817,Delhi,MER047,Bills,2026-02-28 22:28:00,Wallet,Web,59443.89,INR,22269.1,313,Yes,94,No,Failed,Low,0
TXN001208,CUST0222,Delhi,MER032,Bills,2026-01-31 17:48:00,Credit Card,Web,11126.95,INR,22182.86,763,Yes,32,Yes,Failed,High,0
TXN001209,CUST0098,Delhi,MER185,Healthcare,2026-04-11 07:46:00,Wallet,iPhone,17204.59,INR,100547.77,710,Yes,15,Yes,Success,Low,0
TXN001210,CUST1089,Bengaluru,MER182,Bills,2026-06-05 01:38:00,Wallet,Web,42393.54,INR,127626.57,330,Yes,16,Yes,Failed,Low,0
TXN001211,CUST0825,Mumbai,MER226,Shopping,2026-11-02 05:26:00,Wallet,iPhone,74981.91,INR,218967.62,452,Yes,46,Yes,Pending,Low,0
TXN001212,CUST0066,Pune,MER137,Bills,2026-06-01 00:36:00,Wallet,Android,62305.36,INR,155990.04,638,Yes,97,Yes,Success,Low,0
TXN001213,CUST0958,Pune,MER130,Food,2026-01-08 03:41:00,Debit Card,Web,33530.91,INR,118740.03,865,Yes,92,No,Pending,Low,0
TXN001214,CUST0135,Delhi,MER089,Food,2026-04-04 00:46:00,NetBanking,Web,23642.22,INR,251416.18,604,No,51,No,Pending,Low,0
TXN001215,CUST0900,Pune,MER213,Bills,2026-08-08 12:58:00,NetBanking,Web,48609.06,INR,147015.39,720,No,13,Yes,Success,Medium,0
TXN001216,CUST0983,Bengaluru,MER137,Travel,2026-03-26 22:35:00,Credit Card,iPhone,21513.39,INR,219009.96,515,No,75,Yes,Pending,Medium,0
TXN001217,CUST0541,Mumbai,MER221,Entertainment,2026-02-20 19:33:00,UPI,Android,60529.87,INR,234166.97,827,No,70,Yes,Success,Low,1
TXN001218,CUST0057,Delhi,MER049,Healthcare,2026-12-10 14:18:00,UPI,Android,30817.43,INR,185319.12,885,No,19,Yes,Success,Medium,0
TXN001219,CUST0594,Bengaluru,MER016,Food,2026-07-19 00:25:00,Wallet,iPhone,72189.69,INR,152752.92,441,Yes,98,Yes,Failed,Medium,0
TXN001220,CUST0478,Bengaluru,MER226,Healthcare,2026-05-17 02:18:00,Wallet,Android,39155.53,INR,270010.78,363,Yes,34,Yes,Failed,Medium,0
TXN001221,CUST0369,Mumbai,MER195,Healthcare,2026-01-31 23:51:00,Debit Card,Web,24028.46,INR,202211.52,386,Yes,66,No,Pending,High,0
TXN001222,CUST0868,Bengaluru,MER259,Travel,2026-06-18 16:53:00,Wallet,Web,20295.8,INR,471691.81,788,Yes,35,Yes,Pending,Medium,0
TXN001223,CUST0182,Bengaluru,MER217,Food,2026-05-10 02:37:00,Wallet,Android,17215.71,INR,247683.38,865,Yes,23,No,Failed,High,0
TXN001224,CUST0683,Hyderabad,MER182,Food,2026-10-11 15:16:00,Wallet,Web,67034.34,INR,399134.23,707,Yes,38,Yes,Pending,Medium,0
TXN001225,CUST0771,Hyderabad,MER280,Travel,2026-09-20 06:33:00,Debit Card,Web,52656.79,INR,215224.81,572,No,66,No,Success,Low,1
TXN001226,CUST0693,Pune,MER198,Travel,2026-02-28 04:25:00,Debit Card,Web,33307.1,INR,380264.56,716,No,70,Yes,Success,High,0
TXN001227,CUST0545,Bengaluru,MER205,Healthcare,2026-09-11 15:45:00,NetBanking,Android,72575.24,INR,307426.04,746,Yes,34,No,Failed,Low,0
TXN001228,CUST1180,Pune,MER218,Food,2026-08-15 21:56:00,UPI,Android,74294.83,INR,150649.94,519,Yes,76,Yes,Failed,High,0
TXN001229,CUST0419,Hyderabad,MER056,Travel,2026-03-19 16:13:00,Wallet,Web,56666.72,INR,204408.62,300,No,24,Yes,Success,Medium,0
TXN001230,CUST0821,Delhi,MER012,Travel,2026-05-12 04:29:00,Debit Card,iPhone,24104.89,INR,248300.39,568,Yes,79,Yes,Failed,Medium,0
TXN001231,CUST0593,Delhi,MER015,Healthcare,2026-06-01 14:28:00,Wallet,Android,48778.43,INR,235553.06,795,Yes,99,Yes,Pending,Medium,0
TXN001232,CUST1120,Pune,MER280,Healthcare,2026-11-27 10:19:00,UPI,iPhone,44599.15,INR,231400.81,864,Yes,13,No,Success,Medium,0
TXN001233,CUST0215,Mumbai,MER168,Healthcare,2026-03-09 06:00:00,Wallet,Web,20329.84,INR,188889.35,571,No,79,Yes,Pending,High,0
TXN001234,CUST0902,Delhi,MER260,Bills,2026-07-26 12:27:00,Debit Card,Web,29699.15,INR,446369.08,392,No,44,No,Failed,High,0
TXN001235,CUST0277,Bengaluru,MER093,Food,2026-11-04 14:08:00,Wallet,iPhone,3716.55,INR,123951.85,690,Yes,45,Yes,Success,Medium,0
TXN001236,CUST0127,Mumbai,MER276,Healthcare,2026-10-22 00:04:00,Wallet,Android,5913.9,INR,211203.16,554,No,91,Yes,Success,High,0
TXN001237,CUST0115,Hyderabad,MER249,Food,2026-01-18 21:29:00,UPI,Web,43453.58,INR,328375.93,886,No,18,No,Pending,High,0
TXN001238,CUST0771,Hyderabad,MER141,Entertainment,2026-11-10 16:27:00,NetBanking,Web,18781.33,INR,218019.1,809,No,7,No,Failed,Medium,0
TXN001239,CUST0637,Delhi,MER217,Shopping,2026-06-28 09:56:00,Wallet,iPhone,12153.96,INR,269221.46,329,No,40,No,Success,Low,0
TXN001240,CUST0268,Mumbai,MER190,Shopping,2026-10-18 21:09:00,Wallet,iPhone,58598.84,INR,391856.27,488,No,44,No,Success,Low,0
TXN001241,CUST0711,Mumbai,MER028,Food,2026-09-10 23:11:00,Wallet,Android,29748.85,INR,427932.17,421,Yes,20,No,Success,Medium,0
TXN001242,CUST0971,Delhi,MER206,Travel,2026-10-06 02:15:00,Debit Card,Web,32125.09,INR,34598.8,328,Yes,11,Yes,Failed,High,0
TXN001243,CUST1031,Delhi,MER274,Healthcare,2026-08-21 19:19:00,Wallet,Android,73762.38,INR,4053.52,849,Yes,14,No,Pending,High,1
TXN001244,CUST1145,Mumbai,MER101,Food,2026-03-04 22:43:00,NetBanking,Web,73648.75,INR,441356.8,666,No,2,No,Failed,Low,0
TXN001245,CUST0337,Hyderabad,MER039,Travel,2026-09-23 22:44:00,UPI,Android,74566.32,INR,27682.14,841,No,30,No,Failed,Low,0
TXN001246,CUST0791,Bengaluru,MER025,Bills,2026-07-21 17:51:00,Debit Card,Web,32267.68,INR,85233.01,571,Yes,40,Yes,Success,High,0
TXN001247,CUST1032,Delhi,MER130,Shopping,2026-10-18 03:33:00,Debit Card,Android,41820.76,INR,16686.33,739,No,40,No,Failed,High,0
TXN001248,CUST0404,Pune,MER058,Travel,2026-12-10 20:51:00,Credit Card,Android,35052.46,INR,467392.73,758,No,99,No,Pending,High,0
TXN001249,CUST0816,Mumbai,MER125,Entertainment,2026-04-17 20:22:00,Credit Card,iPhone,55013.32,INR,85690.8,496,No,88,Yes,Success,Medium,0
TXN001250,CUST1112,Pune,MER035,Healthcare,2026-10-13 11:01:00,Wallet,Android,26535.19,INR,413524.08,561,No,92,Yes,Success,Medium,1
TXN001251,CUST0471,Delhi,MER280,Healthcare,2026-10-30 02:24:00,Credit Card,iPhone,45673.88,INR,312440.35,534,No,30,No,Success,Low,0
TXN001252,CUST0213,Bengaluru,MER036,Entertainment,2026-11-14 16:46:00,Wallet,iPhone,64340.73,INR,237611.15,593,Yes,55,No,Success,Medium,0
TXN001253,CUST0737,Delhi,MER135,Bills,2026-01-20 11:22:00,NetBanking,Android,19072.61,INR,409905.17,670,Yes,61,Yes,Failed,High,0
TXN001254,CUST0657,Mumbai,MER064,Travel,2026-07-15 09:09:00,Wallet,Web,58825.18,INR,256733.67,561,No,80,No,Pending,High,1
TXN001255,CUST0125,Delhi,MER162,Bills,2026-07-30 17:24:00,Credit Card,iPhone,38596.65,INR,53222.41,760,Yes,33,No,Success,Low,0
TXN001256,CUST1107,Hyderabad,MER130,Travel,2026-04-08 12:04:00,Credit Card,Android,60770.58,INR,415989.13,531,No,21,Yes,Success,High,0
TXN001257,CUST0231,Bengaluru,MER256,Food,2026-05-23 16:26:00,Credit Card,Web,59430.31,INR,105835.04,476,Yes,92,Yes,Success,Low,1
TXN001258,CUST0031,Mumbai,MER118,Travel,2026-11-20 15:52:00,UPI,Android,9102.07,INR,32452.35,834,No,60,No,Failed,Low,0
TXN001259,CUST1144,Hyderabad,MER198,Food,2026-01-05 01:54:00,NetBanking,Android,3417.31,INR,409097.1,493,No,50,Yes,Failed,Low,0
TXN001260,CUST1133,Delhi,MER164,Entertainment,2026-03-30 19:49:00,UPI,Web,68796.84,INR,255657.04,348,No,36,No,Pending,High,1
TXN001261,CUST0837,Bengaluru,MER162,Entertainment,2026-10-15 16:02:00,UPI,Android,10386.19,INR,2821.31,317,No,97,No,Success,Low,0
TXN001262,CUST0675,Bengaluru,MER195,Bills,2026-10-31 16:23:00,UPI,iPhone,27766.97,INR,10753.03,347,No,56,No,Failed,Medium,0
TXN001263,CUST0805,Delhi,MER154,Food,2026-09-16 02:58:00,UPI,Web,6920.22,INR,420521.01,530,No,1,No,Pending,Medium,1
TXN001264,CUST0551,Bengaluru,MER241,Food,2026-07-10 08:13:00,NetBanking,Android,7560.86,INR,184274.84,875,Yes,56,No,Pending,Low,0
TXN001265,CUST1095,Bengaluru,MER290,Healthcare,2026-05-28 13:11:00,Credit Card,iPhone,22079.2,INR,303859.69,315,Yes,70,No,Pending,High,0
TXN001266,CUST0243,Hyderabad,MER271,Entertainment,2026-08-29 10:46:00,Wallet,Web,39012.53,INR,37251.28,331,No,76,No,Success,Medium,0
TXN001267,CUST0931,Hyderabad,MER012,Entertainment,2026-08-05 12:34:00,Credit Card,Android,34026.0,INR,12116.2,389,Yes,56,No,Failed,High,0
TXN001268,CUST0383,Hyderabad,MER008,Shopping,2026-01-29 15:20:00,NetBanking,Android,39157.81,INR,380765.16,885,No,18,Yes,Failed,Medium,0
TXN001269,CUST0242,Hyderabad,MER250,Bills,2026-04-16 20:56:00,UPI,Web,25184.37,INR,374228.65,799,No,50,Yes,Success,Low,0
TXN001270,CUST1130,Mumbai,MER144,Food,2026-08-10 13:36:00,NetBanking,iPhone,40644.96,INR,470042.73,746,No,23,Yes,Success,High,0
TXN001271,CUST0153,Hyderabad,MER028,Entertainment,2026-11-17 23:54:00,Debit Card,Web,70728.02,INR,365974.23,572,Yes,14,No,Pending,Medium,1
TXN001272,CUST0093,Delhi,MER223,Healthcare,2026-02-16 00:39:00,UPI,Web,27976.17,INR,71626.43,675,No,1,Yes,Pending,Low,0
TXN001273,CUST0701,Hyderabad,MER141,Food,2026-06-17 05:55:00,Credit Card,Android,4771.43,INR,413813.12,585,No,23,Yes,Pending,High,0
TXN001274,CUST0574,Pune,MER030,Food,2026-06-26 18:08:00,NetBanking,Web,24620.81,INR,472714.61,829,Yes,21,No,Pending,Medium,0
TXN001275,CUST0860,Pune,MER200,Healthcare,2026-12-03 11:44:00,Debit Card,Android,18042.98,INR,241253.69,360,No,72,Yes,Success,Low,0
TXN001276,CUST0365,Hyderabad,MER056,Entertainment,2026-02-01 08:59:00,Debit Card,Android,43085.58,INR,214274.43,344,No,30,No,Success,High,0
TXN001277,CUST0947,Pune,MER221,Healthcare,2026-04-25 06:59:00,UPI,Android,10229.6,INR,478533.57,562,Yes,65,No,Pending,High,0
TXN001278,CUST0289,Bengaluru,MER268,Bills,2026-05-31 10:38:00,NetBanking,Web,24555.62,INR,286969.09,722,No,17,No,Failed,Medium,0
TXN001279,CUST1055,Mumbai,MER243,Travel,2026-10-21 00:13:00,Debit Card,Web,57454.01,INR,42238.59,372,Yes,34,No,Success,Low,0
TXN001280,CUST0826,Mumbai,MER094,Food,2026-06-20 11:49:00,Debit Card,Android,26397.59,INR,485439.28,668,No,33,Yes,Failed,Low,0
TXN001281,CUST0560,Bengaluru,MER223,Food,2026-09-29 08:48:00,Wallet,iPhone,31562.35,INR,97684.31,861,Yes,92,No,Failed,High,0
TXN001282,CUST0363,Delhi,MER117,Bills,2026-12-02 09:01:00,Debit Card,iPhone,37763.42,INR,457587.25,853,Yes,43,No,Success,Medium,0
TXN001283,CUST0806,Delhi,MER230,Healthcare,2026-05-03 04:11:00,Debit Card,Android,61226.5,INR,182746.82,706,Yes,27,Yes,Pending,Low,0
TXN001284,CUST0683,Delhi,MER055,Food,2026-06-29 15:15:00,Debit Card,Web,44563.12,INR,14750.61,404,Yes,13,Yes,Success,Medium,0
TXN001285,CUST0040,Mumbai,MER169,Shopping,2026-09-14 09:02:00,Wallet,Web,58422.61,INR,195143.48,481,Yes,82,Yes,Failed,High,0
TXN001286,CUST0646,Delhi,MER043,Entertainment,2026-03-06 11:45:00,UPI,Android,46581.27,INR,333763.84,486,No,41,No,Success,Low,0
TXN001287,CUST0104,Pune,MER164,Food,2026-05-03 19:01:00,Credit Card,Web,11859.99,INR,465320.2,655,No,57,No,Success,Medium,0
TXN001288,CUST1009,Pune,MER227,Entertainment,2026-03-11 15:16:00,Credit Card,iPhone,21203.32,INR,297885.27,350,No,91,No,Pending,Low,0
TXN001289,CUST0099,Pune,MER202,Shopping,2026-09-04 16:25:00,NetBanking,Android,68510.88,INR,484947.53,312,Yes,89,Yes,Success,Medium,0
TXN001290,CUST0440,Hyderabad,MER024,Healthcare,2026-08-11 16:01:00,Debit Card,Android,26128.77,INR,36932.32,607,Yes,29,No,Pending,High,0
TXN001291,CUST0499,Delhi,MER291,Shopping,2026-02-23 08:12:00,UPI,iPhone,66895.18,INR,194573.25,334,Yes,53,No,Pending,High,0
TXN001292,CUST1170,Hyderabad,MER281,Food,2026-01-27 19:53:00,NetBanking,iPhone,998.36,INR,358847.28,788,No,6,Yes,Failed,High,1
TXN001293,CUST0447,Mumbai,MER292,Shopping,2026-04-22 16:28:00,NetBanking,Web,20043.85,INR,481626.9,683,Yes,3,Yes,Failed,Medium,0
TXN001294,CUST0322,Delhi,MER168,Food,2026-03-21 08:37:00,Credit Card,Web,34396.55,INR,174621.49,311,Yes,64,Yes,Failed,Medium,0
TXN001295,CUST0377,Delhi,MER055,Bills,2026-07-15 14:27:00,Debit Card,Android,19147.69,INR,291474.36,491,Yes,29,Yes,Failed,Medium,0
TXN001296,CUST0066,Bengaluru,MER021,Entertainment,2026-11-22 20:53:00,Wallet,Web,64203.74,INR,24151.03,550,Yes,82,No,Pending,Medium,1
TXN001297,CUST0239,Pune,MER197,Bills,2026-06-11 16:21:00,Credit Card,Android,18238.32,INR,308516.88,306,No,87,No,Failed,Medium,0
TXN001298,CUST1113,Hyderabad,MER166,Healthcare,2026-11-10 08:56:00,Credit Card,Android,56572.7,INR,86324.97,733,No,22,No,Success,Low,0
TXN001299,CUST0367,Pune,MER073,Bills,2026-05-15 17:29:00,Debit Card,Web,71494.78,INR,94082.77,561,No,60,Yes,Pending,High,1
TXN001300,CUST0235,Pune,MER177,Travel,2026-03-24 03:45:00,NetBanking,Android,9473.65,INR,91285.34,741,Yes,13,Yes,Success,Medium,0
TXN001301,CUST1174,Hyderabad,MER003,Entertainment,2026-05-14 06:31:00,NetBanking,Android,68019.69,INR,217433.69,414,No,28,No,Failed,High,0
TXN001302,CUST0641,Bengaluru,MER238,Entertainment,2026-06-21 06:48:00,Credit Card,Web,41304.07,INR,345675.22,690,Yes,91,Yes,Failed,Low,0
TXN001303,CUST0443,Pune,MER281,Bills,2026-08-10 14:31:00,Credit Card,Web,35916.69,INR,454398.82,791,Yes,66,No,Failed,Medium,0
TXN001304,CUST0283,Mumbai,MER245,Travel,2026-01-01 10:39:00,UPI,Android,64970.12,INR,276048.72,601,Yes,81,Yes,Success,High,0
TXN001305,CUST0182,Delhi,MER143,Bills,2026-04-12 11:51:00,Credit Card,Web,70914.67,INR,66707.87,837,Yes,9,No,Failed,High,1
TXN001306,CUST0021,Mumbai,MER007,Travel,2026-01-14 03:35:00,Credit Card,Android,45191.21,INR,139222.11,452,Yes,17,Yes,Pending,Medium,0
TXN001307,CUST0261,Pune,MER125,Shopping,2026-09-19 08:41:00,Credit Card,Android,37362.07,INR,449357.06,433,Yes,54,No,Success,Medium,0
TXN001308,CUST0118,Delhi,MER119,Bills,2026-06-16 08:36:00,Wallet,iPhone,19024.85,INR,199543.95,898,Yes,79,Yes,Success,Low,0
TXN001309,CUST0184,Hyderabad,MER038,Bills,2026-04-19 16:39:00,Wallet,Web,51290.35,INR,21397.44,462,Yes,16,Yes,Failed,Low,0
TXN001310,CUST0137,Bengaluru,MER199,Bills,2026-03-01 01:20:00,Credit Card,Web,63164.17,INR,41498.77,507,Yes,54,No,Success,High,0
TXN001311,CUST0755,Hyderabad,MER202,Bills,2026-10-02 05:03:00,UPI,iPhone,4209.66,INR,117700.07,703,Yes,11,No,Failed,Medium,0
TXN001312,CUST0522,Delhi,MER019,Bills,2026-06-07 02:22:00,Wallet,Android,4552.13,INR,342744.05,493,Yes,73,No,Failed,Low,0
TXN001313,CUST0343,Hyderabad,MER098,Travel,2026-11-05 04:54:00,Credit Card,iPhone,22686.52,INR,68210.13,420,Yes,38,Yes,Failed,Low,0
TXN001314,CUST0704,Bengaluru,MER165,Shopping,2026-09-03 05:11:00,Credit Card,Android,58941.57,INR,339909.72,825,Yes,69,No,Pending,High,0
TXN001315,CUST0835,Mumbai,MER123,Entertainment,2026-04-24 06:44:00,UPI,Web,46335.09,INR,300791.78,689,No,29,Yes,Pending,Medium,0
TXN001316,CUST0577,Hyderabad,MER096,Shopping,2026-08-31 17:48:00,UPI,iPhone,60378.75,INR,266282.75,530,Yes,34,Yes,Success,High,0
TXN001317,CUST0750,Bengaluru,MER256,Bills,2026-01-11 04:34:00,Debit Card,Web,18081.6,INR,134271.01,778,No,89,No,Failed,Medium,0
TXN001318,CUST0550,Delhi,MER103,Shopping,2026-03-29 08:31:00,Wallet,iPhone,59709.03,INR,282594.52,577,No,50,No,Success,Medium,0
TXN001319,CUST0162,Mumbai,MER176,Shopping,2026-05-15 16:34:00,UPI,Web,15662.46,INR,349172.94,308,No,80,No,Pending,Low,0
TXN001320,CUST0818,Bengaluru,MER074,Shopping,2026-10-14 08:46:00,Debit Card,Web,61111.15,INR,191262.14,609,No,24,Yes,Success,Low,1
TXN001321,CUST0280,Mumbai,MER189,Entertainment,2026-08-03 06:24:00,UPI,iPhone,34000.96,INR,91614.73,425,No,7,No,Pending,High,0
TXN001322,CUST0323,Hyderabad,MER060,Shopping,2026-10-10 19:21:00,Debit Card,iPhone,43772.42,INR,107531.99,357,No,73,No,Success,High,0
TXN001323,CUST0038,Pune,MER274,Entertainment,2026-09-07 20:37:00,UPI,iPhone,57778.59,INR,470133.19,664,Yes,19,Yes,Success,Medium,1
TXN001324,CUST1141,Delhi,MER163,Travel,2026-03-18 03:16:00,Debit Card,Web,54747.11,INR,140400.72,480,No,65,No,Failed,Medium,0
TXN001325,CUST0100,Pune,MER255,Travel,2026-08-23 01:00:00,Credit Card,Web,63313.73,INR,466945.66,325,No,44,Yes,Success,Medium,0
TXN001326,CUST0881,Hyderabad,MER166,Bills,2026-03-10 13:23:00,Credit Card,iPhone,34720.68,INR,2699.24,585,Yes,83,Yes,Pending,High,0
TXN001327,CUST0900,Bengaluru,MER033,Food,2026-12-04 17:14:00,Debit Card,iPhone,26796.1,INR,324889.5,346,Yes,4,Yes,Failed,High,0
TXN001328,CUST0634,Mumbai,MER164,Bills,2026-08-30 05:36:00,Credit Card,Android,13380.04,INR,213285.89,608,Yes,74,Yes,Success,Medium,0
TXN001329,CUST0178,Hyderabad,MER085,Food,2026-03-14 06:09:00,UPI,Android,39690.91,INR,189663.65,654,No,91,Yes,Pending,Medium,0
TXN001330,CUST0382,Bengaluru,MER249,Travel,2026-05-06 05:39:00,Credit Card,Web,13217.25,INR,187390.92,660,Yes,31,Yes,Success,Low,0
TXN001331,CUST0907,Mumbai,MER098,Healthcare,2026-08-08 16:30:00,NetBanking,Android,48002.45,INR,1710.66,672,No,89,Yes,Failed,Low,0
TXN001332,CUST0179,Bengaluru,MER180,Food,2026-06-20 22:55:00,Wallet,Android,9707.62,INR,453791.6,864,No,6,Yes,Failed,High,0
TXN001333,CUST1036,Mumbai,MER103,Bills,2026-01-15 01:04:00,UPI,Android,37347.61,INR,246204.71,459,No,13,No,Pending,High,0
TXN001334,CUST1148,Mumbai,MER046,Bills,2026-08-31 13:31:00,Wallet,Web,16685.16,INR,381260.36,846,No,100,No,Failed,Low,0
TXN001335,CUST0269,Mumbai,MER108,Travel,2026-09-09 12:45:00,Credit Card,Android,24336.9,INR,476189.74,820,Yes,82,Yes,Pending,Medium,0
TXN001336,CUST1148,Bengaluru,MER079,Entertainment,2026-10-24 23:34:00,Credit Card,Android,19046.65,INR,367391.98,662,No,8,No,Success,High,0
TXN001337,CUST0762,Pune,MER200,Travel,2026-10-31 07:52:00,Wallet,Android,74467.85,INR,34267.88,417,Yes,35,No,Pending,Medium,1
TXN001338,CUST0013,Hyderabad,MER162,Travel,2026-11-08 22:35:00,NetBanking,iPhone,20697.96,INR,386312.93,875,No,20,Yes,Pending,Low,0
TXN001339,CUST0822,Pune,MER261,Shopping,2026-08-30 17:51:00,Wallet,Android,16496.97,INR,285884.38,784,No,50,Yes,Failed,High,0
TXN001340,CUST0741,Delhi,MER129,Healthcare,2026-01-27 11:26:00,Credit Card,Web,20778.13,INR,330184.43,677,Yes,55,No,Success,Low,0
TXN001341,CUST0701,Delhi,MER220,Shopping,2026-01-07 03:44:00,NetBanking,Web,42475.66,INR,46570.67,684,Yes,76,No,Failed,High,0
TXN001342,CUST0124,Hyderabad,MER001,Travel,2026-01-07 14:41:00,Debit Card,Android,37258.9,INR,217863.8,462,Yes,10,No,Success,Low,0
TXN001343,CUST0630,Pune,MER104,Healthcare,2026-03-30 17:03:00,Wallet,Web,54677.73,INR,202363.3,844,No,52,Yes,Pending,High,1
TXN001344,CUST0874,Hyderabad,MER248,Travel,2026-01-30 02:12:00,NetBanking,Android,35602.99,INR,66793.95,698,Yes,59,No,Pending,High,0
TXN001345,CUST1116,Hyderabad,MER181,Travel,2026-11-03 01:47:00,Credit Card,Web,72288.33,INR,342783.96,616,Yes,15,Yes,Pending,Medium,0
TXN001346,CUST1050,Bengaluru,MER172,Travel,2026-03-26 21:30:00,UPI,Android,24674.6,INR,23794.66,423,Yes,46,Yes,Failed,Medium,0
TXN001347,CUST0580,Bengaluru,MER234,Shopping,2026-06-24 17:45:00,UPI,Web,60570.42,INR,25920.89,443,No,72,No,Failed,Medium,1
TXN001348,CUST0892,Hyderabad,MER206,Shopping,2026-07-28 09:40:00,Wallet,Web,23202.83,INR,225619.32,616,Yes,54,Yes,Failed,Medium,0
TXN001349,CUST0527,Delhi,MER017,Food,2026-05-29 01:51:00,Credit Card,iPhone,32008.75,INR,158052.63,525,No,26,Yes,Pending,High,0
TXN001350,CUST0874,Bengaluru,MER096,Bills,2026-06-10 16:49:00,UPI,Android,28971.35,INR,441483.22,879,No,18,No,Success,Medium,0
TXN001351,CUST0955,Pune,MER092,Shopping,2026-05-08 08:17:00,UPI,Android,15457.53,INR,264979.08,773,No,87,Yes,Failed,Medium,0
TXN001352,CUST0644,Bengaluru,MER149,Healthcare,2026-08-15 00:19:00,NetBanking,Web,17623.11,INR,381961.88,702,No,37,No,Pending,Medium,0
TXN001353,CUST0537,Delhi,MER114,Shopping,2026-09-16 03:39:00,Debit Card,Android,18616.07,INR,396061.85,612,Yes,51,Yes,Pending,Low,0
TXN001354,CUST1185,Hyderabad,MER146,Travel,2026-07-29 07:43:00,Debit Card,iPhone,62537.08,INR,132633.38,838,Yes,19,Yes,Success,High,0
TXN001355,CUST0977,Mumbai,MER295,Entertainment,2026-10-25 16:03:00,NetBanking,Web,24627.54,INR,385497.98,834,No,13,Yes,Success,Low,0
TXN001356,CUST0913,Mumbai,MER032,Entertainment,2026-03-05 02:38:00,UPI,iPhone,72551.02,INR,381080.18,790,No,39,No,Success,Medium,0
TXN001357,CUST0759,Delhi,MER242,Healthcare,2026-02-18 00:39:00,Credit Card,Android,47279.69,INR,122972.49,343,No,36,No,Failed,Medium,0
TXN001358,CUST0458,Bengaluru,MER028,Food,2026-02-21 11:52:00,Debit Card,Android,69668.95,INR,69043.85,417,Yes,94,No,Failed,Medium,1
TXN001359,CUST0390,Delhi,MER299,Shopping,2026-08-17 15:35:00,Wallet,Android,64826.65,INR,278133.24,740,Yes,74,Yes,Success,Medium,0
TXN001360,CUST0671,Hyderabad,MER199,Travel,2026-01-31 19:36:00,UPI,Android,52942.1,INR,467339.86,863,No,7,Yes,Failed,Low,0
TXN001361,CUST0278,Pune,MER128,Travel,2026-04-23 21:03:00,Wallet,iPhone,14303.22,INR,92372.69,716,Yes,84,Yes,Success,Medium,0
TXN001362,CUST1187,Hyderabad,MER259,Entertainment,2026-09-10 08:48:00,Wallet,Web,17414.66,INR,415766.36,333,No,91,Yes,Pending,Medium,0
TXN001363,CUST0103,Mumbai,MER046,Entertainment,2026-08-30 06:26:00,Wallet,iPhone,28619.55,INR,444745.02,365,No,34,Yes,Success,Medium,0
TXN001364,CUST0318,Mumbai,MER275,Shopping,2026-12-11 21:11:00,UPI,Android,15603.79,INR,81831.53,872,No,55,No,Failed,Low,0
TXN001365,CUST0327,Mumbai,MER103,Travel,2026-07-09 10:34:00,Credit Card,Web,33645.21,INR,396810.72,309,Yes,3,Yes,Failed,Medium,0
TXN001366,CUST0419,Pune,MER118,Food,2026-03-21 21:40:00,Credit Card,iPhone,43029.8,INR,204737.45,751,Yes,94,Yes,Pending,Medium,0
TXN001367,CUST0897,Hyderabad,MER073,Bills,2026-08-10 23:23:00,NetBanking,iPhone,58752.82,INR,375700.98,622,Yes,96,Yes,Success,Medium,0
TXN001368,CUST0161,Mumbai,MER119,Entertainment,2026-07-31 19:09:00,NetBanking,iPhone,48138.79,INR,408216.3,474,Yes,4,Yes,Failed,High,0
TXN001369,CUST1107,Delhi,MER235,Food,2026-12-11 15:03:00,NetBanking,Web,68844.13,INR,398784.47,316,Yes,59,Yes,Success,High,0
TXN001370,CUST0765,Pune,MER225,Entertainment,2026-05-31 13:58:00,Debit Card,Web,59784.21,INR,441665.81,773,Yes,61,No,Failed,Medium,1
TXN001371,CUST0375,Delhi,MER026,Bills,2026-05-11 23:38:00,NetBanking,Android,31055.72,INR,268874.65,751,Yes,87,No,Pending,Low,0
TXN001372,CUST0132,Mumbai,MER080,Shopping,2026-08-07 00:22:00,UPI,Web,25474.09,INR,391188.62,651,No,51,No,Pending,Medium,0
TXN001373,CUST0507,Hyderabad,MER128,Entertainment,2026-03-10 07:30:00,Wallet,Web,68616.06,INR,384941.07,378,Yes,13,Yes,Success,Low,0
TXN001374,CUST0938,Bengaluru,MER022,Travel,2026-09-11 17:30:00,Debit Card,Web,73449.89,INR,276846.66,351,Yes,59,Yes,Failed,Medium,1
TXN001375,CUST0310,Delhi,MER054,Healthcare,2026-08-14 12:37:00,NetBanking,iPhone,52025.07,INR,347528.02,482,No,95,Yes,Failed,Low,0
TXN001376,CUST1009,Hyderabad,MER131,Travel,2026-03-22 05:06:00,NetBanking,iPhone,12966.31,INR,91712.16,321,No,38,Yes,Success,Low,0
TXN001377,CUST0657,Delhi,MER196,Travel,2026-11-27 20:58:00,Credit Card,Web,28188.52,INR,368234.34,852,Yes,26,No,Failed,Medium,0
TXN001378,CUST0038,Delhi,MER258,Healthcare,2026-07-01 17:09:00,NetBanking,Web,33222.54,INR,290475.19,638,Yes,35,No,Success,Low,0
TXN001379,CUST0774,Bengaluru,MER179,Food,2026-08-11 20:24:00,Debit Card,Android,794.12,INR,394223.41,758,No,33,Yes,Failed,Medium,0
TXN001380,CUST0649,Hyderabad,MER120,Shopping,2026-03-09 08:26:00,Wallet,iPhone,47606.87,INR,237608.48,474,Yes,46,Yes,Success,Medium,0
TXN001381,CUST1112,Pune,MER073,Healthcare,2026-02-18 17:20:00,UPI,Web,6059.89,INR,185073.83,461,Yes,76,No,Success,Low,0
TXN001382,CUST0841,Mumbai,MER022,Travel,2026-08-04 07:50:00,Debit Card,iPhone,24207.07,INR,378967.97,895,No,30,No,Success,Medium,0
TXN001383,CUST0353,Bengaluru,MER152,Entertainment,2026-10-06 03:27:00,Credit Card,Android,50134.76,INR,216300.76,377,No,85,No,Pending,High,0
TXN001384,CUST0696,Pune,MER100,Travel,2026-09-21 13:06:00,UPI,Android,2049.55,INR,327695.94,341,Yes,35,Yes,Pending,Low,0
TXN001385,CUST0363,Mumbai,MER049,Travel,2026-10-12 18:11:00,UPI,iPhone,4836.14,INR,374842.46,823,Yes,92,No,Pending,Low,0
TXN001386,CUST0823,Delhi,MER005,Food,2026-10-06 00:13:00,NetBanking,Android,65232.37,INR,265888.31,568,Yes,50,No,Failed,Low,0
TXN001387,CUST0796,Mumbai,MER292,Healthcare,2026-11-30 08:20:00,Wallet,iPhone,62791.13,INR,319502.19,791,Yes,41,No,Pending,Medium,0
TXN001388,CUST0818,Delhi,MER061,Healthcare,2026-06-08 12:05:00,Credit Card,Android,47842.69,INR,148800.95,484,Yes,79,Yes,Pending,Medium,0
TXN001389,CUST0396,Mumbai,MER009,Shopping,2026-09-09 06:51:00,UPI,Android,60653.58,INR,142876.73,559,Yes,15,No,Pending,Medium,1
TXN001390,CUST0230,Pune,MER242,Healthcare,2026-06-12 13:41:00,Credit Card,iPhone,70325.81,INR,294475.63,584,Yes,84,Yes,Pending,High,0
TXN001391,CUST0041,Pune,MER113,Bills,2026-06-03 17:39:00,Wallet,Android,14953.2,INR,369012.74,472,Yes,8,Yes,Failed,Low,0
TXN001392,CUST0812,Mumbai,MER050,Food,2026-04-28 03:37:00,UPI,iPhone,56104.72,INR,404996.94,576,Yes,68,Yes,Pending,High,0
TXN001393,CUST0332,Hyderabad,MER088,Entertainment,2026-10-11 09:21:00,NetBanking,Web,163.29,INR,32161.43,761,No,69,No,Success,Medium,0
TXN001394,CUST0364,Bengaluru,MER106,Healthcare,2026-08-10 21:08:00,Wallet,Web,56726.36,INR,395012.29,508,Yes,62,No,Pending,Low,0
TXN001395,CUST1111,Hyderabad,MER091,Bills,2026-06-15 14:45:00,UPI,Android,37934.25,INR,217592.67,612,Yes,1,Yes,Success,Low,0
TXN001396,CUST0412,Mumbai,MER079,Food,2026-09-03 00:59:00,NetBanking,Web,49793.52,INR,365813.82,529,No,24,No,Pending,High,0
TXN001397,CUST0977,Delhi,MER011,Bills,2026-12-13 20:32:00,Wallet,iPhone,54629.65,INR,193435.73,344,No,97,No,Pending,Low,1
TXN001398,CUST1103,Bengaluru,MER052,Entertainment,2026-10-24 02:00:00,Debit Card,Android,490.42,INR,385391.94,430,No,78,No,Failed,Low,0
TXN001399,CUST0227,Delhi,MER215,Healthcare,2026-11-07 15:37:00,NetBanking,Web,34559.11,INR,124227.96,606,No,85,No,Success,High,0
TXN001400,CUST0309,Hyderabad,MER193,Shopping,2026-09-11 09:08:00,Wallet,Web,50673.26,INR,192851.63,474,No,74,Yes,Success,Medium,0
TXN001401,CUST1039,Bengaluru,MER290,Travel,2026-05-06 00:55:00,Debit Card,Android,33627.34,INR,301569.64,745,Yes,98,No,Pending,Medium,0
TXN001402,CUST0912,Delhi,MER244,Travel,2026-10-06 11:12:00,NetBanking,iPhone,66496.85,INR,212102.63,611,Yes,98,No,Pending,High,0
TXN001403,CUST0008,Bengaluru,MER235,Shopping,2026-09-07 18:22:00,Wallet,iPhone,29738.87,INR,280015.83,884,No,52,No,Success,High,0
TXN001404,CUST1033,Delhi,MER058,Bills,2026-06-18 05:23:00,Credit Card,iPhone,14531.72,INR,419608.95,831,No,27,No,Pending,High,0
TXN001405,CUST0780,Delhi,MER300,Healthcare,2026-01-11 04:16:00,Debit Card,iPhone,40241.88,INR,158702.51,470,No,2,No,Success,Low,0
TXN001406,CUST0286,Hyderabad,MER021,Bills,2026-05-26 17:07:00,Debit Card,Web,62680.36,INR,301312.83,362,Yes,70,Yes,Failed,High,0
TXN001407,CUST0454,Pune,MER285,Healthcare,2026-07-28 16:07:00,NetBanking,Android,62520.62,INR,437592.08,342,No,62,No,Pending,High,0
TXN001408,CUST0971,Delhi,MER055,Healthcare,2026-05-07 13:39:00,Wallet,Android,41338.87,INR,8269.88,757,No,2,Yes,Success,Low,0
TXN001409,CUST0800,Hyderabad,MER053,Healthcare,2026-11-20 12:44:00,NetBanking,iPhone,3463.4,INR,322879.61,317,No,50,No,Success,High,0
TXN001410,CUST0898,Bengaluru,MER151,Bills,2026-06-13 09:53:00,NetBanking,Android,19594.22,INR,251824.15,791,Yes,84,Yes,Pending,Medium,0
TXN001411,CUST0072,Pune,MER058,Entertainment,2026-10-01 02:39:00,Credit Card,iPhone,12166.42,INR,186808.26,425,Yes,30,No,Failed,Medium,0
TXN001412,CUST0089,Hyderabad,MER248,Shopping,2026-08-31 05:10:00,Debit Card,iPhone,71228.05,INR,279754.42,710,No,22,No,Success,Medium,1
TXN001413,CUST0240,Delhi,MER177,Healthcare,2026-08-06 11:46:00,Wallet,iPhone,10649.42,INR,69326.58,735,Yes,24,Yes,Success,High,0
TXN001414,CUST0604,Hyderabad,MER016,Shopping,2026-07-01 15:29:00,Debit Card,iPhone,613.42,INR,450482.52,610,No,88,No,Failed,High,0
TXN001415,CUST0350,Pune,MER119,Healthcare,2026-03-24 00:02:00,Debit Card,Android,16728.34,INR,245060.36,383,Yes,37,No,Pending,Medium,0
TXN001416,CUST0116,Pune,MER128,Bills,2026-02-16 12:05:00,Credit Card,Android,16377.74,INR,465328.62,369,No,31,Yes,Pending,Medium,0
TXN001417,CUST0555,Bengaluru,MER280,Entertainment,2026-03-31 16:54:00,NetBanking,iPhone,37109.12,INR,278286.84,628,No,22,Yes,Pending,High,0
TXN001418,CUST0710,Mumbai,MER161,Food,2026-05-28 20:22:00,UPI,Web,22909.43,INR,164518.18,677,Yes,58,Yes,Success,Medium,0
TXN001419,CUST0744,Delhi,MER048,Shopping,2026-06-13 04:45:00,Wallet,iPhone,68719.45,INR,135353.26,535,No,82,Yes,Failed,Low,0
TXN001420,CUST0606,Pune,MER237,Food,2026-05-10 18:19:00,NetBanking,iPhone,22331.28,INR,351461.59,884,No,26,No,Failed,High,0
TXN001421,CUST1001,Bengaluru,MER274,Food,2026-03-22 22:00:00,Credit Card,Android,15254.03,INR,265395.72,731,Yes,9,Yes,Success,High,0
TXN001422,CUST0374,Hyderabad,MER020,Healthcare,2026-06-22 17:40:00,NetBanking,Web,39097.0,INR,444922.6,870,Yes,46,Yes,Failed,High,0
TXN001423,CUST1137,Hyderabad,MER095,Shopping,2026-09-07 03:15:00,UPI,iPhone,35651.83,INR,91588.1,755,No,53,No,Pending,Low,1
TXN001424,CUST1049,Pune,MER052,Healthcare,2026-07-25 12:53:00,UPI,iPhone,69495.13,INR,213003.03,789,Yes,38,No,Failed,Medium,0
TXN001425,CUST0776,Mumbai,MER204,Healthcare,2026-12-06 09:11:00,UPI,iPhone,6589.92,INR,113017.46,705,Yes,76,No,Failed,High,0
TXN001426,CUST0700,Pune,MER295,Healthcare,2026-10-15 17:43:00,UPI,Web,59544.13,INR,19428.67,349,No,62,Yes,Pending,Low,1
TXN001427,CUST0698,Mumbai,MER049,Entertainment,2026-01-31 22:36:00,NetBanking,Web,39856.25,INR,205389.78,834,No,37,Yes,Pending,Medium,0
TXN001428,CUST1054,Bengaluru,MER153,Healthcare,2026-10-01 11:03:00,NetBanking,Web,29251.89,INR,229452.77,679,No,22,No,Failed,Medium,0
TXN001429,CUST1065,Mumbai,MER266,Entertainment,2026-02-10 11:20:00,NetBanking,Android,47640.51,INR,90395.91,373,No,96,No,Pending,High,0
TXN001430,CUST0152,Mumbai,MER154,Healthcare,2026-07-16 18:30:00,Credit Card,Web,45698.02,INR,304609.51,762,Yes,60,Yes,Failed,High,0
TXN001431,CUST0538,Delhi,MER051,Shopping,2026-10-17 09:06:00,Credit Card,iPhone,39693.49,INR,248673.53,463,No,67,Yes,Success,Low,0
TXN001432,CUST1030,Delhi,MER223,Healthcare,2026-02-11 12:49:00,UPI,Web,54464.44,INR,123635.08,803,Yes,36,No,Pending,Low,0
TXN001433,CUST1174,Mumbai,MER054,Bills,2026-06-20 09:32:00,NetBanking,Android,66565.35,INR,185832.86,451,No,55,Yes,Success,Medium,1
TXN001434,CUST0642,Bengaluru,MER276,Food,2026-10-02 17:18:00,Wallet,Web,6725.48,INR,6932.48,626,Yes,17,No,Success,High,0
TXN001435,CUST0494,Bengaluru,MER041,Food,2026-04-01 12:28:00,NetBanking,Android,55836.1,INR,426562.81,785,No,18,No,Failed,Low,1
TXN001436,CUST1176,Pune,MER272,Shopping,2026-10-28 20:46:00,NetBanking,Android,18266.33,INR,427937.04,425,Yes,37,No,Success,Low,0
TXN001437,CUST0424,Hyderabad,MER036,Shopping,2026-12-06 13:45:00,NetBanking,iPhone,22464.28,INR,103615.15,711,Yes,57,Yes,Success,High,0
TXN001438,CUST0822,Bengaluru,MER126,Travel,2026-05-09 14:34:00,Credit Card,Web,26163.95,INR,31116.47,307,No,70,No,Failed,Low,0
TXN001439,CUST0923,Mumbai,MER045,Entertainment,2026-05-02 17:15:00,Wallet,iPhone,27516.52,INR,120464.99,799,Yes,46,No,Success,Low,0
TXN001440,CUST0088,Mumbai,MER261,Travel,2026-06-21 16:21:00,Wallet,Android,28499.72,INR,229010.93,462,No,99,No,Failed,Low,0
TXN001441,CUST0363,Bengaluru,MER043,Bills,2026-10-21 21:45:00,Debit Card,iPhone,25746.79,INR,35275.31,722,Yes,5,Yes,Pending,High,0
TXN001442,CUST0420,Delhi,MER275,Entertainment,2026-12-01 14:44:00,Debit Card,iPhone,34647.8,INR,414289.51,343,No,16,Yes,Success,High,0
TXN001443,CUST1005,Mumbai,MER005,Shopping,2026-02-21 23:01:00,Wallet,iPhone,42025.03,INR,105056.78,437,Yes,34,No,Pending,Medium,1
TXN001444,CUST1186,Mumbai,MER163,Travel,2026-12-04 08:26:00,UPI,Web,34007.51,INR,206468.96,345,No,64,No,Failed,High,0
TXN001445,CUST0008,Bengaluru,MER089,Travel,2026-07-04 02:29:00,NetBanking,iPhone,56717.74,INR,469303.76,821,No,98,No,Failed,Medium,0
TXN001446,CUST0674,Bengaluru,MER233,Travel,2026-11-04 23:13:00,Wallet,Android,8409.2,INR,227302.86,501,Yes,83,No,Pending,High,0
TXN001447,CUST0555,Pune,MER104,Shopping,2026-12-11 19:58:00,Credit Card,Web,73884.25,INR,252434.52,835,Yes,65,No,Success,High,0
TXN001448,CUST0736,Bengaluru,MER114,Entertainment,2026-03-27 05:02:00,Credit Card,iPhone,35252.6,INR,142698.38,786,No,2,No,Success,Low,0
TXN001449,CUST0231,Delhi,MER099,Healthcare,2026-10-28 16:51:00,Wallet,Android,53815.16,INR,93958.56,430,No,18,No,Failed,Low,0
TXN001450,CUST0349,Mumbai,MER044,Healthcare,2026-01-13 16:31:00,Debit Card,iPhone,72742.23,INR,231450.82,307,No,98,No,Success,Low,0
TXN001451,CUST0558,Pune,MER290,Travel,2026-02-28 02:15:00,Debit Card,iPhone,4263.65,INR,498917.49,545,Yes,8,No,Pending,High,0
TXN001452,CUST0296,Mumbai,MER142,Healthcare,2026-12-13 15:44:00,Wallet,Android,23231.29,INR,294103.47,871,No,20,No,Failed,High,0
TXN001453,CUST0765,Pune,MER254,Shopping,2026-10-16 21:16:00,Credit Card,Android,30527.4,INR,145516.69,571,Yes,23,No,Success,Low,0
TXN001454,CUST0073,Mumbai,MER157,Bills,2026-07-11 10:51:00,Wallet,Android,40027.03,INR,344083.59,520,Yes,61,Yes,Success,High,0
TXN001455,CUST0348,Pune,MER078,Food,2026-01-12 13:51:00,NetBanking,iPhone,29963.73,INR,389936.96,542,No,54,Yes,Success,High,0
TXN001456,CUST1114,Bengaluru,MER016,Food,2026-05-04 09:54:00,Wallet,iPhone,27042.11,INR,302852.68,330,Yes,13,No,Success,Low,0
TXN001457,CUST0026,Pune,MER237,Travel,2026-08-13 00:53:00,Wallet,Android,25028.71,INR,95563.77,335,No,22,Yes,Success,Low,0
TXN001458,CUST1160,Pune,MER261,Bills,2026-11-19 01:44:00,UPI,Web,15330.46,INR,195533.93,445,Yes,16,Yes,Failed,Medium,0
TXN001459,CUST0835,Pune,MER254,Food,2026-07-27 08:11:00,Credit Card,Web,65263.01,INR,404063.8,370,No,1,No,Failed,Medium,0
TXN001460,CUST0297,Mumbai,MER155,Shopping,2026-11-08 23:04:00,Credit Card,Android,18380.98,INR,180912.41,395,No,2,Yes,Failed,Low,0
TXN001461,CUST0169,Mumbai,MER009,Healthcare,2026-04-09 21:15:00,Debit Card,Web,16116.24,INR,411823.13,785,Yes,49,Yes,Success,High,0
TXN001462,CUST0724,Delhi,MER049,Travel,2026-12-03 00:51:00,Credit Card,iPhone,13713.71,INR,205078.67,776,No,93,Yes,Pending,Low,0
TXN001463,CUST0736,Bengaluru,MER277,Shopping,2026-02-10 18:12:00,Wallet,Android,20290.72,INR,66575.21,408,Yes,41,Yes,Success,Medium,0
TXN001464,CUST0585,Bengaluru,MER275,Bills,2026-04-03 22:50:00,Wallet,Web,40546.14,INR,214551.98,826,No,17,Yes,Failed,Medium,0
TXN001465,CUST0552,Delhi,MER234,Shopping,2026-01-09 14:31:00,NetBanking,Web,74934.56,INR,116129.92,870,Yes,73,Yes,Pending,Low,0
TXN001466,CUST1162,Mumbai,MER044,Bills,2026-04-20 12:13:00,UPI,Android,36812.36,INR,202428.3,841,Yes,51,Yes,Success,Medium,0
TXN001467,CUST0551,Bengaluru,MER224,Shopping,2026-06-13 11:50:00,UPI,Web,73473.96,INR,79702.45,529,No,41,No,Failed,Low,1
TXN001468,CUST0345,Pune,MER086,Travel,2026-09-28 16:37:00,Wallet,Web,11119.6,INR,469461.41,451,Yes,46,No,Success,Low,0
TXN001469,CUST0043,Pune,MER281,Healthcare,2026-05-18 05:25:00,Credit Card,iPhone,57106.96,INR,372144.59,712,No,31,Yes,Pending,Low,1
TXN001470,CUST1164,Pune,MER063,Shopping,2026-02-13 08:48:00,Wallet,Android,271.83,INR,12548.18,394,No,73,Yes,Success,Low,0
TXN001471,CUST0936,Bengaluru,MER273,Healthcare,2026-09-22 14:29:00,Wallet,Web,51419.61,INR,358464.07,345,No,2,No,Failed,High,1
TXN001472,CUST1122,Hyderabad,MER246,Shopping,2026-05-22 10:50:00,Credit Card,Android,74174.62,INR,26280.44,827,No,88,Yes,Success,Medium,0
TXN001473,CUST0501,Hyderabad,MER043,Food,2026-07-10 13:27:00,UPI,iPhone,8923.18,INR,47140.99,868,No,89,No,Failed,High,0
TXN001474,CUST0633,Mumbai,MER010,Travel,2026-08-20 12:46:00,Debit Card,Web,10631.29,INR,7007.11,671,Yes,42,Yes,Failed,Medium,0
TXN001475,CUST0769,Bengaluru,MER129,Shopping,2026-07-31 21:38:00,Debit Card,iPhone,30845.46,INR,216539.28,451,Yes,13,Yes,Pending,Low,0
TXN001476,CUST0033,Mumbai,MER277,Food,2026-09-08 18:06:00,NetBanking,Android,20039.4,INR,460404.61,527,No,77,No,Success,Low,0
TXN001477,CUST0710,Bengaluru,MER036,Bills,2026-04-06 10:05:00,Debit Card,Android,72073.71,INR,234316.92,667,Yes,53,No,Success,Low,0
TXN001478,CUST0018,Delhi,MER045,Travel,2026-08-14 15:30:00,UPI,Web,25846.17,INR,475258.46,864,No,14,Yes,Pending,Medium,0
TXN001479,CUST0671,Delhi,MER290,Food,2026-04-15 10:39:00,Wallet,Android,70371.34,INR,441801.4,362,No,78,Yes,Success,Low,0
TXN001480,CUST0111,Pune,MER066,Healthcare,2026-03-30 05:16:00,NetBanking,Android,19852.37,INR,229682.34,330,Yes,93,Yes,Success,Low,0
TXN001481,CUST0875,Pune,MER180,Food,2026-02-15 13:04:00,UPI,Web,42593.52,INR,452320.26,845,No,2,No,Pending,Medium,0
TXN001482,CUST0530,Delhi,MER196,Entertainment,2026-01-17 17:59:00,Debit Card,Web,32653.26,INR,89674.47,447,No,54,Yes,Pending,Medium,0
TXN001483,CUST0220,Bengaluru,MER046,Shopping,2026-03-28 03:25:00,UPI,iPhone,28723.8,INR,250111.07,509,No,63,Yes,Failed,Low,0
TXN001484,CUST0171,Hyderabad,MER210,Healthcare,2026-03-03 13:25:00,Credit Card,iPhone,26242.18,INR,378674.29,429,No,86,Yes,Failed,Medium,0
TXN001485,CUST0794,Delhi,MER205,Travel,2026-11-08 15:11:00,Credit Card,iPhone,74015.19,INR,491798.97,752,No,70,No,Pending,Medium,0
TXN001486,CUST0957,Pune,MER082,Healthcare,2026-01-22 21:04:00,Credit Card,iPhone,59262.22,INR,8507.32,722,Yes,66,No,Pending,High,1
TXN001487,CUST0299,Mumbai,MER121,Shopping,2026-11-11 14:34:00,Debit Card,Android,36263.28,INR,154492.17,614,No,95,No,Pending,Low,0
TXN001488,CUST0689,Hyderabad,MER130,Healthcare,2026-09-26 18:58:00,Debit Card,Android,71061.62,INR,179101.68,888,Yes,3,No,Pending,High,1
TXN001489,CUST0181,Pune,MER052,Entertainment,2026-09-16 14:19:00,NetBanking,iPhone,20745.39,INR,387280.92,859,Yes,68,Yes,Failed,Low,0
TXN001490,CUST0479,Delhi,MER116,Shopping,2026-09-04 13:11:00,NetBanking,iPhone,209.06,INR,250720.95,814,Yes,93,Yes,Pending,High,0
TXN001491,CUST1100,Pune,MER208,Bills,2026-04-05 13:02:00,UPI,iPhone,20806.51,INR,423524.38,403,Yes,24,Yes,Success,Medium,0
TXN001492,CUST0572,Pune,MER096,Travel,2026-11-11 06:40:00,UPI,Android,23338.94,INR,354408.3,352,No,79,No,Success,Low,0
TXN001493,CUST1035,Hyderabad,MER028,Food,2026-03-15 18:39:00,Credit Card,Android,37260.41,INR,499751.76,506,Yes,77,No,Pending,High,0
TXN001494,CUST0102,Pune,MER046,Shopping,2026-01-12 19:24:00,UPI,Android,46724.87,INR,149609.2,786,Yes,31,Yes,Pending,Medium,0
TXN001495,CUST1137,Hyderabad,MER024,Entertainment,2026-02-08 05:10:00,Wallet,Android,56070.44,INR,380519.25,663,Yes,93,No,Success,High,0
TXN001496,CUST0956,Bengaluru,MER169,Shopping,2026-12-02 10:07:00,UPI,Web,48608.1,INR,61119.68,510,No,44,Yes,Failed,High,0
TXN001497,CUST0968,Mumbai,MER286,Healthcare,2026-09-04 02:56:00,Wallet,Web,12440.32,INR,372594.01,782,Yes,100,No,Pending,Low,0
TXN001498,CUST0217,Hyderabad,MER015,Healthcare,2026-09-09 07:34:00,NetBanking,Android,53635.11,INR,389819.42,781,Yes,17,Yes,Pending,High,0
TXN001499,CUST0515,Hyderabad,MER252,Food,2026-07-14 23:02:00,Credit Card,iPhone,65936.06,INR,170085.15,532,Yes,58,No,Pending,Low,0
TXN001500,CUST0588,Bengaluru,MER008,Entertainment,2026-09-21 03:52:00,NetBanking,iPhone,67477.28,INR,392404.69,776,Yes,2,Yes,Pending,Medium,1
TXN001501,CUST0277,Mumbai,MER203,Travel,2026-03-01 01:55:00,UPI,iPhone,50191.34,INR,292955.02,693,No,71,No,Failed,Medium,1
TXN001502,CUST0797,Hyderabad,MER183,Food,2026-06-09 01:57:00,NetBanking,Web,29892.84,INR,60078.69,891,No,90,Yes,Success,Medium,0
TXN001503,CUST0833,Delhi,MER075,Bills,2026-01-27 11:15:00,UPI,iPhone,4137.81,INR,463944.08,522,Yes,47,Yes,Pending,High,0
TXN001504,CUST0434,Pune,MER276,Travel,2026-07-30 09:39:00,Credit Card,iPhone,57517.94,INR,271372.83,599,Yes,29,Yes,Success,Medium,0
TXN001505,CUST0153,Pune,MER162,Travel,2026-01-18 01:23:00,Credit Card,Android,68467.35,INR,184782.18,372,No,61,No,Pending,High,0
TXN001506,CUST0502,Mumbai,MER169,Travel,2026-04-23 19:34:00,NetBanking,Android,74187.35,INR,47642.73,633,Yes,16,No,Failed,Medium,0
TXN001507,CUST1005,Bengaluru,MER300,Bills,2026-11-08 11:40:00,UPI,iPhone,19483.06,INR,236756.87,865,No,42,Yes,Success,High,0
TXN001508,CUST0675,Pune,MER069,Travel,2026-08-04 15:22:00,Debit Card,Web,57786.72,INR,249377.52,400,No,47,No,Success,Medium,0
TXN001509,CUST0946,Mumbai,MER117,Entertainment,2026-05-20 13:47:00,UPI,Android,64059.06,INR,148522.27,599,No,98,No,Failed,Medium,0
TXN001510,CUST0133,Hyderabad,MER053,Food,2026-06-17 17:35:00,Credit Card,Android,57991.85,INR,413628.12,774,Yes,47,No,Failed,High,0
TXN001511,CUST0471,Hyderabad,MER032,Travel,2026-02-05 13:44:00,Wallet,iPhone,36061.71,INR,154140.91,533,Yes,100,Yes,Failed,Medium,0
TXN001512,CUST0665,Hyderabad,MER093,Bills,2026-01-19 03:15:00,Credit Card,Web,61603.92,INR,87206.4,565,No,88,No,Success,Medium,0
TXN001513,CUST0615,Pune,MER230,Bills,2026-06-06 01:15:00,Debit Card,Android,13961.52,INR,6132.51,686,Yes,19,No,Success,High,0
TXN001514,CUST1124,Hyderabad,MER244,Bills,2026-09-09 19:32:00,Credit Card,iPhone,15505.41,INR,302267.29,523,No,93,No,Pending,Low,0
TXN001515,CUST0062,Delhi,MER265,Healthcare,2026-05-24 05:26:00,NetBanking,Web,30494.64,INR,117644.22,358,No,100,No,Success,Medium,0
TXN001516,CUST1075,Bengaluru,MER075,Bills,2026-03-14 19:45:00,NetBanking,iPhone,471.86,INR,371359.65,635,No,55,No,Success,Medium,0
TXN001517,CUST0659,Hyderabad,MER231,Food,2026-09-26 05:46:00,Wallet,Web,14405.07,INR,298094.0,774,No,91,No,Failed,Medium,0
TXN001518,CUST0057,Mumbai,MER270,Shopping,2026-02-23 13:55:00,Credit Card,iPhone,11925.72,INR,105818.89,712,Yes,59,Yes,Success,Low,0
TXN001519,CUST0302,Hyderabad,MER053,Food,2026-10-05 06:45:00,UPI,iPhone,52968.37,INR,415236.01,801,No,78,Yes,Failed,Low,1
TXN001520,CUST0604,Mumbai,MER279,Shopping,2026-02-11 12:19:00,Debit Card,iPhone,31731.62,INR,418737.71,713,Yes,5,No,Success,Low,0
TXN001521,CUST1198,Mumbai,MER096,Food,2026-11-24 03:06:00,Credit Card,Web,62669.22,INR,207191.13,882,Yes,13,No,Success,High,1
TXN001522,CUST0159,Pune,MER217,Healthcare,2026-01-10 04:50:00,UPI,iPhone,29826.1,INR,232812.01,319,Yes,11,No,Success,Medium,0
TXN001523,CUST0702,Pune,MER017,Shopping,2026-08-01 08:58:00,Credit Card,Android,66534.3,INR,93190.08,769,Yes,33,No,Failed,High,1
TXN001524,CUST0903,Mumbai,MER289,Shopping,2026-10-12 21:45:00,Wallet,iPhone,16806.28,INR,489465.07,868,Yes,70,Yes,Pending,Low,0
TXN001525,CUST0125,Mumbai,MER180,Healthcare,2026-09-23 05:58:00,NetBanking,Web,55612.64,INR,163199.94,524,Yes,17,No,Pending,Low,0
TXN001526,CUST0179,Mumbai,MER294,Food,2026-10-27 08:53:00,Wallet,Android,74348.16,INR,174682.78,348,No,99,No,Success,Low,0
TXN001527,CUST0679,Mumbai,MER233,Travel,2026-07-21 07:52:00,Debit Card,iPhone,62286.78,INR,488638.01,800,No,80,No,Success,Medium,0
TXN001528,CUST0618,Pune,MER215,Entertainment,2026-06-30 06:47:00,Debit Card,iPhone,54214.49,INR,423397.28,322,Yes,6,Yes,Pending,High,0
TXN001529,CUST0352,Bengaluru,MER024,Travel,2026-03-09 18:47:00,UPI,iPhone,69179.01,INR,388538.12,606,Yes,80,Yes,Failed,Medium,0
TXN001530,CUST1198,Mumbai,MER089,Travel,2026-05-07 21:12:00,Credit Card,Android,40675.2,INR,103938.7,306,Yes,32,No,Success,Low,0
TXN001531,CUST0679,Delhi,MER031,Food,2026-08-14 01:50:00,Credit Card,iPhone,11564.24,INR,142556.27,334,Yes,52,No,Pending,Low,0
TXN001532,CUST0503,Mumbai,MER084,Shopping,2026-11-06 09:40:00,Credit Card,iPhone,46791.15,INR,459649.07,736,Yes,1,Yes,Failed,High,0
TXN001533,CUST0251,Mumbai,MER138,Shopping,2026-02-02 22:30:00,Credit Card,Web,56001.65,INR,29708.57,641,No,41,Yes,Success,Low,0
TXN001534,CUST0823,Mumbai,MER039,Bills,2026-06-17 09:40:00,Debit Card,Web,10715.37,INR,186475.93,463,Yes,2,No,Success,High,0
TXN001535,CUST0191,Bengaluru,MER105,Bills,2026-05-05 11:32:00,NetBanking,Android,58120.05,INR,293392.47,485,No,58,Yes,Pending,Low,1
TXN001536,CUST0821,Mumbai,MER217,Shopping,2026-06-22 09:05:00,Debit Card,Android,7508.59,INR,334222.12,820,No,33,No,Success,Low,0
TXN001537,CUST0919,Mumbai,MER014,Food,2026-07-27 22:11:00,NetBanking,Android,52597.44,INR,330262.54,845,No,41,Yes,Failed,Low,0
TXN001538,CUST0129,Delhi,MER118,Shopping,2026-05-10 02:46:00,UPI,iPhone,14345.07,INR,47949.49,514,Yes,13,Yes,Failed,Low,0
TXN001539,CUST0905,Hyderabad,MER237,Entertainment,2026-02-20 20:20:00,Debit Card,iPhone,49970.96,INR,303126.85,429,No,89,No,Success,Low,0
TXN001540,CUST0521,Delhi,MER277,Food,2026-08-04 01:37:00,Credit Card,Web,72806.67,INR,463907.8,307,No,99,No,Failed,Low,0
TXN001541,CUST1177,Mumbai,MER107,Travel,2026-10-03 19:36:00,Credit Card,Web,32368.03,INR,295194.32,871,No,46,Yes,Failed,High,0
TXN001542,CUST0957,Bengaluru,MER149,Bills,2026-04-11 02:26:00,UPI,Web,70707.85,INR,167438.22,815,No,95,Yes,Pending,High,1
TXN001543,CUST0896,Hyderabad,MER070,Bills,2026-10-15 02:20:00,Credit Card,Android,12901.28,INR,370088.38,572,No,62,Yes,Pending,High,0
TXN001544,CUST0654,Delhi,MER042,Healthcare,2026-05-23 15:30:00,Credit Card,Web,58423.32,INR,80352.97,487,No,2,Yes,Pending,Low,0
TXN001545,CUST0831,Mumbai,MER154,Bills,2026-03-04 15:51:00,NetBanking,iPhone,26463.1,INR,95162.77,557,Yes,83,Yes,Success,Low,0
TXN001546,CUST0561,Pune,MER148,Healthcare,2026-07-28 18:25:00,Credit Card,Web,59473.06,INR,6710.89,313,No,51,Yes,Pending,Medium,1
TXN001547,CUST0001,Delhi,MER176,Food,2026-07-31 10:20:00,Debit Card,iPhone,3001.01,INR,97908.45,368,No,37,Yes,Success,High,0
TXN001548,CUST0173,Bengaluru,MER113,Travel,2026-05-15 23:32:00,Credit Card,Web,17385.32,INR,309974.29,437,Yes,39,No,Success,Low,0
TXN001549,CUST0012,Pune,MER215,Food,2026-12-06 05:52:00,NetBanking,Android,71223.84,INR,231240.39,338,No,52,No,Failed,Low,1
TXN001550,CUST0113,Hyderabad,MER224,Travel,2026-05-23 07:55:00,Debit Card,Android,69261.7,INR,354647.06,662,Yes,2,No,Success,Medium,0
TXN001551,CUST0185,Hyderabad,MER218,Entertainment,2026-02-23 09:07:00,Credit Card,Web,13026.34,INR,56550.75,502,No,15,Yes,Pending,High,0
TXN001552,CUST0892,Delhi,MER071,Travel,2026-09-18 11:24:00,UPI,iPhone,19437.96,INR,175134.06,594,Yes,96,Yes,Failed,Low,0
TXN001553,CUST0796,Bengaluru,MER186,Bills,2026-12-13 06:09:00,Wallet,Android,34804.87,INR,211572.93,513,No,78,No,Success,High,0
TXN001554,CUST0143,Hyderabad,MER168,Shopping,2026-02-06 10:34:00,NetBanking,Web,73101.36,INR,221248.77,388,No,80,Yes,Success,Medium,0
TXN001555,CUST0346,Delhi,MER287,Travel,2026-06-12 03:03:00,Debit Card,iPhone,52306.04,INR,385976.32,379,No,22,Yes,Failed,Medium,1
TXN001556,CUST0403,Bengaluru,MER200,Healthcare,2026-04-04 00:50:00,Wallet,Web,32141.48,INR,380666.89,311,Yes,46,No,Pending,Medium,0
TXN001557,CUST0857,Bengaluru,MER291,Food,2026-04-13 06:18:00,Wallet,Android,55906.89,INR,99732.14,744,No,9,Yes,Success,High,0
TXN001558,CUST0691,Delhi,MER247,Entertainment,2026-12-10 13:21:00,Debit Card,Android,25430.99,INR,46593.75,585,Yes,42,Yes,Success,High,0
TXN001559,CUST0876,Pune,MER157,Bills,2026-11-05 04:13:00,Wallet,Web,58580.32,INR,47837.76,527,No,65,No,Failed,Low,0
TXN001560,CUST0769,Pune,MER278,Bills,2026-11-04 00:21:00,Debit Card,iPhone,34288.59,INR,128947.2,724,No,17,No,Success,Medium,0
TXN001561,CUST0138,Delhi,MER153,Entertainment,2026-02-01 17:20:00,NetBanking,iPhone,41517.88,INR,408421.74,884,Yes,8,Yes,Failed,Medium,0
TXN001562,CUST0226,Pune,MER265,Shopping,2026-05-02 19:05:00,UPI,Web,69339.22,INR,227756.59,875,No,3,No,Success,Medium,1
TXN001563,CUST0069,Delhi,MER019,Travel,2026-09-15 00:08:00,Credit Card,iPhone,30904.07,INR,134237.52,735,Yes,28,Yes,Failed,Medium,0
TXN001564,CUST0046,Hyderabad,MER242,Entertainment,2026-10-16 03:52:00,UPI,Web,48353.02,INR,466574.96,487,Yes,54,No,Failed,High,0
TXN001565,CUST0034,Bengaluru,MER232,Healthcare,2026-08-24 13:56:00,NetBanking,iPhone,48185.13,INR,165219.32,814,No,87,Yes,Failed,Medium,0
TXN001566,CUST0347,Bengaluru,MER258,Bills,2026-05-26 13:32:00,UPI,Web,56362.21,INR,422073.47,630,Yes,86,No,Pending,Low,0
TXN001567,CUST0933,Pune,MER135,Entertainment,2026-11-08 19:45:00,NetBanking,iPhone,10442.14,INR,382732.13,379,No,88,No,Success,Medium,0
TXN001568,CUST0126,Pune,MER206,Travel,2026-07-30 09:35:00,UPI,iPhone,29318.75,INR,96637.27,894,Yes,99,Yes,Pending,High,0
TXN001569,CUST1151,Mumbai,MER215,Entertainment,2026-04-28 13:10:00,Credit Card,Android,61233.75,INR,232361.63,768,Yes,69,No,Failed,High,0
TXN001570,CUST0598,Mumbai,MER016,Travel,2026-09-19 09:39:00,NetBanking,Web,19695.84,INR,343794.66,540,Yes,87,Yes,Failed,Medium,0
TXN001571,CUST0232,Delhi,MER184,Healthcare,2026-08-11 06:35:00,Wallet,iPhone,51537.85,INR,14365.24,689,Yes,9,No,Pending,Medium,0
TXN001572,CUST1087,Mumbai,MER140,Travel,2026-07-24 09:41:00,NetBanking,Web,14255.02,INR,388111.11,551,Yes,90,Yes,Pending,High,0
TXN001573,CUST1104,Pune,MER213,Bills,2026-07-02 18:31:00,UPI,iPhone,61655.51,INR,317374.83,577,Yes,87,Yes,Failed,High,1
TXN001574,CUST0107,Pune,MER195,Entertainment,2026-11-06 19:24:00,Debit Card,Web,39587.24,INR,460583.03,445,Yes,43,Yes,Success,Medium,0
TXN001575,CUST0112,Bengaluru,MER080,Bills,2026-08-18 16:06:00,Debit Card,Android,58107.81,INR,223687.0,349,Yes,4,Yes,Pending,High,1
TXN001576,CUST0327,Hyderabad,MER077,Healthcare,2026-03-02 07:04:00,NetBanking,iPhone,67371.1,INR,275583.63,603,No,68,No,Success,High,0
TXN001577,CUST1187,Delhi,MER290,Travel,2026-08-22 14:15:00,Wallet,Web,63802.41,INR,138529.43,377,No,70,Yes,Failed,High,0
TXN001578,CUST0789,Pune,MER088,Bills,2026-05-28 20:56:00,Wallet,Android,51413.01,INR,8762.44,333,Yes,3,Yes,Pending,Low,0
TXN001579,CUST0359,Hyderabad,MER100,Entertainment,2026-11-25 04:09:00,Debit Card,iPhone,34232.59,INR,135392.43,633,No,81,Yes,Pending,Medium,0
TXN001580,CUST0993,Pune,MER042,Travel,2026-01-04 23:42:00,Debit Card,Web,25063.91,INR,465292.76,446,No,21,No,Success,Medium,0
TXN001581,CUST0320,Mumbai,MER235,Shopping,2026-04-01 12:41:00,UPI,Android,44758.37,INR,276108.53,572,No,52,Yes,Success,High,0
TXN001582,CUST0002,Mumbai,MER151,Travel,2026-05-17 16:34:00,Debit Card,Android,28266.66,INR,422386.37,615,Yes,46,No,Success,High,0
TXN001583,CUST0163,Bengaluru,MER226,Shopping,2026-10-11 13:59:00,Debit Card,Web,57312.09,INR,9117.9,548,No,90,No,Pending,High,1
TXN001584,CUST1168,Hyderabad,MER256,Travel,2026-07-08 12:20:00,Debit Card,iPhone,11032.33,INR,469596.01,709,No,20,Yes,Success,Low,0
TXN001585,CUST0950,Bengaluru,MER271,Bills,2026-04-14 07:02:00,NetBanking,Android,32103.01,INR,65544.54,895,No,73,No,Pending,Low,0
TXN001586,CUST0526,Mumbai,MER269,Bills,2026-03-09 04:21:00,Credit Card,iPhone,10133.94,INR,282274.1,431,Yes,50,No,Failed,Low,0
TXN001587,CUST0836,Mumbai,MER097,Shopping,2026-05-18 05:53:00,NetBanking,Web,72488.05,INR,454431.89,458,Yes,28,No,Pending,High,0
TXN001588,CUST1139,Bengaluru,MER238,Entertainment,2026-06-30 09:09:00,Wallet,Web,35819.89,INR,94458.24,744,Yes,39,Yes,Success,Medium,0
TXN001589,CUST0516,Bengaluru,MER127,Food,2026-04-30 04:36:00,Credit Card,Web,39398.89,INR,264412.22,494,Yes,20,Yes,Failed,Low,0
TXN001590,CUST0594,Delhi,MER026,Entertainment,2026-08-28 15:39:00,Wallet,iPhone,2219.24,INR,74250.26,368,No,95,Yes,Success,Medium,0
TXN001591,CUST0243,Pune,MER105,Healthcare,2026-10-23 11:14:00,NetBanking,iPhone,54837.07,INR,161377.18,856,No,17,Yes,Pending,High,0
TXN001592,CUST0786,Delhi,MER082,Entertainment,2026-10-14 03:20:00,Credit Card,iPhone,40520.16,INR,454386.77,637,Yes,8,Yes,Success,Medium,0
TXN001593,CUST0993,Hyderabad,MER220,Healthcare,2026-12-10 02:53:00,UPI,Web,62377.18,INR,471695.33,872,No,17,Yes,Pending,Medium,1
TXN001594,CUST0009,Pune,MER243,Entertainment,2026-05-13 17:00:00,Credit Card,Web,30184.32,INR,467686.09,759,No,53,Yes,Pending,Medium,0
TXN001595,CUST0314,Delhi,MER004,Shopping,2026-04-01 06:15:00,Debit Card,iPhone,42898.88,INR,129556.12,467,No,29,Yes,Pending,Low,0
TXN001596,CUST0829,Pune,MER007,Food,2026-06-30 15:52:00,Wallet,iPhone,36172.5,INR,99028.2,473,Yes,64,No,Success,Low,0
TXN001597,CUST0368,Pune,MER076,Entertainment,2026-05-02 10:23:00,NetBanking,Web,31439.9,INR,418076.73,372,Yes,67,No,Success,Low,0
TXN001598,CUST0377,Delhi,MER159,Shopping,2026-11-05 05:57:00,Wallet,iPhone,34482.45,INR,275425.14,300,No,64,No,Success,Medium,0
TXN001599,CUST0462,Delhi,MER034,Food,2026-09-09 21:17:00,Wallet,iPhone,56239.44,INR,161355.03,373,No,81,Yes,Pending,High,0
TXN001600,CUST0490,Mumbai,MER276,Healthcare,2026-05-07 09:07:00,UPI,iPhone,64002.84,INR,176485.95,497,No,5,Yes,Pending,Medium,0
TXN001601,CUST1116,Pune,MER049,Shopping,2026-11-22 22:21:00,Wallet,iPhone,38176.08,INR,136353.01,701,No,32,Yes,Failed,Low,0
TXN001602,CUST0006,Pune,MER146,Food,2026-08-03 00:33:00,Credit Card,Android,48503.0,INR,358695.42,626,No,16,No,Success,Low,0
TXN001603,CUST1119,Mumbai,MER092,Food,2026-10-20 19:50:00,NetBanking,Android,45323.44,INR,340805.34,691,No,99,Yes,Pending,High,0
TXN001604,CUST1115,Bengaluru,MER205,Entertainment,2026-12-12 08:17:00,Debit Card,Web,3012.12,INR,486078.83,321,No,69,Yes,Success,Medium,0
TXN001605,CUST0693,Pune,MER196,Shopping,2026-09-09 23:13:00,Wallet,Web,24140.76,INR,300556.26,508,Yes,44,No,Success,Low,0
TXN001606,CUST0960,Delhi,MER135,Food,2026-07-03 04:28:00,NetBanking,Android,4180.92,INR,381281.47,742,No,6,No,Success,High,0
TXN001607,CUST0241,Bengaluru,MER048,Healthcare,2026-11-02 12:07:00,Debit Card,Android,12630.71,INR,40351.52,504,Yes,50,No,Success,Low,0
TXN001608,CUST0694,Bengaluru,MER025,Shopping,2026-03-01 08:23:00,Wallet,Android,25159.73,INR,94048.89,422,Yes,77,No,Success,Medium,0
TXN001609,CUST0326,Mumbai,MER010,Shopping,2026-03-24 05:51:00,NetBanking,iPhone,74564.74,INR,339382.16,787,No,35,No,Pending,Medium,0
TXN001610,CUST0117,Bengaluru,MER071,Entertainment,2026-11-23 00:07:00,Credit Card,Android,22234.02,INR,222452.73,365,No,50,Yes,Pending,High,0
TXN001611,CUST0558,Hyderabad,MER249,Bills,2026-05-29 14:40:00,Credit Card,iPhone,25435.11,INR,90721.19,634,No,1,No,Success,Low,0
TXN001612,CUST1095,Delhi,MER009,Travel,2026-05-17 03:48:00,Wallet,Web,10357.33,INR,453700.77,306,Yes,50,No,Success,Medium,0
TXN001613,CUST0485,Pune,MER203,Bills,2026-03-28 21:50:00,Wallet,Android,69610.91,INR,186111.32,432,Yes,83,No,Failed,Low,1
TXN001614,CUST0023,Mumbai,MER023,Healthcare,2026-02-13 01:25:00,Credit Card,Android,46795.85,INR,402941.55,542,Yes,19,No,Success,Low,0
TXN001615,CUST0410,Hyderabad,MER190,Healthcare,2026-06-20 04:59:00,NetBanking,iPhone,45631.09,INR,116401.34,414,Yes,51,Yes,Success,High,0
TXN001616,CUST0950,Delhi,MER253,Shopping,2026-08-29 21:01:00,Debit Card,iPhone,53751.25,INR,405848.81,440,Yes,41,No,Pending,High,0
TXN001617,CUST0585,Delhi,MER116,Healthcare,2026-02-02 23:21:00,UPI,Web,72199.07,INR,9128.7,874,Yes,92,No,Failed,High,1
TXN001618,CUST0580,Delhi,MER204,Bills,2026-02-27 03:00:00,Credit Card,Web,26292.32,INR,397306.78,679,Yes,16,No,Pending,Medium,0
TXN001619,CUST0779,Pune,MER121,Bills,2026-02-07 08:05:00,Wallet,Android,3943.92,INR,155488.86,733,Yes,58,Yes,Failed,Medium,0
TXN001620,CUST0864,Hyderabad,MER009,Travel,2026-03-13 15:08:00,Debit Card,Android,64779.68,INR,183620.27,673,Yes,10,No,Success,High,1
TXN001621,CUST0185,Hyderabad,MER255,Food,2026-04-26 01:32:00,Wallet,Android,347.51,INR,174083.64,750,Yes,48,Yes,Success,Medium,0
TXN001622,CUST0669,Delhi,MER227,Healthcare,2026-04-07 14:38:00,UPI,Web,22680.61,INR,188312.71,570,No,28,Yes,Pending,Medium,0
TXN001623,CUST0112,Delhi,MER236,Food,2026-07-28 12:03:00,UPI,Web,52085.86,INR,466270.54,889,No,56,No,Pending,Medium,0
TXN001624,CUST0796,Pune,MER284,Travel,2026-03-12 22:15:00,Debit Card,Web,43563.62,INR,304029.34,570,No,51,Yes,Failed,High,0
TXN001625,CUST0498,Hyderabad,MER243,Entertainment,2026-02-02 07:05:00,NetBanking,iPhone,35163.68,INR,122935.97,306,Yes,73,Yes,Success,Low,0
TXN001626,CUST0496,Mumbai,MER098,Travel,2026-09-09 07:05:00,NetBanking,Web,45268.18,INR,240049.93,436,Yes,73,No,Failed,Medium,0
TXN001627,CUST0274,Delhi,MER123,Travel,2026-10-24 21:44:00,Wallet,iPhone,3013.06,INR,188654.97,491,No,22,No,Failed,Low,0
TXN001628,CUST0459,Bengaluru,MER174,Entertainment,2026-02-21 05:22:00,UPI,Android,46653.77,INR,119910.94,486,Yes,74,Yes,Failed,High,0
TXN001629,CUST0387,Mumbai,MER090,Healthcare,2026-04-12 13:04:00,Debit Card,Android,74368.32,INR,106996.49,604,No,85,Yes,Pending,High,1
TXN001630,CUST0019,Hyderabad,MER170,Shopping,2026-11-10 20:25:00,UPI,iPhone,39404.84,INR,421527.82,650,Yes,50,Yes,Failed,Medium,0
TXN001631,CUST0143,Mumbai,MER283,Travel,2026-02-15 06:17:00,UPI,Android,32742.58,INR,358593.88,702,No,32,Yes,Pending,Low,0
TXN001632,CUST0309,Mumbai,MER253,Bills,2026-06-20 04:32:00,Wallet,Android,13839.19,INR,102672.26,377,No,93,Yes,Failed,Medium,0
TXN001633,CUST0908,Pune,MER107,Healthcare,2026-05-12 14:53:00,UPI,Android,69644.91,INR,189847.62,335,No,79,No,Success,High,0
TXN001634,CUST0590,Pune,MER020,Entertainment,2026-06-22 04:24:00,Debit Card,Web,37766.68,INR,27769.23,807,No,3,No,Failed,Medium,0
TXN001635,CUST0861,Mumbai,MER191,Healthcare,2026-12-04 03:32:00,UPI,iPhone,37985.34,INR,415372.82,314,Yes,32,No,Success,High,0
TXN001636,CUST0827,Delhi,MER211,Entertainment,2026-01-26 20:10:00,Debit Card,Web,49683.73,INR,224460.51,622,No,83,Yes,Success,High,0
TXN001637,CUST1169,Hyderabad,MER295,Healthcare,2026-09-15 19:11:00,Debit Card,Web,69399.86,INR,395007.14,563,No,5,No,Failed,Low,0
TXN001638,CUST0426,Mumbai,MER214,Bills,2026-04-18 23:43:00,Credit Card,Android,65010.82,INR,66762.25,527,No,49,Yes,Success,Low,0
TXN001639,CUST1093,Pune,MER054,Shopping,2026-08-13 05:58:00,Debit Card,Web,11788.0,INR,466460.03,533,No,3,Yes,Pending,Low,0
TXN001640,CUST0335,Mumbai,MER099,Healthcare,2026-07-13 08:25:00,Debit Card,iPhone,13700.29,INR,150785.44,465,No,51,No,Pending,High,0
TXN001641,CUST1052,Bengaluru,MER270,Travel,2026-11-27 22:54:00,Credit Card,Android,52212.32,INR,225675.36,859,No,8,No,Pending,High,1
TXN001642,CUST0795,Bengaluru,MER026,Bills,2026-09-11 23:05:00,UPI,Web,72940.38,INR,100764.33,561,No,52,No,Failed,High,1
TXN001643,CUST0556,Hyderabad,MER013,Entertainment,2026-04-29 04:06:00,NetBanking,iPhone,73466.05,INR,343662.57,575,No,25,Yes,Success,High,0
TXN001644,CUST0245,Pune,MER279,Food,2026-07-28 23:04:00,Credit Card,iPhone,64358.84,INR,42753.33,710,Yes,1,Yes,Failed,Medium,0
TXN001645,CUST0921,Bengaluru,MER209,Shopping,2026-05-01 08:20:00,Wallet,Web,26737.52,INR,463467.74,708,No,42,No,Failed,Medium,0
TXN001646,CUST0522,Hyderabad,MER221,Shopping,2026-01-03 01:59:00,UPI,Android,7508.71,INR,193821.0,757,No,67,No,Pending,Low,0
TXN001647,CUST0147,Hyderabad,MER196,Shopping,2026-04-03 23:19:00,Debit Card,Android,21851.94,INR,77799.22,562,No,34,Yes,Pending,High,0
TXN001648,CUST0011,Mumbai,MER104,Travel,2026-07-12 16:57:00,Wallet,Web,45879.44,INR,499057.66,317,Yes,41,No,Success,High,0
TXN001649,CUST0503,Hyderabad,MER100,Food,2026-11-18 02:07:00,NetBanking,iPhone,4782.95,INR,405135.26,574,Yes,28,No,Success,Low,1
TXN001650,CUST0100,Bengaluru,MER274,Travel,2026-01-12 01:36:00,NetBanking,iPhone,3410.76,INR,373607.08,517,No,86,Yes,Pending,Medium,0
TXN001651,CUST0975,Bengaluru,MER249,Healthcare,2026-11-16 12:56:00,Wallet,Android,47854.99,INR,420509.12,644,Yes,72,No,Success,Low,0
TXN001652,CUST1079,Pune,MER153,Shopping,2026-11-29 21:54:00,UPI,iPhone,27206.14,INR,103117.34,686,No,39,Yes,Pending,Medium,0
TXN001653,CUST0457,Bengaluru,MER129,Entertainment,2026-01-07 20:36:00,Debit Card,Web,37379.94,INR,414365.13,861,Yes,18,No,Success,Low,0
TXN001654,CUST0302,Pune,MER120,Food,2026-05-09 19:19:00,NetBanking,Web,53797.69,INR,487503.65,443,No,67,No,Pending,Low,1
TXN001655,CUST0315,Pune,MER117,Food,2026-07-25 04:07:00,Wallet,Web,35158.91,INR,230458.33,592,No,59,No,Pending,Medium,0
TXN001656,CUST0633,Pune,MER263,Bills,2026-09-26 15:07:00,Debit Card,Web,71675.95,INR,261817.74,462,Yes,1,Yes,Pending,Medium,1
TXN001657,CUST1054,Delhi,MER055,Healthcare,2026-06-03 00:30:00,Credit Card,Android,59007.36,INR,323704.72,525,Yes,55,Yes,Pending,High,0
TXN001658,CUST0574,Mumbai,MER236,Bills,2026-11-02 08:10:00,Wallet,iPhone,27057.38,INR,464117.8,514,Yes,57,Yes,Pending,Low,0
TXN001659,CUST0438,Pune,MER191,Food,2026-10-23 15:02:00,NetBanking,Android,28808.5,INR,234900.78,812,Yes,38,Yes,Failed,Medium,0
TXN001660,CUST1124,Bengaluru,MER012,Bills,2026-12-04 19:41:00,Credit Card,Android,61631.24,INR,67625.26,447,Yes,84,No,Success,Medium,0
TXN001661,CUST0056,Mumbai,MER088,Travel,2026-06-21 16:15:00,NetBanking,Android,46858.04,INR,18919.87,738,No,35,No,Success,High,0
TXN001662,CUST0955,Hyderabad,MER298,Shopping,2026-09-14 01:14:00,Debit Card,Android,66645.13,INR,313932.83,755,No,64,No,Failed,Low,1
TXN001663,CUST1116,Bengaluru,MER021,Bills,2026-09-30 16:23:00,Credit Card,iPhone,44509.26,INR,257579.98,661,Yes,42,No,Pending,Low,0
TXN001664,CUST1045,Bengaluru,MER200,Travel,2026-05-28 10:49:00,NetBanking,Android,41845.82,INR,253258.45,863,No,53,Yes,Pending,Low,0
TXN001665,CUST0817,Pune,MER078,Travel,2026-08-05 03:38:00,Wallet,Web,64596.12,INR,55278.32,417,Yes,81,No,Pending,Low,0
TXN001666,CUST0205,Mumbai,MER291,Entertainment,2026-10-15 07:21:00,NetBanking,Web,41047.71,INR,322144.13,400,Yes,4,No,Success,Medium,0
TXN001667,CUST0076,Pune,MER025,Bills,2026-08-02 09:44:00,Credit Card,Android,29114.04,INR,241042.77,450,Yes,50,Yes,Success,Medium,0
TXN001668,CUST0895,Delhi,MER233,Food,2026-03-30 07:57:00,Debit Card,Android,67898.57,INR,210940.84,635,No,66,No,Pending,High,0
TXN001669,CUST0726,Hyderabad,MER007,Bills,2026-06-11 00:31:00,Credit Card,Web,64880.04,INR,51679.1,474,Yes,13,No,Failed,Medium,0
TXN001670,CUST0652,Hyderabad,MER017,Shopping,2026-02-16 05:33:00,UPI,Web,47416.78,INR,239742.13,527,No,91,No,Failed,Low,0
TXN001671,CUST1101,Mumbai,MER054,Food,2026-04-24 08:44:00,UPI,iPhone,23352.25,INR,443994.2,352,Yes,97,Yes,Success,High,0
TXN001672,CUST1098,Hyderabad,MER059,Shopping,2026-08-17 13:40:00,Wallet,Web,59500.04,INR,301268.5,338,No,58,No,Pending,Low,0
TXN001673,CUST0620,Delhi,MER183,Bills,2026-07-06 13:13:00,Debit Card,iPhone,65530.8,INR,206594.84,784,No,4,Yes,Failed,High,1
TXN001674,CUST0136,Hyderabad,MER112,Travel,2026-08-12 05:50:00,Debit Card,iPhone,64219.73,INR,110096.27,810,Yes,16,No,Pending,Medium,0
TXN001675,CUST0329,Bengaluru,MER076,Entertainment,2026-06-09 21:37:00,Credit Card,Android,27466.54,INR,255012.93,872,Yes,91,Yes,Success,High,0
TXN001676,CUST0755,Delhi,MER084,Travel,2026-03-24 12:24:00,Credit Card,iPhone,62243.38,INR,46144.65,681,Yes,71,No,Pending,High,1
TXN001677,CUST0887,Hyderabad,MER013,Bills,2026-11-28 11:02:00,Credit Card,iPhone,19086.63,INR,146526.84,693,No,91,No,Failed,Low,0
TXN001678,CUST1173,Delhi,MER279,Shopping,2026-08-25 18:25:00,UPI,Web,54542.11,INR,244041.03,417,No,9,No,Success,Medium,1
TXN001679,CUST0340,Pune,MER263,Entertainment,2026-02-04 05:45:00,Wallet,Web,1004.33,INR,276353.89,593,Yes,30,No,Failed,High,0
TXN001680,CUST0120,Bengaluru,MER131,Healthcare,2026-03-16 01:17:00,Wallet,iPhone,35973.86,INR,144612.97,431,Yes,69,No,Failed,High,0
TXN001681,CUST0413,Pune,MER078,Bills,2026-11-07 11:22:00,Debit Card,Web,47776.41,INR,15755.51,899,No,91,Yes,Success,High,0
TXN001682,CUST0253,Bengaluru,MER194,Bills,2026-05-31 16:23:00,Wallet,Android,66804.06,INR,1746.33,620,No,31,No,Success,Low,0
TXN001683,CUST0263,Mumbai,MER113,Shopping,2026-08-12 10:45:00,NetBanking,Web,10099.36,INR,20769.3,513,No,55,Yes,Failed,Medium,0
TXN001684,CUST0193,Hyderabad,MER232,Healthcare,2026-01-27 06:36:00,Debit Card,Android,26869.1,INR,318196.69,582,No,16,No,Failed,Low,0
TXN001685,CUST0718,Pune,MER235,Shopping,2026-11-07 00:13:00,Wallet,iPhone,46266.27,INR,217706.22,614,Yes,49,Yes,Success,High,0
TXN001686,CUST0263,Hyderabad,MER112,Food,2026-07-26 15:51:00,NetBanking,iPhone,28792.08,INR,367796.99,690,No,46,Yes,Pending,Low,0
TXN001687,CUST0539,Pune,MER153,Healthcare,2026-01-17 09:03:00,UPI,Android,36457.85,INR,463719.72,860,No,1,Yes,Pending,Medium,0
TXN001688,CUST0427,Delhi,MER148,Entertainment,2026-04-04 03:22:00,NetBanking,iPhone,25758.76,INR,241074.46,484,Yes,74,Yes,Failed,Medium,0
TXN001689,CUST0740,Delhi,MER194,Entertainment,2026-09-27 00:55:00,UPI,iPhone,56632.02,INR,343632.23,599,Yes,20,No,Success,Low,0
TXN001690,CUST0938,Bengaluru,MER265,Bills,2026-08-03 16:24:00,Debit Card,Android,19568.36,INR,32700.3,308,No,2,No,Failed,Low,0
TXN001691,CUST0871,Pune,MER264,Travel,2026-01-19 20:21:00,NetBanking,iPhone,33072.1,INR,251522.18,361,Yes,93,No,Success,Low,0
TXN001692,CUST0665,Pune,MER034,Shopping,2026-03-25 07:38:00,Wallet,iPhone,23415.25,INR,267895.48,474,Yes,2,No,Pending,Low,0
TXN001693,CUST0831,Bengaluru,MER164,Bills,2026-04-20 15:51:00,Credit Card,iPhone,41168.47,INR,380732.06,354,No,83,Yes,Success,Medium,0
TXN001694,CUST0148,Delhi,MER135,Travel,2026-09-15 07:29:00,Credit Card,Android,61651.17,INR,202717.94,354,Yes,25,Yes,Success,High,0
TXN001695,CUST0687,Pune,MER168,Travel,2026-03-03 05:45:00,Debit Card,Web,32391.66,INR,48692.64,596,Yes,4,No,Failed,Medium,0
TXN001696,CUST0525,Delhi,MER290,Travel,2026-01-07 22:50:00,UPI,iPhone,2769.38,INR,212783.03,555,Yes,95,Yes,Success,Low,0
TXN001697,CUST0065,Delhi,MER119,Healthcare,2026-02-17 12:15:00,Credit Card,Web,63968.98,INR,88874.28,681,No,18,Yes,Success,High,1
TXN001698,CUST0234,Mumbai,MER132,Healthcare,2026-04-22 16:23:00,Credit Card,Android,55442.23,INR,288362.16,497,Yes,83,Yes,Failed,Low,0
TXN001699,CUST0240,Mumbai,MER082,Travel,2026-09-24 20:30:00,NetBanking,iPhone,38786.4,INR,168432.0,721,No,43,Yes,Success,Medium,0
TXN001700,CUST0611,Bengaluru,MER227,Bills,2026-10-16 17:47:00,UPI,Android,13941.57,INR,132590.73,824,No,55,Yes,Failed,Low,0
TXN001701,CUST0731,Mumbai,MER224,Bills,2026-08-20 19:11:00,Wallet,Web,55911.82,INR,452550.46,548,No,85,No,Success,High,0
TXN001702,CUST0829,Pune,MER172,Entertainment,2026-03-06 15:34:00,Wallet,iPhone,35402.89,INR,186092.23,640,Yes,35,No,Failed,Low,0
TXN001703,CUST1047,Pune,MER214,Bills,2026-04-20 06:43:00,UPI,iPhone,27742.5,INR,236893.53,678,Yes,32,No,Pending,High,0
TXN001704,CUST0905,Delhi,MER202,Bills,2026-09-20 00:39:00,Debit Card,Web,27827.84,INR,117429.29,513,No,17,No,Pending,Low,0
TXN001705,CUST0796,Hyderabad,MER078,Shopping,2026-02-07 14:16:00,Debit Card,iPhone,11574.12,INR,41816.31,768,No,26,Yes,Failed,Medium,0
TXN001706,CUST0842,Bengaluru,MER169,Healthcare,2026-09-30 17:35:00,Wallet,Android,15953.44,INR,334709.19,326,No,13,No,Pending,High,0
TXN001707,CUST0485,Bengaluru,MER280,Entertainment,2026-01-29 02:16:00,Wallet,Android,11050.68,INR,177887.83,529,Yes,13,No,Pending,High,0
TXN001708,CUST0060,Mumbai,MER012,Bills,2026-10-21 14:27:00,Credit Card,iPhone,14771.13,INR,66268.56,360,No,89,Yes,Success,Low,0
TXN001709,CUST0988,Bengaluru,MER010,Healthcare,2026-11-23 07:26:00,Credit Card,iPhone,20554.75,INR,366225.83,887,Yes,16,Yes,Success,Medium,0
TXN001710,CUST0610,Hyderabad,MER204,Travel,2026-04-28 17:10:00,Debit Card,Android,29879.43,INR,374583.96,468,No,90,No,Failed,Medium,0
TXN001711,CUST0223,Hyderabad,MER072,Entertainment,2026-12-05 20:59:00,NetBanking,Web,15399.51,INR,315673.98,607,Yes,28,No,Pending,Medium,0
TXN001712,CUST0225,Mumbai,MER212,Entertainment,2026-11-28 16:49:00,Wallet,Web,37931.92,INR,146773.69,771,Yes,80,No,Failed,High,0
TXN001713,CUST1128,Mumbai,MER112,Shopping,2026-03-22 08:16:00,NetBanking,Android,1937.6,INR,17397.88,698,Yes,22,No,Pending,Low,0
TXN001714,CUST0506,Bengaluru,MER140,Entertainment,2026-08-02 00:41:00,UPI,Android,8536.87,INR,98149.02,537,No,35,Yes,Failed,High,0
TXN001715,CUST0421,Delhi,MER274,Food,2026-04-13 11:19:00,UPI,Web,31456.27,INR,273202.15,571,Yes,94,Yes,Success,Medium,0
TXN001716,CUST0152,Delhi,MER279,Food,2026-02-07 18:24:00,Wallet,Android,37031.91,INR,487684.47,892,Yes,99,Yes,Success,Medium,0
TXN001717,CUST0080,Mumbai,MER272,Healthcare,2026-10-30 11:35:00,Wallet,iPhone,49218.67,INR,462988.98,713,Yes,96,Yes,Pending,High,0
TXN001718,CUST0250,Mumbai,MER133,Healthcare,2026-11-22 23:24:00,Debit Card,iPhone,2985.87,INR,277205.09,459,Yes,27,No,Success,Low,0
TXN001719,CUST1159,Pune,MER249,Healthcare,2026-02-06 07:05:00,Credit Card,Web,31921.52,INR,191696.63,381,No,62,Yes,Pending,Low,0
TXN001720,CUST0277,Pune,MER299,Entertainment,2026-04-23 15:54:00,UPI,Android,59307.86,INR,152424.1,775,Yes,21,Yes,Failed,Low,1
TXN001721,CUST0941,Delhi,MER163,Travel,2026-11-27 19:48:00,Wallet,Web,8959.95,INR,38466.38,518,No,61,No,Failed,Medium,0
TXN001722,CUST0147,Mumbai,MER284,Food,2026-01-14 15:45:00,Wallet,iPhone,22106.41,INR,307718.43,413,No,16,No,Success,Low,0
TXN001723,CUST0582,Pune,MER039,Entertainment,2026-03-28 11:01:00,UPI,iPhone,48113.33,INR,109679.7,352,No,77,No,Pending,Low,0
TXN001724,CUST0519,Delhi,MER173,Travel,2026-04-28 15:56:00,Credit Card,Web,29152.43,INR,248927.21,619,Yes,1,Yes,Pending,Medium,0
TXN001725,CUST0134,Hyderabad,MER299,Healthcare,2026-08-06 10:30:00,NetBanking,iPhone,21239.02,INR,260777.61,667,No,50,No,Pending,High,0
TXN001726,CUST0063,Delhi,MER055,Healthcare,2026-08-17 21:23:00,Debit Card,iPhone,73648.47,INR,226257.43,711,Yes,47,No,Pending,Medium,0
TXN001727,CUST0177,Hyderabad,MER080,Bills,2026-05-28 04:01:00,Credit Card,Web,66490.72,INR,181451.02,675,Yes,34,No,Success,Medium,0
TXN001728,CUST0603,Delhi,MER057,Travel,2026-01-02 20:30:00,Wallet,Web,1711.2,INR,324492.71,731,Yes,34,Yes,Pending,High,0
TXN001729,CUST0011,Pune,MER211,Bills,2026-07-17 03:39:00,NetBanking,Android,33392.08,INR,336485.59,402,No,18,Yes,Success,Medium,0
TXN001730,CUST0228,Pune,MER180,Entertainment,2026-02-28 17:47:00,Credit Card,Android,30585.13,INR,72269.8,451,Yes,23,Yes,Failed,Low,0
TXN001731,CUST0319,Bengaluru,MER099,Shopping,2026-08-09 15:16:00,NetBanking,Web,40213.03,INR,149282.96,301,No,12,Yes,Pending,High,0
TXN001732,CUST0238,Mumbai,MER191,Food,2026-09-14 12:17:00,UPI,Android,20112.88,INR,174167.61,330,No,25,No,Failed,Low,0
TXN001733,CUST0269,Pune,MER224,Shopping,2026-02-12 20:07:00,Debit Card,iPhone,12371.6,INR,278705.75,341,No,68,Yes,Success,Low,0
TXN001734,CUST0150,Pune,MER154,Food,2026-08-15 11:38:00,Debit Card,Web,69499.04,INR,471667.9,548,No,10,No,Success,High,1
TXN001735,CUST0538,Delhi,MER241,Healthcare,2026-05-30 06:33:00,Wallet,iPhone,57076.06,INR,366649.19,431,Yes,23,Yes,Pending,High,1
TXN001736,CUST0790,Mumbai,MER177,Bills,2026-11-29 07:31:00,NetBanking,Web,50566.62,INR,355473.88,325,Yes,60,Yes,Pending,Low,0
TXN001737,CUST0911,Delhi,MER123,Entertainment,2026-05-27 13:04:00,NetBanking,Web,7319.07,INR,7856.65,639,No,45,No,Failed,High,0
TXN001738,CUST0043,Bengaluru,MER143,Travel,2026-07-29 16:24:00,UPI,iPhone,42920.94,INR,301768.67,740,Yes,89,No,Failed,Low,0
TXN001739,CUST0879,Pune,MER194,Food,2026-09-23 00:22:00,UPI,iPhone,38996.25,INR,166448.17,770,Yes,30,No,Failed,Medium,0
TXN001740,CUST0818,Delhi,MER074,Bills,2026-05-31 20:51:00,UPI,Android,33315.03,INR,209709.1,873,Yes,39,Yes,Success,Medium,0
TXN001741,CUST0575,Mumbai,MER246,Entertainment,2026-05-26 01:52:00,NetBanking,Web,16512.0,INR,81203.78,707,No,35,No,Failed,Medium,0
TXN001742,CUST0019,Bengaluru,MER145,Entertainment,2026-03-09 01:26:00,Credit Card,Web,64478.9,INR,71278.47,556,Yes,28,No,Pending,Low,1
TXN001743,CUST0931,Mumbai,MER158,Food,2026-09-20 04:44:00,Debit Card,iPhone,57514.09,INR,124053.66,707,Yes,42,No,Failed,Medium,1
TXN001744,CUST0059,Hyderabad,MER090,Bills,2026-07-25 00:26:00,Wallet,Android,21148.51,INR,81913.61,468,No,58,Yes,Success,Low,0
TXN001745,CUST0693,Bengaluru,MER150,Shopping,2026-03-08 00:04:00,Credit Card,Android,16637.31,INR,161757.1,850,Yes,68,No,Success,Low,0
TXN001746,CUST0287,Bengaluru,MER223,Bills,2026-03-08 22:15:00,NetBanking,Web,20979.47,INR,46232.29,461,Yes,63,No,Success,High,0
TXN001747,CUST0619,Pune,MER209,Bills,2026-07-17 04:20:00,Credit Card,Android,10429.82,INR,180232.12,546,Yes,52,No,Pending,Low,0
TXN001748,CUST0011,Hyderabad,MER114,Travel,2026-10-26 08:05:00,Debit Card,Android,35623.43,INR,485617.06,424,Yes,76,Yes,Pending,Low,0
TXN001749,CUST0734,Pune,MER095,Travel,2026-01-17 09:56:00,Wallet,Android,22669.24,INR,336040.79,349,Yes,74,Yes,Pending,Low,0
TXN001750,CUST1003,Bengaluru,MER250,Food,2026-08-08 19:14:00,UPI,Android,15889.25,INR,30009.28,322,Yes,91,No,Failed,Low,0
TXN001751,CUST0698,Hyderabad,MER144,Entertainment,2026-06-29 05:09:00,UPI,Web,28271.18,INR,370241.01,662,No,1,No,Pending,High,0
TXN001752,CUST0001,Delhi,MER177,Entertainment,2026-10-20 15:43:00,Credit Card,Android,60895.92,INR,371707.02,384,No,84,No,Failed,High,1
TXN001753,CUST0772,Delhi,MER226,Entertainment,2026-04-15 20:03:00,Credit Card,iPhone,57633.1,INR,7411.42,421,No,97,No,Success,High,1
TXN001754,CUST0165,Hyderabad,MER256,Bills,2026-06-03 04:18:00,Wallet,iPhone,46078.62,INR,30148.24,481,No,83,No,Success,Low,0
TXN001755,CUST1135,Pune,MER165,Bills,2026-07-19 07:36:00,UPI,iPhone,2007.17,INR,331428.25,361,Yes,17,Yes,Success,High,0
TXN001756,CUST1121,Hyderabad,MER013,Bills,2026-08-18 02:01:00,Wallet,Web,8558.51,INR,214361.42,643,Yes,18,Yes,Success,High,0
TXN001757,CUST1200,Mumbai,MER037,Travel,2026-05-18 19:49:00,NetBanking,Web,36482.35,INR,142957.46,824,No,54,Yes,Failed,Low,0
TXN001758,CUST0639,Mumbai,MER012,Food,2026-01-11 12:41:00,Credit Card,iPhone,6252.82,INR,415258.87,551,Yes,32,Yes,Success,Low,0
TXN001759,CUST1029,Hyderabad,MER195,Healthcare,2026-03-17 23:34:00,Credit Card,iPhone,19488.79,INR,377727.9,848,No,14,No,Pending,High,0
TXN001760,CUST0846,Delhi,MER292,Food,2026-11-18 06:23:00,Debit Card,Android,15143.87,INR,459755.6,442,Yes,13,Yes,Failed,High,0
TXN001761,CUST0336,Hyderabad,MER202,Shopping,2026-03-08 23:43:00,Wallet,iPhone,65312.45,INR,433033.52,525,No,9,Yes,Failed,Low,0
TXN001762,CUST0708,Mumbai,MER128,Bills,2026-12-12 22:49:00,Debit Card,Web,74506.87,INR,196733.69,695,No,53,No,Pending,Medium,1
TXN001763,CUST0328,Mumbai,MER143,Healthcare,2026-04-15 20:23:00,Debit Card,Android,38357.97,INR,11818.43,716,Yes,41,Yes,Failed,High,0
TXN001764,CUST0670,Hyderabad,MER274,Shopping,2026-11-09 15:51:00,UPI,Android,9738.45,INR,409393.29,355,No,99,Yes,Failed,Medium,0
TXN001765,CUST0474,Delhi,MER012,Healthcare,2026-06-10 12:12:00,NetBanking,Android,53327.93,INR,129442.91,575,Yes,10,Yes,Pending,Low,1
TXN001766,CUST0761,Pune,MER096,Travel,2026-10-14 16:35:00,Credit Card,iPhone,22601.11,INR,446596.81,772,Yes,37,No,Failed,High,0
TXN001767,CUST0281,Delhi,MER060,Healthcare,2026-04-17 01:28:00,UPI,iPhone,42551.48,INR,13089.45,535,Yes,12,No,Failed,High,0
TXN001768,CUST0295,Mumbai,MER099,Bills,2026-08-23 21:02:00,Credit Card,Web,51053.96,INR,28994.04,881,No,41,Yes,Pending,Medium,0
TXN001769,CUST0912,Pune,MER203,Travel,2026-05-29 04:23:00,Credit Card,Web,36628.06,INR,71171.76,832,No,26,Yes,Success,Low,0
TXN001770,CUST0056,Pune,MER266,Shopping,2026-07-03 06:35:00,Debit Card,Android,74133.19,INR,194461.43,559,Yes,27,Yes,Failed,Medium,0
TXN001771,CUST1044,Mumbai,MER277,Healthcare,2026-05-28 15:03:00,Wallet,Web,50683.62,INR,370293.01,387,Yes,49,Yes,Failed,High,0
TXN001772,CUST0891,Bengaluru,MER069,Food,2026-07-24 17:22:00,Debit Card,iPhone,50794.84,INR,140685.94,353,Yes,25,Yes,Failed,High,0
TXN001773,CUST1155,Mumbai,MER192,Food,2026-10-28 07:49:00,UPI,Android,27731.95,INR,55032.32,639,No,51,Yes,Failed,Medium,0
TXN001774,CUST0123,Bengaluru,MER025,Travel,2026-12-13 11:43:00,NetBanking,Web,59035.5,INR,255275.97,336,No,33,Yes,Success,Medium,0
TXN001775,CUST0714,Hyderabad,MER198,Healthcare,2026-05-04 18:21:00,UPI,Web,4626.46,INR,107574.86,638,Yes,67,Yes,Failed,High,0
TXN001776,CUST0939,Delhi,MER181,Healthcare,2026-01-19 04:22:00,Credit Card,Android,48436.55,INR,312608.24,312,Yes,52,No,Failed,Medium,0
TXN001777,CUST0924,Bengaluru,MER135,Food,2026-02-03 05:00:00,NetBanking,Android,33564.45,INR,78229.1,773,Yes,52,Yes,Failed,High,0
TXN001778,CUST0750,Bengaluru,MER200,Bills,2026-10-18 20:18:00,NetBanking,iPhone,7730.25,INR,57298.55,882,No,50,No,Failed,High,0
TXN001779,CUST0328,Hyderabad,MER034,Bills,2026-11-13 16:17:00,UPI,Web,55193.52,INR,161102.94,328,No,69,Yes,Failed,Low,0
TXN001780,CUST0138,Bengaluru,MER179,Bills,2026-04-30 02:40:00,Wallet,Web,19183.64,INR,75825.63,678,Yes,47,Yes,Success,High,0
TXN001781,CUST1043,Mumbai,MER145,Travel,2026-05-22 05:29:00,Wallet,Web,49216.9,INR,71871.11,779,No,43,Yes,Success,High,0
TXN001782,CUST0872,Hyderabad,MER281,Bills,2026-08-09 04:24:00,Credit Card,Android,24782.21,INR,407578.84,507,Yes,20,No,Success,Low,0
TXN001783,CUST0787,Hyderabad,MER287,Entertainment,2026-03-22 19:40:00,Debit Card,iPhone,67573.24,INR,35746.55,679,Yes,22,No,Success,High,0
TXN001784,CUST0219,Mumbai,MER003,Healthcare,2026-06-20 01:43:00,Credit Card,Android,27808.84,INR,268050.27,877,No,17,Yes,Pending,Medium,0
TXN001785,CUST0342,Hyderabad,MER244,Bills,2026-06-15 23:32:00,UPI,Android,57419.12,INR,439531.05,813,No,18,No,Success,High,1
TXN001786,CUST0407,Pune,MER032,Food,2026-06-11 03:22:00,UPI,Android,54941.93,INR,37518.5,444,No,19,Yes,Failed,High,0
TXN001787,CUST0107,Delhi,MER248,Entertainment,2026-08-30 02:31:00,Wallet,iPhone,21784.25,INR,47873.9,737,Yes,87,No,Success,Medium,0
TXN001788,CUST0717,Hyderabad,MER207,Bills,2026-05-29 01:58:00,Debit Card,Android,27370.05,INR,304020.57,686,Yes,25,No,Failed,Low,0
TXN001789,CUST0312,Mumbai,MER145,Travel,2026-09-03 13:33:00,Wallet,Web,1329.56,INR,356610.59,500,No,80,Yes,Pending,Low,0
TXN001790,CUST0156,Delhi,MER125,Healthcare,2026-09-14 02:34:00,UPI,iPhone,9556.27,INR,11604.35,591,No,86,Yes,Failed,Low,0
TXN001791,CUST0235,Pune,MER169,Food,2026-09-29 07:50:00,UPI,Android,57174.48,INR,35552.16,455,No,2,Yes,Pending,Low,1
TXN001792,CUST1172,Mumbai,MER134,Bills,2026-11-28 05:23:00,Debit Card,Web,10108.58,INR,228401.44,869,Yes,29,No,Failed,High,0
TXN001793,CUST1008,Pune,MER096,Food,2026-04-14 06:54:00,NetBanking,iPhone,37539.52,INR,236524.84,393,No,50,Yes,Pending,High,0
TXN001794,CUST0581,Mumbai,MER080,Food,2026-11-16 03:48:00,Credit Card,Android,69311.06,INR,471263.21,806,Yes,85,No,Failed,Medium,0
TXN001795,CUST0636,Hyderabad,MER276,Shopping,2026-04-07 01:43:00,NetBanking,Android,10986.03,INR,494262.14,810,Yes,38,Yes,Success,Low,0
TXN001796,CUST0043,Bengaluru,MER201,Entertainment,2026-01-19 01:40:00,UPI,iPhone,51696.67,INR,333603.31,686,Yes,41,Yes,Pending,Low,0
TXN001797,CUST0427,Mumbai,MER254,Food,2026-05-26 20:53:00,Credit Card,Web,41969.69,INR,29453.01,502,Yes,41,No,Pending,Low,0
TXN001798,CUST0412,Pune,MER046,Food,2026-01-21 16:53:00,UPI,Web,28616.58,INR,27155.21,540,Yes,71,No,Pending,Low,0
TXN001799,CUST1089,Pune,MER089,Healthcare,2026-08-23 08:42:00,Credit Card,iPhone,54539.34,INR,349811.14,585,Yes,43,Yes,Pending,High,0
TXN001800,CUST0102,Delhi,MER113,Entertainment,2026-06-11 11:12:00,Wallet,iPhone,3811.92,INR,45171.71,727,No,22,Yes,Pending,Low,0
TXN001801,CUST0879,Bengaluru,MER035,Shopping,2026-11-07 14:03:00,NetBanking,iPhone,10541.98,INR,390125.09,562,No,1,No,Pending,Low,0
TXN001802,CUST0181,Pune,MER179,Entertainment,2026-07-19 16:41:00,Credit Card,Web,5542.29,INR,390097.7,550,Yes,79,No,Failed,Low,0
TXN001803,CUST0595,Mumbai,MER049,Healthcare,2026-08-01 19:41:00,UPI,Web,45357.43,INR,154903.94,732,Yes,61,No,Pending,Medium,0
TXN001804,CUST0213,Hyderabad,MER249,Bills,2026-06-24 09:00:00,UPI,Web,48579.96,INR,248124.56,707,Yes,85,Yes,Failed,Low,0
TXN001805,CUST0733,Pune,MER045,Entertainment,2026-08-27 09:12:00,Wallet,Web,32444.52,INR,81571.05,711,Yes,76,Yes,Success,Medium,0
TXN001806,CUST1055,Pune,MER292,Entertainment,2026-09-08 09:58:00,Credit Card,iPhone,32430.51,INR,322147.1,387,No,42,Yes,Success,High,0
TXN001807,CUST1102,Bengaluru,MER001,Bills,2026-04-17 02:35:00,NetBanking,Web,68759.92,INR,121676.91,625,Yes,18,No,Failed,High,0
TXN001808,CUST0889,Delhi,MER254,Bills,2026-04-18 21:51:00,UPI,Web,35757.06,INR,419463.7,870,No,95,Yes,Failed,Low,0
TXN001809,CUST0596,Pune,MER226,Food,2026-11-21 17:54:00,Wallet,iPhone,69322.34,INR,241940.13,896,Yes,74,Yes,Success,High,0
TXN001810,CUST0719,Pune,MER274,Healthcare,2026-06-10 17:01:00,UPI,Web,71795.81,INR,57961.23,615,No,6,Yes,Pending,Medium,0
TXN001811,CUST0377,Delhi,MER139,Healthcare,2026-09-14 07:41:00,Credit Card,Web,58044.61,INR,473999.18,874,No,45,No,Success,High,1
TXN001812,CUST0290,Bengaluru,MER101,Food,2026-02-14 23:04:00,UPI,Web,17483.93,INR,438717.08,648,Yes,9,No,Pending,Low,1
TXN001813,CUST0048,Hyderabad,MER177,Travel,2026-03-07 22:59:00,Credit Card,Android,37015.7,INR,425640.05,717,Yes,16,Yes,Failed,Low,0
TXN001814,CUST1021,Mumbai,MER011,Travel,2026-10-23 18:44:00,Debit Card,Android,66484.93,INR,452444.57,733,Yes,34,No,Failed,Low,1
TXN001815,CUST0591,Pune,MER168,Bills,2026-11-18 21:38:00,UPI,Web,35228.62,INR,381557.45,612,No,85,No,Failed,High,0
TXN001816,CUST0780,Bengaluru,MER253,Travel,2026-05-12 18:13:00,Debit Card,iPhone,58277.42,INR,469932.4,524,No,43,Yes,Failed,Medium,0
TXN001817,CUST1099,Hyderabad,MER182,Healthcare,2026-03-14 07:37:00,Debit Card,Web,49155.62,INR,99951.27,603,Yes,85,No,Pending,High,0
TXN001818,CUST1013,Mumbai,MER223,Bills,2026-10-30 03:31:00,Debit Card,Web,70853.6,INR,157281.73,457,Yes,85,No,Failed,Medium,0
TXN001819,CUST1041,Bengaluru,MER149,Travel,2026-02-27 21:57:00,Wallet,Web,39348.88,INR,280865.48,557,No,32,No,Pending,High,1
TXN001820,CUST0730,Pune,MER157,Shopping,2026-10-19 03:58:00,UPI,iPhone,25304.49,INR,497268.53,332,Yes,69,No,Failed,Medium,0
TXN001821,CUST0105,Hyderabad,MER101,Shopping,2026-03-04 16:50:00,NetBanking,Android,12405.57,INR,284005.13,778,No,30,No,Success,High,0
TXN001822,CUST0708,Pune,MER124,Healthcare,2026-12-03 22:03:00,UPI,Android,23618.63,INR,211433.35,643,No,15,No,Success,High,0
TXN001823,CUST0010,Delhi,MER176,Food,2026-08-28 13:06:00,Credit Card,Web,9966.49,INR,48012.42,514,No,30,Yes,Success,Medium,0
TXN001824,CUST0477,Mumbai,MER252,Healthcare,2026-11-09 13:26:00,Debit Card,Android,44754.95,INR,40256.01,402,Yes,19,Yes,Pending,Medium,0
TXN001825,CUST0342,Hyderabad,MER184,Travel,2026-11-19 04:32:00,Wallet,iPhone,43216.31,INR,75344.58,744,No,24,No,Success,High,0
TXN001826,CUST0458,Bengaluru,MER099,Healthcare,2026-09-18 06:59:00,Debit Card,iPhone,3852.42,INR,146985.25,382,No,81,No,Success,High,0
TXN001827,CUST0664,Pune,MER041,Bills,2026-08-31 07:46:00,Debit Card,iPhone,61788.31,INR,414569.87,620,Yes,89,No,Pending,Low,0
TXN001828,CUST1114,Pune,MER213,Bills,2026-03-14 17:50:00,Credit Card,iPhone,69287.0,INR,125839.72,397,Yes,12,No,Failed,Medium,0
TXN001829,CUST0342,Hyderabad,MER132,Food,2026-03-05 06:41:00,Wallet,Android,72249.94,INR,257334.04,838,Yes,66,No,Failed,Low,0
TXN001830,CUST0122,Hyderabad,MER293,Travel,2026-01-31 12:34:00,NetBanking,iPhone,1078.39,INR,121008.97,540,No,10,No,Pending,Medium,0
TXN001831,CUST0067,Delhi,MER277,Travel,2026-12-01 02:51:00,Credit Card,Web,70578.05,INR,352245.51,728,No,30,Yes,Success,Low,1
TXN001832,CUST1088,Bengaluru,MER272,Food,2026-04-23 08:22:00,NetBanking,iPhone,21044.17,INR,425254.33,392,No,84,Yes,Success,Low,0
TXN001833,CUST0821,Delhi,MER188,Food,2026-11-09 18:14:00,Credit Card,Web,27709.91,INR,88676.41,543,Yes,32,No,Success,Medium,0
TXN001834,CUST0776,Hyderabad,MER095,Healthcare,2026-08-10 23:03:00,UPI,Android,27148.66,INR,359449.44,599,Yes,96,No,Pending,Medium,0
TXN001835,CUST0416,Delhi,MER128,Bills,2026-11-18 11:10:00,NetBanking,iPhone,14572.31,INR,113286.91,386,Yes,88,Yes,Pending,High,0
TXN001836,CUST0220,Delhi,MER009,Bills,2026-02-23 13:10:00,NetBanking,Android,36296.0,INR,474413.15,778,Yes,50,No,Success,Medium,0
TXN001837,CUST0229,Hyderabad,MER073,Entertainment,2026-08-12 16:34:00,UPI,Web,16037.94,INR,27734.02,815,No,30,Yes,Success,Low,0
TXN001838,CUST1162,Pune,MER165,Bills,2026-03-21 07:26:00,Wallet,iPhone,44535.92,INR,389229.01,416,Yes,46,Yes,Pending,High,0
TXN001839,CUST0599,Delhi,MER042,Shopping,2026-11-11 08:24:00,Credit Card,Android,51189.7,INR,127893.47,625,Yes,2,Yes,Success,Low,0
TXN001840,CUST0500,Bengaluru,MER254,Healthcare,2026-08-12 03:45:00,UPI,Android,58213.01,INR,372643.27,617,No,8,Yes,Pending,Medium,0
TXN001841,CUST0813,Pune,MER122,Entertainment,2026-10-11 15:58:00,UPI,iPhone,37734.86,INR,5245.9,510,No,53,No,Pending,Medium,0
TXN001842,CUST0300,Mumbai,MER218,Healthcare,2026-07-03 20:39:00,UPI,Android,22333.86,INR,38682.97,549,Yes,58,Yes,Success,Low,0
TXN001843,CUST0500,Mumbai,MER144,Bills,2026-01-22 21:13:00,UPI,Web,65353.64,INR,155941.68,452,Yes,13,Yes,Pending,High,1
TXN001844,CUST0484,Mumbai,MER017,Healthcare,2026-09-27 12:14:00,Credit Card,Web,41026.93,INR,365870.84,696,Yes,93,No,Success,Medium,0
TXN001845,CUST1158,Pune,MER246,Travel,2026-09-26 19:11:00,Wallet,Web,63085.39,INR,7302.55,822,No,83,No,Failed,Medium,1
TXN001846,CUST0725,Mumbai,MER042,Shopping,2026-09-12 09:45:00,UPI,Android,13830.36,INR,483295.28,309,No,15,No,Success,Medium,0
TXN001847,CUST0057,Bengaluru,MER165,Food,2026-03-07 15:30:00,Credit Card,iPhone,42055.93,INR,4203.46,680,Yes,98,Yes,Pending,Low,0
TXN001848,CUST0623,Delhi,MER133,Shopping,2026-06-03 00:46:00,NetBanking,iPhone,46673.74,INR,71742.28,704,No,44,No,Success,High,0
TXN001849,CUST0161,Mumbai,MER225,Bills,2026-09-25 08:56:00,UPI,Web,13971.11,INR,377869.12,813,No,97,Yes,Failed,Low,0
TXN001850,CUST0276,Hyderabad,MER196,Bills,2026-07-18 00:41:00,Credit Card,Android,43857.38,INR,186755.39,806,Yes,59,Yes,Success,High,0
TXN001851,CUST0096,Mumbai,MER072,Travel,2026-09-08 06:30:00,Debit Card,Web,63458.13,INR,191009.6,370,No,39,No,Failed,Low,0
TXN001852,CUST0448,Pune,MER152,Entertainment,2026-02-10 05:07:00,UPI,iPhone,37078.05,INR,208631.88,399,No,23,Yes,Failed,Low,0
TXN001853,CUST0813,Bengaluru,MER216,Travel,2026-11-20 00:15:00,Wallet,iPhone,22178.21,INR,240119.71,556,No,41,No,Pending,High,0
TXN001854,CUST0990,Pune,MER111,Bills,2026-07-20 16:30:00,NetBanking,Android,29074.69,INR,2491.97,584,Yes,63,Yes,Failed,High,0
TXN001855,CUST0706,Bengaluru,MER093,Entertainment,2026-12-13 15:28:00,Credit Card,Web,17041.45,INR,493927.79,416,Yes,62,Yes,Failed,Medium,0
TXN001856,CUST0090,Delhi,MER026,Bills,2026-09-28 10:55:00,Credit Card,Web,44881.29,INR,47999.72,856,No,22,Yes,Pending,Low,0
TXN001857,CUST0395,Pune,MER045,Healthcare,2026-02-11 14:00:00,Wallet,Web,21071.82,INR,292111.08,710,Yes,62,No,Pending,Medium,0
TXN001858,CUST1067,Delhi,MER296,Bills,2026-11-22 15:17:00,Debit Card,Web,39446.0,INR,307535.91,358,No,21,Yes,Success,Medium,0
TXN001859,CUST0839,Delhi,MER214,Shopping,2026-07-08 03:43:00,UPI,Web,9335.43,INR,310285.72,404,Yes,56,Yes,Failed,Low,0
TXN001860,CUST0642,Hyderabad,MER125,Food,2026-05-29 12:35:00,Credit Card,Android,47395.56,INR,84913.32,772,No,46,No,Success,High,0
TXN001861,CUST0625,Bengaluru,MER211,Travel,2026-06-27 16:14:00,NetBanking,Web,65007.72,INR,36444.26,887,Yes,68,Yes,Failed,High,0
TXN001862,CUST0097,Pune,MER107,Entertainment,2026-10-27 18:05:00,UPI,iPhone,73352.67,INR,39353.01,805,No,25,Yes,Success,Medium,1
TXN001863,CUST0399,Hyderabad,MER062,Travel,2026-01-28 23:48:00,Wallet,Web,16650.82,INR,430630.43,637,No,75,Yes,Success,Medium,0
TXN001864,CUST0335,Bengaluru,MER183,Entertainment,2026-04-18 17:12:00,Debit Card,Web,51699.75,INR,388485.93,815,Yes,44,No,Success,High,0
TXN001865,CUST0254,Mumbai,MER247,Shopping,2026-09-24 16:50:00,Credit Card,Web,44835.69,INR,316426.67,448,No,100,No,Success,Medium,0
TXN001866,CUST0378,Delhi,MER286,Food,2026-08-18 03:20:00,Debit Card,iPhone,60657.97,INR,433955.51,483,Yes,91,Yes,Pending,Low,1
TXN001867,CUST1111,Hyderabad,MER120,Healthcare,2026-08-06 19:26:00,Debit Card,iPhone,30448.09,INR,129845.79,512,No,41,Yes,Success,Medium,0
TXN001868,CUST0497,Pune,MER241,Healthcare,2026-05-26 14:45:00,NetBanking,Web,29233.09,INR,368702.31,347,No,90,No,Failed,High,0
TXN001869,CUST0569,Pune,MER288,Entertainment,2026-08-11 13:26:00,NetBanking,Android,40387.68,INR,351606.48,771,No,82,Yes,Failed,High,0
TXN001870,CUST1041,Pune,MER035,Travel,2026-03-20 13:37:00,NetBanking,iPhone,70929.19,INR,96862.63,739,No,4,No,Pending,Low,0
TXN001871,CUST0602,Pune,MER093,Shopping,2026-02-18 06:42:00,Credit Card,Web,9094.37,INR,86197.27,576,Yes,89,Yes,Success,Medium,0
TXN001872,CUST0481,Hyderabad,MER161,Shopping,2026-11-25 07:56:00,UPI,Android,50534.73,INR,445888.48,402,No,38,No,Success,Medium,1
TXN001873,CUST0319,Pune,MER081,Entertainment,2026-04-12 18:24:00,Credit Card,iPhone,57063.23,INR,4654.11,615,No,53,No,Pending,Low,0
TXN001874,CUST0873,Pune,MER173,Bills,2026-04-10 17:56:00,UPI,Web,8868.79,INR,401550.6,591,Yes,40,No,Failed,Low,0
TXN001875,CUST0134,Mumbai,MER240,Food,2026-04-27 11:29:00,Debit Card,Web,46582.37,INR,67983.33,632,Yes,88,Yes,Pending,Low,0
TXN001876,CUST0145,Pune,MER103,Shopping,2026-05-20 13:35:00,Debit Card,Web,28928.05,INR,134316.73,891,Yes,5,Yes,Success,Medium,0
TXN001877,CUST1195,Hyderabad,MER089,Travel,2026-07-27 11:24:00,Debit Card,Android,28679.68,INR,116624.69,692,Yes,73,No,Success,Low,0
TXN001878,CUST0393,Bengaluru,MER009,Healthcare,2026-10-16 17:46:00,Credit Card,iPhone,46890.94,INR,64281.46,452,No,1,No,Failed,High,0
TXN001879,CUST0554,Hyderabad,MER098,Travel,2026-10-21 10:31:00,Debit Card,Web,13342.05,INR,259178.77,535,Yes,33,Yes,Failed,Medium,0
TXN001880,CUST1079,Hyderabad,MER224,Healthcare,2026-04-03 14:59:00,UPI,Web,7707.52,INR,217894.21,670,No,23,No,Success,High,0
TXN001881,CUST0274,Bengaluru,MER169,Shopping,2026-01-08 13:57:00,Wallet,iPhone,42160.26,INR,102897.01,322,No,21,No,Pending,Medium,0
TXN001882,CUST0017,Mumbai,MER292,Bills,2026-10-21 16:46:00,NetBanking,iPhone,65937.76,INR,142406.24,514,No,77,Yes,Failed,Medium,0
TXN001883,CUST0256,Bengaluru,MER268,Travel,2026-01-02 15:35:00,UPI,Web,24623.74,INR,399286.68,648,No,18,No,Success,Medium,0
TXN001884,CUST0824,Hyderabad,MER265,Bills,2026-06-06 10:46:00,Wallet,Web,73946.91,INR,269908.06,893,No,59,Yes,Failed,High,0
TXN001885,CUST0046,Hyderabad,MER300,Food,2026-01-31 22:46:00,Debit Card,Web,8004.75,INR,220717.05,384,Yes,4,Yes,Pending,Medium,0
TXN001886,CUST0918,Pune,MER173,Bills,2026-06-24 22:06:00,Debit Card,iPhone,59712.91,INR,216635.42,633,Yes,84,No,Success,High,0
TXN001887,CUST0197,Hyderabad,MER252,Entertainment,2026-04-17 12:10:00,Debit Card,Web,54603.29,INR,443522.39,485,Yes,37,Yes,Failed,High,0
TXN001888,CUST0672,Pune,MER143,Shopping,2026-10-04 12:20:00,UPI,Web,66571.64,INR,168226.74,718,No,91,Yes,Failed,Medium,0
TXN001889,CUST0542,Mumbai,MER288,Bills,2026-01-27 06:01:00,Wallet,Web,23328.78,INR,268992.64,471,No,58,Yes,Failed,Low,0
TXN001890,CUST0493,Bengaluru,MER166,Entertainment,2026-06-28 14:04:00,Wallet,Web,63339.44,INR,87042.4,685,No,66,Yes,Pending,Medium,1
TXN001891,CUST0589,Bengaluru,MER126,Entertainment,2026-05-29 06:12:00,NetBanking,Android,57049.12,INR,335915.42,500,No,66,No,Success,Low,1
TXN001892,CUST0163,Mumbai,MER225,Healthcare,2026-07-30 11:33:00,Wallet,Web,54012.38,INR,167398.3,513,Yes,98,No,Pending,High,1
TXN001893,CUST1003,Hyderabad,MER180,Healthcare,2026-05-17 21:57:00,Wallet,Android,64476.89,INR,445875.25,696,No,54,Yes,Success,Low,1
TXN001894,CUST0623,Delhi,MER109,Entertainment,2026-08-05 16:21:00,Debit Card,iPhone,56056.9,INR,254826.35,686,Yes,30,Yes,Pending,Low,1
TXN001895,CUST0456,Delhi,MER226,Entertainment,2026-06-03 12:41:00,UPI,iPhone,50576.41,INR,357318.14,348,No,29,Yes,Failed,Medium,1
TXN001896,CUST0946,Hyderabad,MER089,Entertainment,2026-05-31 13:00:00,Credit Card,iPhone,21009.93,INR,123256.49,701,No,69,No,Pending,Low,0
TXN001897,CUST1136,Bengaluru,MER251,Bills,2026-04-07 11:18:00,Wallet,iPhone,38217.83,INR,307024.59,593,Yes,37,No,Success,High,0
TXN001898,CUST0942,Delhi,MER015,Travel,2026-06-23 09:05:00,Wallet,iPhone,26573.54,INR,210525.89,786,No,4,No,Success,Low,0
TXN001899,CUST0165,Delhi,MER228,Shopping,2026-03-14 17:11:00,Debit Card,Android,71873.15,INR,38939.64,782,Yes,84,Yes,Success,High,0
TXN001900,CUST0096,Bengaluru,MER143,Entertainment,2026-01-13 04:42:00,Wallet,iPhone,44135.27,INR,199815.57,818,Yes,31,No,Pending,Medium,0
TXN001901,CUST0684,Hyderabad,MER188,Travel,2026-05-05 12:03:00,Credit Card,Android,25768.53,INR,432594.68,433,No,56,Yes,Pending,High,0
TXN001902,CUST0076,Delhi,MER239,Food,2026-11-08 11:11:00,NetBanking,Web,68658.31,INR,40262.0,361,Yes,40,No,Failed,Low,1
TXN001903,CUST1028,Bengaluru,MER205,Shopping,2026-01-30 06:06:00,UPI,Web,5918.26,INR,51799.36,625,Yes,96,No,Failed,Medium,0
TXN001904,CUST0628,Hyderabad,MER230,Bills,2026-12-03 04:03:00,UPI,Web,31990.36,INR,321775.27,718,No,86,Yes,Failed,High,0
TXN001905,CUST0819,Hyderabad,MER281,Travel,2026-09-15 20:04:00,NetBanking,Android,34627.64,INR,370446.67,436,No,52,No,Pending,High,0
TXN001906,CUST0139,Delhi,MER085,Entertainment,2026-03-26 17:06:00,Credit Card,Android,28132.04,INR,365267.5,888,Yes,64,No,Failed,Low,0
TXN001907,CUST0496,Bengaluru,MER274,Bills,2026-03-05 14:51:00,Credit Card,Android,23679.62,INR,127435.04,663,Yes,28,Yes,Pending,Medium,0
TXN001908,CUST0630,Hyderabad,MER125,Travel,2026-07-20 21:22:00,NetBanking,Android,28219.71,INR,127411.89,812,No,22,No,Failed,Medium,0
TXN001909,CUST0671,Bengaluru,MER135,Shopping,2026-02-07 13:00:00,UPI,Web,64858.51,INR,437006.9,470,Yes,65,No,Pending,Low,1
TXN001910,CUST0833,Hyderabad,MER159,Bills,2026-06-24 10:08:00,Debit Card,Android,62875.94,INR,102689.7,508,No,10,Yes,Success,Low,0
TXN001911,CUST0548,Hyderabad,MER163,Healthcare,2026-10-24 15:05:00,UPI,iPhone,26663.51,INR,105808.66,839,No,82,Yes,Pending,Low,0
TXN001912,CUST0704,Bengaluru,MER030,Healthcare,2026-07-10 05:48:00,Debit Card,Web,36682.17,INR,443210.16,377,Yes,71,No,Failed,Medium,0
TXN001913,CUST0227,Hyderabad,MER236,Shopping,2026-10-03 22:37:00,NetBanking,Android,60577.68,INR,108350.96,510,Yes,76,Yes,Failed,High,0
TXN001914,CUST0085,Pune,MER101,Healthcare,2026-01-24 16:14:00,Debit Card,iPhone,57170.1,INR,95350.22,430,Yes,40,Yes,Success,High,0
TXN001915,CUST0949,Mumbai,MER027,Healthcare,2026-09-25 18:56:00,UPI,Android,45627.8,INR,32593.79,621,Yes,61,Yes,Failed,Low,0
TXN001916,CUST0823,Pune,MER101,Travel,2026-01-31 12:40:00,Debit Card,Web,74261.16,INR,178822.87,500,Yes,9,No,Success,Low,1
TXN001917,CUST0608,Pune,MER231,Bills,2026-07-13 23:53:00,UPI,Web,14251.9,INR,356392.81,348,No,47,No,Pending,Medium,0
TXN001918,CUST0886,Mumbai,MER157,Shopping,2026-11-19 17:00:00,Debit Card,Android,23996.11,INR,391759.64,488,Yes,19,No,Pending,High,0
TXN001919,CUST0854,Delhi,MER043,Healthcare,2026-12-01 00:01:00,UPI,Android,20032.21,INR,210256.15,407,No,83,No,Pending,High,0
TXN001920,CUST1079,Mumbai,MER082,Entertainment,2026-04-02 01:02:00,Credit Card,Web,7014.39,INR,62625.45,848,Yes,54,Yes,Success,High,0
TXN001921,CUST0729,Hyderabad,MER088,Entertainment,2026-10-12 18:39:00,Wallet,Web,6297.23,INR,284671.89,690,Yes,4,Yes,Pending,Medium,0
TXN001922,CUST0177,Pune,MER006,Shopping,2026-07-27 01:24:00,Credit Card,Android,37252.77,INR,331362.31,660,No,17,Yes,Pending,High,0
TXN001923,CUST0324,Mumbai,MER016,Food,2026-08-23 23:29:00,Wallet,iPhone,34200.76,INR,279869.52,805,Yes,33,Yes,Pending,Medium,0
TXN001924,CUST0717,Pune,MER152,Shopping,2026-03-09 19:37:00,UPI,iPhone,70446.89,INR,338768.82,824,Yes,91,Yes,Pending,High,1
TXN001925,CUST0090,Delhi,MER283,Food,2026-03-05 04:05:00,Credit Card,iPhone,29969.54,INR,7384.07,667,No,62,No,Failed,Medium,0
TXN001926,CUST1187,Pune,MER132,Food,2026-08-20 00:54:00,NetBanking,Web,51950.4,INR,292627.4,638,No,51,No,Success,Low,0
TXN001927,CUST0726,Hyderabad,MER069,Travel,2026-07-07 10:35:00,NetBanking,iPhone,7050.75,INR,265890.72,822,No,94,No,Failed,Medium,0
TXN001928,CUST0487,Pune,MER106,Bills,2026-08-28 22:26:00,UPI,iPhone,52300.33,INR,323930.01,441,Yes,12,Yes,Pending,Low,0
TXN001929,CUST0573,Hyderabad,MER142,Entertainment,2026-10-02 05:52:00,Wallet,Android,41709.82,INR,377079.0,315,Yes,66,Yes,Success,Medium,1
TXN001930,CUST0526,Bengaluru,MER166,Entertainment,2026-03-31 12:38:00,NetBanking,Android,9111.56,INR,475418.47,883,No,40,Yes,Pending,High,0
TXN001931,CUST1154,Pune,MER186,Travel,2026-04-23 00:04:00,Wallet,Android,56516.35,INR,280836.33,667,Yes,95,No,Failed,Low,1
TXN001932,CUST0679,Mumbai,MER065,Entertainment,2026-09-23 20:10:00,Wallet,iPhone,47977.56,INR,4905.44,869,No,66,No,Pending,High,0
TXN001933,CUST0779,Mumbai,MER086,Shopping,2026-10-09 21:55:00,NetBanking,Web,56121.14,INR,93600.08,462,Yes,92,Yes,Success,High,0
TXN001934,CUST0430,Pune,MER224,Healthcare,2026-07-07 05:29:00,Debit Card,iPhone,16390.67,INR,268053.74,605,No,63,No,Pending,Medium,0
TXN001935,CUST0818,Delhi,MER166,Healthcare,2026-03-21 15:59:00,Wallet,iPhone,37688.59,INR,367298.95,888,No,74,No,Failed,Low,0
TXN001936,CUST0411,Pune,MER245,Shopping,2026-11-23 16:03:00,Debit Card,Web,5969.62,INR,393858.51,637,Yes,65,No,Failed,High,0
TXN001937,CUST0132,Delhi,MER270,Bills,2026-09-07 00:02:00,Credit Card,iPhone,53146.14,INR,222437.64,423,Yes,79,No,Failed,Medium,0
TXN001938,CUST0833,Delhi,MER163,Food,2026-10-07 10:32:00,Debit Card,Web,25111.7,INR,218479.31,414,No,57,No,Success,High,0
TXN001939,CUST1159,Mumbai,MER180,Entertainment,2026-07-03 14:47:00,Credit Card,Android,615.06,INR,417700.05,705,Yes,5,Yes,Pending,Medium,0
TXN001940,CUST0318,Mumbai,MER144,Travel,2026-02-15 23:12:00,NetBanking,iPhone,43179.03,INR,379902.95,520,No,99,Yes,Failed,Medium,0
TXN001941,CUST1065,Delhi,MER224,Entertainment,2026-09-10 17:38:00,UPI,Android,30777.53,INR,402427.73,818,Yes,36,Yes,Success,Low,0
TXN001942,CUST0684,Mumbai,MER225,Entertainment,2026-03-30 02:43:00,Debit Card,Web,68251.0,INR,200166.83,797,Yes,45,No,Failed,Medium,0
TXN001943,CUST0502,Bengaluru,MER079,Bills,2026-01-15 21:24:00,NetBanking,iPhone,31273.83,INR,242793.31,573,No,82,Yes,Failed,Low,1
TXN001944,CUST0423,Hyderabad,MER154,Healthcare,2026-07-28 18:19:00,UPI,Android,3624.87,INR,300051.1,456,No,53,No,Pending,High,0
TXN001945,CUST1027,Delhi,MER022,Travel,2026-02-01 03:02:00,Debit Card,iPhone,69413.0,INR,361604.78,522,Yes,3,No,Failed,Medium,1
TXN001946,CUST0326,Hyderabad,MER094,Bills,2026-04-05 14:21:00,Credit Card,Web,65608.89,INR,186019.47,789,No,37,No,Success,Medium,0
TXN001947,CUST0046,Hyderabad,MER176,Food,2026-08-31 14:15:00,NetBanking,Web,42097.18,INR,285189.48,402,Yes,59,No,Failed,Medium,0
TXN001948,CUST0568,Delhi,MER050,Shopping,2026-08-08 21:57:00,Credit Card,iPhone,5157.76,INR,103798.32,402,No,36,Yes,Pending,High,0
TXN001949,CUST1169,Hyderabad,MER140,Bills,2026-06-11 23:57:00,Wallet,iPhone,57001.35,INR,190238.44,626,Yes,62,Yes,Failed,Medium,0
TXN001950,CUST0431,Delhi,MER114,Bills,2026-07-15 12:45:00,Wallet,Web,22738.37,INR,246821.97,644,No,73,Yes,Success,High,0
TXN001951,CUST0111,Hyderabad,MER208,Entertainment,2026-03-29 17:48:00,Debit Card,Android,220.41,INR,173541.34,668,No,60,Yes,Success,High,0
TXN001952,CUST0683,Delhi,MER237,Bills,2026-11-09 16:22:00,Credit Card,iPhone,3599.45,INR,307666.22,569,Yes,85,Yes,Pending,Medium,0
TXN001953,CUST0749,Hyderabad,MER257,Shopping,2026-05-27 02:31:00,Debit Card,Android,52073.69,INR,112402.14,576,No,40,Yes,Failed,High,0
TXN001954,CUST0958,Mumbai,MER161,Travel,2026-03-28 13:49:00,Credit Card,Web,24673.35,INR,183992.56,681,No,71,Yes,Pending,High,0
TXN001955,CUST0705,Hyderabad,MER155,Bills,2026-05-12 20:17:00,NetBanking,Android,43663.83,INR,327156.93,712,Yes,20,No,Pending,High,0
TXN001956,CUST0344,Mumbai,MER110,Entertainment,2026-09-25 23:48:00,Debit Card,iPhone,8834.48,INR,1938.6,318,No,14,No,Failed,High,0
TXN001957,CUST0522,Hyderabad,MER251,Entertainment,2026-10-22 16:16:00,Credit Card,iPhone,74781.91,INR,63118.29,657,No,74,No,Success,High,0
TXN001958,CUST0825,Pune,MER063,Bills,2026-01-10 05:56:00,Credit Card,Web,53470.84,INR,412498.17,403,Yes,10,No,Failed,High,0
TXN001959,CUST0215,Hyderabad,MER019,Bills,2026-06-17 11:38:00,NetBanking,Web,50841.78,INR,135585.45,334,No,70,No,Pending,High,0
TXN001960,CUST0643,Pune,MER204,Entertainment,2026-02-26 19:59:00,UPI,Web,13373.79,INR,399265.14,892,Yes,86,No,Failed,Medium,0
TXN001961,CUST0878,Hyderabad,MER123,Shopping,2026-11-17 02:29:00,Debit Card,Web,50770.66,INR,264066.89,717,Yes,63,Yes,Failed,Low,0
TXN001962,CUST0554,Pune,MER110,Travel,2026-10-19 13:53:00,Debit Card,Android,9980.3,INR,376887.5,307,Yes,35,Yes,Success,High,0
TXN001963,CUST0338,Hyderabad,MER159,Healthcare,2026-03-24 13:01:00,Wallet,iPhone,35117.8,INR,425681.85,530,No,62,No,Failed,Low,0
TXN001964,CUST0046,Mumbai,MER006,Entertainment,2026-01-19 18:26:00,Wallet,Web,71303.04,INR,360737.39,672,No,47,Yes,Failed,Low,1
TXN001965,CUST0702,Mumbai,MER213,Travel,2026-11-23 13:27:00,Wallet,Web,38534.69,INR,473041.9,369,Yes,65,No,Failed,High,0
TXN001966,CUST0264,Mumbai,MER086,Food,2026-04-07 01:35:00,Credit Card,iPhone,7794.39,INR,433501.86,686,Yes,14,No,Pending,High,0
TXN001967,CUST0683,Bengaluru,MER157,Bills,2026-10-04 01:27:00,Debit Card,iPhone,42579.31,INR,481916.75,579,No,48,Yes,Success,Medium,0
TXN001968,CUST0587,Pune,MER057,Healthcare,2026-02-05 12:27:00,NetBanking,Web,51489.33,INR,425150.85,650,Yes,28,No,Failed,Low,1
TXN001969,CUST0693,Mumbai,MER030,Travel,2026-07-21 04:50:00,NetBanking,Android,38350.48,INR,345318.35,521,No,93,No,Pending,Medium,1
TXN001970,CUST1018,Pune,MER134,Bills,2026-09-02 05:11:00,Credit Card,Android,58528.62,INR,14922.74,376,No,85,Yes,Success,Low,0
TXN001971,CUST0200,Pune,MER095,Bills,2026-03-03 12:36:00,NetBanking,Android,24286.77,INR,455797.72,311,Yes,1,No,Failed,Medium,0
TXN001972,CUST1174,Pune,MER216,Entertainment,2026-08-31 02:57:00,Wallet,iPhone,35164.09,INR,55095.28,856,Yes,100,No,Failed,Low,0
TXN001973,CUST0989,Pune,MER214,Travel,2026-02-04 03:43:00,Wallet,Android,55539.89,INR,21856.52,858,No,72,Yes,Pending,Medium,0
TXN001974,CUST1177,Mumbai,MER023,Travel,2026-11-19 14:24:00,Credit Card,iPhone,7741.29,INR,422630.37,636,No,33,No,Failed,Medium,0
TXN001975,CUST0822,Pune,MER166,Entertainment,2026-11-26 22:33:00,Credit Card,Web,8206.94,INR,341183.65,696,No,73,Yes,Pending,High,0
TXN001976,CUST0612,Mumbai,MER173,Entertainment,2026-02-11 16:27:00,NetBanking,iPhone,53229.94,INR,341655.85,426,Yes,95,No,Pending,High,1
TXN001977,CUST1116,Mumbai,MER297,Bills,2026-06-19 03:16:00,UPI,iPhone,7506.08,INR,139358.73,420,No,32,Yes,Pending,Low,0
TXN001978,CUST0284,Delhi,MER088,Bills,2026-10-17 18:35:00,UPI,Android,47828.47,INR,87941.88,733,Yes,71,No,Failed,Medium,0
TXN001979,CUST0475,Mumbai,MER189,Healthcare,2026-03-26 00:40:00,NetBanking,iPhone,38589.64,INR,96869.94,384,Yes,53,No,Failed,Low,0
TXN001980,CUST0173,Hyderabad,MER160,Shopping,2026-12-01 08:01:00,Debit Card,iPhone,66406.51,INR,287381.16,653,Yes,4,Yes,Pending,Low,1
TXN001981,CUST0182,Mumbai,MER279,Travel,2026-03-10 22:59:00,UPI,Web,22833.28,INR,165879.11,825,No,73,Yes,Success,Medium,0
TXN001982,CUST1010,Hyderabad,MER042,Bills,2026-09-12 14:13:00,UPI,Android,60605.8,INR,17296.51,720,No,8,No,Success,Low,0
TXN001983,CUST0783,Pune,MER169,Food,2026-05-23 18:44:00,Debit Card,Web,19038.62,INR,404766.53,868,No,27,Yes,Failed,Medium,0
TXN001984,CUST1142,Hyderabad,MER207,Bills,2026-06-19 05:22:00,Wallet,Android,41905.0,INR,5685.58,586,Yes,40,No,Pending,High,0
TXN001985,CUST0478,Pune,MER242,Travel,2026-01-17 05:47:00,Credit Card,Android,69842.86,INR,89346.49,894,No,96,No,Failed,Medium,0
TXN001986,CUST0697,Pune,MER001,Shopping,2026-07-17 15:27:00,Debit Card,Web,67212.35,INR,429533.84,900,No,90,No,Pending,Low,1
TXN001987,CUST0793,Pune,MER175,Shopping,2026-03-01 01:18:00,Wallet,Android,63280.42,INR,228052.07,897,No,75,No,Failed,Medium,0
TXN001988,CUST0105,Hyderabad,MER295,Bills,2026-05-23 19:08:00,Debit Card,iPhone,62399.99,INR,181666.61,659,No,44,No,Success,High,1
TXN001989,CUST0341,Hyderabad,MER296,Travel,2026-04-18 18:51:00,NetBanking,iPhone,42404.27,INR,134913.21,325,Yes,75,Yes,Pending,High,0
TXN001990,CUST1083,Delhi,MER214,Food,2026-11-03 20:56:00,Wallet,iPhone,19351.43,INR,362058.89,486,No,9,Yes,Pending,Low,0
TXN001991,CUST0907,Hyderabad,MER234,Bills,2026-08-06 01:10:00,Debit Card,iPhone,69862.97,INR,21399.22,510,No,19,No,Success,Medium,0
TXN001992,CUST0910,Pune,MER044,Food,2026-12-11 13:21:00,Wallet,Android,35143.32,INR,494189.64,426,Yes,71,No,Success,Low,0
TXN001993,CUST1106,Mumbai,MER148,Travel,2026-03-01 16:44:00,Credit Card,Android,49558.45,INR,342521.03,547,Yes,19,Yes,Pending,High,0
TXN001994,CUST0777,Pune,MER206,Entertainment,2026-11-20 21:25:00,UPI,iPhone,69681.95,INR,283433.39,564,Yes,88,Yes,Failed,High,1
TXN001995,CUST0699,Hyderabad,MER276,Bills,2026-04-28 15:27:00,Credit Card,Web,25797.36,INR,153454.77,439,No,32,No,Pending,Low,0
TXN001996,CUST0543,Delhi,MER272,Healthcare,2026-05-03 10:54:00,Debit Card,Web,2494.81,INR,239959.35,648,Yes,14,Yes,Pending,High,0
TXN001997,CUST0525,Mumbai,MER186,Shopping,2026-04-24 05:43:00,Credit Card,Web,56513.19,INR,401278.46,631,Yes,57,No,Failed,Low,0
TXN001998,CUST0983,Bengaluru,MER218,Healthcare,2026-07-12 23:30:00,Wallet,Web,27399.96,INR,199046.82,484,Yes,30,Yes,Success,Low,0
TXN001999,CUST0985,Pune,MER048,Healthcare,2026-09-19 01:57:00,Debit Card,Web,18698.0,INR,201240.59,724,Yes,76,Yes,Pending,Medium,0
TXN002000,CUST0327,Bengaluru,MER255,Travel,2026-10-28 20:53:00,UPI,iPhone,42448.2,INR,400917.95,617,No,53,Yes,Pending,Low,0
TXN002001,CUST0804,Delhi,MER154,Food,2026-06-05 12:08:00,UPI,Android,35552.23,INR,98154.36,487,Yes,61,Yes,Success,Medium,0
TXN002002,CUST1080,Hyderabad,MER160,Shopping,2026-09-07 07:39:00,UPI,Android,5912.0,INR,469559.35,450,Yes,94,Yes,Success,High,0
TXN002003,CUST0557,Pune,MER204,Shopping,2026-07-12 21:42:00,Wallet,Web,66560.77,INR,69607.05,369,Yes,35,No,Failed,Low,0
TXN002004,CUST0037,Pune,MER183,Travel,2026-05-28 17:31:00,NetBanking,iPhone,65585.97,INR,127178.32,474,Yes,30,No,Success,Medium,1
TXN002005,CUST0599,Bengaluru,MER097,Travel,2026-01-05 21:03:00,NetBanking,iPhone,40100.84,INR,254336.62,805,Yes,31,Yes,Failed,High,0
TXN002006,CUST0101,Pune,MER133,Shopping,2026-06-12 04:15:00,NetBanking,Android,53047.19,INR,115330.88,710,No,10,No,Pending,High,1
TXN002007,CUST0205,Bengaluru,MER236,Food,2026-02-04 19:50:00,Debit Card,Android,39873.74,INR,361461.07,879,No,64,No,Pending,Low,0
TXN002008,CUST0151,Bengaluru,MER067,Food,2026-02-13 09:13:00,NetBanking,Android,2097.6,INR,275304.64,661,Yes,31,Yes,Pending,Low,0
TXN002009,CUST0551,Bengaluru,MER102,Bills,2026-08-02 04:05:00,Debit Card,Web,72715.46,INR,81601.14,405,No,69,No,Failed,Low,1
TXN002010,CUST0909,Pune,MER145,Healthcare,2026-03-02 00:41:00,UPI,iPhone,5817.85,INR,167789.18,770,No,90,Yes,Failed,Low,0
TXN002011,CUST0488,Bengaluru,MER211,Travel,2026-05-21 08:21:00,Credit Card,iPhone,22441.02,INR,301043.77,829,Yes,89,Yes,Success,Medium,0
TXN002012,CUST0963,Hyderabad,MER121,Entertainment,2026-06-08 02:28:00,Wallet,iPhone,48992.08,INR,86753.69,564,No,25,No,Success,High,0
TXN002013,CUST0948,Bengaluru,MER254,Travel,2026-08-08 18:20:00,Wallet,iPhone,66252.96,INR,238799.91,645,No,97,No,Success,High,0
TXN002014,CUST1171,Pune,MER116,Shopping,2026-12-04 21:49:00,NetBanking,Web,64993.84,INR,10362.65,603,Yes,38,No,Pending,Medium,0
TXN002015,CUST1163,Delhi,MER005,Healthcare,2026-01-24 23:06:00,Wallet,Web,72076.44,INR,177813.99,533,No,54,Yes,Failed,Low,0
TXN002016,CUST0284,Mumbai,MER188,Shopping,2026-08-05 05:34:00,Credit Card,Android,30425.71,INR,111191.06,536,Yes,77,Yes,Pending,Medium,0
TXN002017,CUST0206,Delhi,MER076,Bills,2026-03-30 00:14:00,UPI,Web,69222.98,INR,57710.8,771,Yes,24,No,Failed,Low,0
TXN002018,CUST0673,Hyderabad,MER293,Food,2026-11-16 23:05:00,UPI,Web,19411.68,INR,33821.89,572,Yes,79,Yes,Success,Medium,0
TXN002019,CUST0559,Hyderabad,MER157,Travel,2026-02-27 11:52:00,NetBanking,Web,45819.24,INR,319048.36,630,No,88,No,Pending,Medium,0
TXN002020,CUST0723,Mumbai,MER011,Travel,2026-03-02 11:57:00,Wallet,Android,59068.0,INR,371135.17,776,Yes,52,No,Success,Low,0
TXN002021,CUST1153,Pune,MER295,Food,2026-09-14 00:24:00,UPI,iPhone,53983.32,INR,151006.39,764,No,9,No,Failed,Low,1
TXN002022,CUST0666,Delhi,MER134,Entertainment,2026-12-08 15:20:00,UPI,Web,33881.73,INR,460617.39,480,Yes,16,No,Pending,Medium,0
TXN002023,CUST0126,Hyderabad,MER227,Shopping,2026-10-23 10:20:00,Debit Card,Web,44909.85,INR,113092.29,501,No,30,No,Pending,Low,0
TXN002024,CUST0376,Delhi,MER090,Healthcare,2026-06-20 16:31:00,NetBanking,Web,20802.7,INR,111993.61,767,Yes,32,Yes,Success,Low,0
TXN002025,CUST0568,Delhi,MER128,Entertainment,2026-11-24 00:07:00,Credit Card,Android,1496.64,INR,91213.47,535,No,40,Yes,Success,Low,0
TXN002026,CUST0520,Pune,MER292,Healthcare,2026-05-17 06:45:00,Credit Card,Web,21998.16,INR,409646.97,461,Yes,31,Yes,Failed,Low,0
TXN002027,CUST0099,Mumbai,MER128,Travel,2026-04-29 22:20:00,UPI,Android,24328.27,INR,244249.37,391,No,46,No,Pending,Medium,0
TXN002028,CUST0547,Pune,MER140,Travel,2026-02-25 10:55:00,Debit Card,iPhone,4079.34,INR,197241.86,372,Yes,76,Yes,Failed,Medium,0
TXN002029,CUST0477,Bengaluru,MER019,Bills,2026-10-08 14:26:00,NetBanking,Android,64191.7,INR,293604.89,555,No,3,No,Pending,High,1
TXN002030,CUST0521,Pune,MER241,Food,2026-05-02 07:23:00,Wallet,iPhone,16756.57,INR,179613.22,424,No,56,Yes,Success,High,0
TXN002031,CUST0569,Hyderabad,MER126,Food,2026-11-02 19:07:00,Wallet,Android,47392.63,INR,372745.29,437,Yes,86,No,Pending,Medium,0
TXN002032,CUST0002,Hyderabad,MER224,Food,2026-04-24 20:04:00,UPI,iPhone,17823.74,INR,77767.52,621,No,65,No,Pending,High,0
TXN002033,CUST0159,Delhi,MER098,Entertainment,2026-03-20 13:26:00,Wallet,Android,31513.62,INR,456539.05,817,Yes,96,Yes,Success,Low,0
TXN002034,CUST0856,Pune,MER026,Entertainment,2026-03-20 20:14:00,NetBanking,Android,5916.97,INR,243310.5,825,Yes,69,Yes,Success,Medium,0
TXN002035,CUST0791,Mumbai,MER285,Healthcare,2026-02-11 11:06:00,Wallet,Web,59947.67,INR,237092.95,848,No,12,No,Failed,High,0
TXN002036,CUST0073,Bengaluru,MER196,Shopping,2026-05-26 17:31:00,NetBanking,Web,3450.03,INR,379573.05,689,No,23,Yes,Success,Medium,0
TXN002037,CUST0004,Bengaluru,MER058,Entertainment,2026-09-01 11:45:00,Debit Card,iPhone,71194.49,INR,78014.56,497,No,27,No,Failed,Medium,0
TXN002038,CUST0059,Bengaluru,MER114,Food,2026-10-07 20:32:00,Wallet,Web,1350.34,INR,222278.86,832,No,14,No,Failed,Medium,0
TXN002039,CUST0946,Pune,MER134,Bills,2026-06-25 01:20:00,Debit Card,Web,45575.21,INR,18623.98,745,No,68,No,Failed,Medium,0
TXN002040,CUST1007,Pune,MER044,Bills,2026-04-21 19:12:00,Debit Card,iPhone,5146.99,INR,23671.47,674,No,27,No,Success,Low,0
TXN002041,CUST0899,Mumbai,MER076,Food,2026-09-20 01:21:00,UPI,Android,37793.48,INR,175395.49,654,No,43,Yes,Success,Medium,0
TXN002042,CUST0410,Pune,MER194,Bills,2026-09-08 07:34:00,NetBanking,iPhone,52768.87,INR,55024.42,464,No,14,No,Failed,High,0
TXN002043,CUST0212,Mumbai,MER135,Entertainment,2026-01-21 23:06:00,Credit Card,iPhone,36046.88,INR,477697.15,597,No,42,Yes,Pending,Low,0
TXN002044,CUST0065,Bengaluru,MER019,Entertainment,2026-07-25 04:40:00,NetBanking,Web,74759.14,INR,421622.59,881,No,52,No,Success,High,1
TXN002045,CUST0774,Pune,MER201,Travel,2026-01-05 19:15:00,Credit Card,iPhone,38259.94,INR,125116.59,525,Yes,4,Yes,Pending,Low,0
TXN002046,CUST0630,Bengaluru,MER116,Food,2026-06-29 00:42:00,Debit Card,Android,21842.91,INR,219403.77,881,No,41,No,Failed,Medium,0
TXN002047,CUST0399,Delhi,MER052,Healthcare,2026-08-09 12:07:00,Wallet,Android,11462.24,INR,73490.79,458,No,100,No,Pending,Medium,0
TXN002048,CUST0512,Pune,MER067,Travel,2026-11-23 10:57:00,Debit Card,Android,4195.4,INR,186767.88,779,No,14,Yes,Failed,Low,0
TXN002049,CUST0090,Delhi,MER053,Healthcare,2026-11-06 18:45:00,Credit Card,Web,49453.95,INR,441398.28,312,No,9,No,Failed,Medium,0
TXN002050,CUST0236,Mumbai,MER112,Healthcare,2026-02-16 06:31:00,Wallet,Web,3277.47,INR,277109.3,582,No,82,Yes,Pending,High,0
TXN002051,CUST0170,Delhi,MER072,Bills,2026-05-23 07:48:00,NetBanking,iPhone,28633.67,INR,414734.76,588,No,39,Yes,Success,Low,0
TXN002052,CUST1138,Mumbai,MER129,Healthcare,2026-07-18 03:27:00,Wallet,Android,12022.1,INR,362369.27,550,No,31,No,Success,Medium,0
TXN002053,CUST0151,Pune,MER273,Food,2026-09-11 04:56:00,Credit Card,iPhone,27537.01,INR,339840.94,424,No,16,Yes,Pending,High,0
TXN002054,CUST0051,Delhi,MER233,Food,2026-11-14 23:30:00,NetBanking,Web,30669.14,INR,416822.93,427,Yes,75,Yes,Pending,Medium,0
TXN002055,CUST0293,Delhi,MER249,Bills,2026-07-23 23:05:00,NetBanking,Web,63527.98,INR,388754.27,596,Yes,6,Yes,Failed,Low,0
TXN002056,CUST0143,Bengaluru,MER054,Food,2026-12-10 15:38:00,NetBanking,Web,21082.16,INR,52680.77,309,No,11,Yes,Success,Medium,0
TXN002057,CUST0005,Delhi,MER160,Bills,2026-01-15 00:52:00,NetBanking,iPhone,47720.84,INR,207621.18,886,No,7,No,Failed,Low,0
TXN002058,CUST0940,Bengaluru,MER109,Food,2026-01-08 22:19:00,Credit Card,Android,22207.5,INR,132075.38,662,No,35,No,Failed,Low,0
TXN002059,CUST0672,Hyderabad,MER138,Food,2026-06-15 15:47:00,Debit Card,Android,70978.52,INR,112019.57,760,No,34,No,Success,High,1
TXN002060,CUST0219,Mumbai,MER202,Entertainment,2026-08-12 20:49:00,Debit Card,Android,70693.76,INR,93725.24,714,No,10,Yes,Failed,Low,1
TXN002061,CUST0924,Delhi,MER120,Food,2026-09-13 21:21:00,NetBanking,Android,16826.57,INR,174493.79,706,Yes,12,Yes,Success,Low,0
TXN002062,CUST0605,Hyderabad,MER049,Travel,2026-04-28 06:43:00,Credit Card,iPhone,74733.88,INR,19688.47,595,Yes,8,No,Failed,Medium,0
TXN002063,CUST1150,Hyderabad,MER299,Healthcare,2026-08-04 03:43:00,Debit Card,Web,71294.73,INR,126910.49,371,No,2,Yes,Failed,Low,0
TXN002064,CUST0934,Hyderabad,MER003,Food,2026-06-11 20:14:00,Wallet,Android,1920.98,INR,327267.22,620,No,77,Yes,Success,Low,0
TXN002065,CUST0152,Hyderabad,MER055,Healthcare,2026-09-14 03:08:00,Wallet,Android,33322.46,INR,496357.54,584,Yes,22,Yes,Failed,Medium,0
TXN002066,CUST0731,Delhi,MER217,Bills,2026-04-12 16:42:00,Credit Card,Android,22043.47,INR,117413.46,831,No,85,No,Pending,Medium,0
TXN002067,CUST1163,Pune,MER246,Entertainment,2026-01-10 15:40:00,Credit Card,Web,28064.44,INR,117835.01,549,Yes,97,Yes,Failed,High,0
TXN002068,CUST0828,Delhi,MER110,Entertainment,2026-05-21 12:11:00,UPI,Web,52110.99,INR,307098.36,767,Yes,14,No,Success,High,0
TXN002069,CUST0317,Delhi,MER260,Bills,2026-09-19 06:58:00,Credit Card,Android,65181.61,INR,396597.14,873,No,68,No,Failed,High,0
TXN002070,CUST0982,Hyderabad,MER284,Bills,2026-08-30 16:12:00,UPI,iPhone,18285.23,INR,350946.39,547,No,74,Yes,Success,Medium,0
TXN002071,CUST0882,Pune,MER188,Shopping,2026-07-23 14:29:00,UPI,iPhone,68807.48,INR,436484.09,627,No,78,Yes,Success,High,0
TXN002072,CUST0051,Hyderabad,MER286,Healthcare,2026-03-10 10:34:00,Debit Card,iPhone,9125.21,INR,197179.31,710,Yes,76,No,Success,Low,0
TXN002073,CUST0672,Delhi,MER249,Food,2026-11-05 08:48:00,Credit Card,Web,70401.59,INR,358956.3,556,Yes,61,Yes,Pending,High,0
TXN002074,CUST0310,Delhi,MER165,Travel,2026-08-09 00:46:00,UPI,iPhone,73917.63,INR,12902.93,477,No,7,Yes,Success,High,0
TXN002075,CUST0228,Pune,MER043,Shopping,2026-06-04 10:07:00,UPI,iPhone,6033.72,INR,36136.18,899,No,25,No,Failed,High,0
TXN002076,CUST0286,Pune,MER119,Food,2026-01-18 01:37:00,NetBanking,Web,46769.03,INR,70825.9,497,No,86,No,Pending,High,0
TXN002077,CUST1149,Hyderabad,MER245,Travel,2026-03-13 14:17:00,Credit Card,Android,3861.52,INR,31619.3,568,Yes,64,No,Pending,Low,0
TXN002078,CUST0744,Delhi,MER215,Food,2026-08-09 14:30:00,Credit Card,Android,47117.16,INR,493925.09,843,Yes,18,Yes,Failed,Low,0
TXN002079,CUST0589,Pune,MER247,Bills,2026-01-23 23:38:00,Credit Card,Android,56303.95,INR,78614.79,723,No,98,Yes,Pending,High,0
TXN002080,CUST1038,Mumbai,MER163,Entertainment,2026-08-10 21:47:00,NetBanking,Android,32738.42,INR,207499.73,773,No,36,Yes,Success,Low,0
TXN002081,CUST0139,Bengaluru,MER117,Entertainment,2026-03-07 10:06:00,Debit Card,Android,16915.11,INR,394408.59,846,Yes,82,No,Failed,Low,0
TXN002082,CUST0493,Hyderabad,MER299,Shopping,2026-08-09 06:41:00,NetBanking,Web,13126.87,INR,161118.21,469,Yes,41,Yes,Pending,Medium,0
TXN002083,CUST1066,Delhi,MER128,Entertainment,2026-08-18 07:13:00,Wallet,Web,57125.54,INR,365093.36,745,Yes,15,Yes,Failed,Low,1
TXN002084,CUST0050,Bengaluru,MER267,Food,2026-04-27 16:20:00,NetBanking,iPhone,16574.57,INR,239972.49,641,No,90,No,Pending,High,0
TXN002085,CUST0796,Mumbai,MER247,Healthcare,2026-06-24 08:46:00,NetBanking,Android,49501.26,INR,86693.49,664,Yes,89,Yes,Success,High,0
TXN002086,CUST0959,Mumbai,MER060,Bills,2026-03-07 00:26:00,Wallet,iPhone,54735.57,INR,362698.1,521,Yes,25,No,Pending,Medium,0
TXN002087,CUST0359,Bengaluru,MER164,Shopping,2026-08-28 12:45:00,NetBanking,Web,5453.07,INR,284319.18,801,No,99,Yes,Pending,Medium,0
TXN002088,CUST0736,Hyderabad,MER297,Shopping,2026-10-06 00:47:00,Debit Card,Android,72763.45,INR,282598.19,449,No,93,No,Failed,High,0
TXN002089,CUST0444,Hyderabad,MER234,Food,2026-03-21 12:33:00,NetBanking,iPhone,6418.67,INR,75060.41,663,No,84,No,Failed,Low,0
TXN002090,CUST1138,Delhi,MER083,Travel,2026-03-17 17:28:00,UPI,Android,7773.69,INR,271977.19,670,No,32,Yes,Pending,High,0
TXN002091,CUST0518,Bengaluru,MER072,Healthcare,2026-06-19 18:55:00,Credit Card,Android,52462.91,INR,399886.14,340,No,88,Yes,Success,Low,0
TXN002092,CUST0875,Delhi,MER149,Healthcare,2026-05-08 01:02:00,Credit Card,Android,47758.02,INR,2332.02,436,Yes,9,No,Success,High,0
TXN002093,CUST0519,Pune,MER224,Entertainment,2026-09-18 20:36:00,Credit Card,iPhone,22133.6,INR,306922.93,740,Yes,81,No,Failed,Low,0
TXN002094,CUST0671,Delhi,MER170,Food,2026-09-07 04:39:00,UPI,Android,11792.62,INR,478540.53,382,Yes,66,Yes,Pending,Medium,0
TXN002095,CUST0264,Hyderabad,MER089,Travel,2026-09-09 06:01:00,UPI,Android,51653.9,INR,105692.17,310,No,18,Yes,Success,Medium,0
TXN002096,CUST1084,Mumbai,MER002,Entertainment,2026-11-26 06:53:00,Credit Card,Web,2890.71,INR,136586.56,445,No,26,No,Failed,Low,0
TXN002097,CUST1174,Mumbai,MER287,Food,2026-11-11 17:50:00,NetBanking,Android,43082.19,INR,435728.85,705,Yes,16,No,Failed,High,0
TXN002098,CUST0626,Pune,MER128,Travel,2026-11-09 10:26:00,UPI,iPhone,28925.31,INR,187534.34,558,Yes,3,No,Success,Medium,0
TXN002099,CUST0009,Pune,MER280,Shopping,2026-04-16 15:22:00,Debit Card,Web,29334.46,INR,14707.19,637,Yes,63,No,Failed,Low,0
TXN002100,CUST0349,Bengaluru,MER002,Healthcare,2026-02-17 04:24:00,Debit Card,Android,43516.41,INR,60388.63,306,No,3,No,Pending,High,0
TXN002101,CUST0400,Pune,MER169,Travel,2026-09-15 21:38:00,Debit Card,iPhone,73367.3,INR,80738.82,550,Yes,18,Yes,Failed,High,0
TXN002102,CUST0934,Hyderabad,MER156,Travel,2026-05-08 08:57:00,Debit Card,Web,62812.25,INR,29575.72,613,No,52,Yes,Failed,High,1
TXN002103,CUST0746,Pune,MER055,Food,2026-02-12 03:58:00,Debit Card,Android,65280.05,INR,408718.6,627,No,24,No,Failed,High,1
TXN002104,CUST0824,Pune,MER114,Food,2026-06-12 01:42:00,Debit Card,Web,40756.47,INR,294192.97,543,Yes,33,No,Pending,High,0
TXN002105,CUST0965,Pune,MER279,Bills,2026-01-25 13:00:00,Debit Card,Android,544.34,INR,89867.35,525,No,90,No,Pending,Medium,0
TXN002106,CUST0371,Pune,MER167,Entertainment,2026-10-16 21:17:00,Debit Card,Web,49563.1,INR,203975.82,628,No,64,Yes,Success,High,0
TXN002107,CUST1123,Mumbai,MER010,Entertainment,2026-04-22 05:03:00,Debit Card,iPhone,14143.75,INR,206426.91,446,No,33,No,Pending,Low,0
TXN002108,CUST1126,Bengaluru,MER183,Healthcare,2026-07-27 16:34:00,Wallet,Android,6600.48,INR,399198.08,411,No,85,Yes,Success,Low,0
TXN002109,CUST1069,Bengaluru,MER193,Food,2026-01-03 19:49:00,NetBanking,Android,58248.54,INR,136875.01,743,Yes,17,Yes,Success,High,1
TXN002110,CUST0217,Pune,MER127,Entertainment,2026-11-01 18:42:00,NetBanking,Web,74129.43,INR,377795.58,790,Yes,60,Yes,Pending,Medium,0
TXN002111,CUST0452,Mumbai,MER267,Entertainment,2026-06-26 20:32:00,NetBanking,Web,52200.96,INR,338636.44,449,No,94,No,Pending,High,0
TXN002112,CUST0529,Mumbai,MER295,Bills,2026-05-25 03:39:00,Credit Card,Android,7886.41,INR,356170.37,882,Yes,83,Yes,Failed,Low,0
TXN002113,CUST1193,Bengaluru,MER153,Shopping,2026-04-24 19:49:00,Wallet,Web,37243.18,INR,450426.87,558,No,36,Yes,Success,Medium,0
TXN002114,CUST0349,Hyderabad,MER070,Bills,2026-08-22 02:35:00,Debit Card,iPhone,30236.34,INR,327441.88,604,No,46,Yes,Pending,Medium,0
TXN002115,CUST0531,Mumbai,MER175,Healthcare,2026-08-26 11:31:00,NetBanking,Android,2343.82,INR,460529.89,828,No,81,Yes,Failed,High,0
TXN002116,CUST1037,Delhi,MER231,Healthcare,2026-10-03 08:53:00,Credit Card,Web,52809.13,INR,248942.75,726,Yes,49,No,Pending,Medium,0
TXN002117,CUST0628,Pune,MER251,Entertainment,2026-03-18 15:30:00,UPI,iPhone,74699.89,INR,326425.22,400,No,60,No,Success,High,1
TXN002118,CUST0053,Pune,MER252,Healthcare,2026-07-14 15:25:00,Credit Card,iPhone,47768.84,INR,292350.24,452,Yes,26,No,Failed,Low,0
TXN002119,CUST1192,Bengaluru,MER175,Travel,2026-07-21 19:46:00,Debit Card,Web,17737.5,INR,383147.94,491,Yes,12,Yes,Pending,Medium,0
TXN002120,CUST0488,Delhi,MER170,Food,2026-04-14 16:07:00,NetBanking,iPhone,23643.27,INR,78781.71,354,Yes,18,Yes,Success,Medium,0
TXN002121,CUST0869,Bengaluru,MER169,Food,2026-08-02 01:12:00,Credit Card,Web,36165.71,INR,179110.52,676,No,89,No,Success,Low,0
TXN002122,CUST0964,Delhi,MER038,Travel,2026-06-02 05:23:00,Debit Card,iPhone,2775.35,INR,468571.89,669,No,61,No,Success,Low,0
TXN002123,CUST0191,Mumbai,MER245,Entertainment,2026-09-24 15:58:00,UPI,iPhone,8100.86,INR,163138.94,748,No,14,Yes,Success,Low,0
TXN002124,CUST0055,Delhi,MER198,Shopping,2026-04-14 03:22:00,Wallet,Web,67978.26,INR,347792.36,554,Yes,33,No,Failed,Medium,0
TXN002125,CUST0682,Pune,MER065,Bills,2026-03-19 06:38:00,Debit Card,iPhone,60849.66,INR,4301.86,810,No,99,No,Success,Low,1
TXN002126,CUST0393,Bengaluru,MER032,Shopping,2026-09-04 23:43:00,Wallet,Android,48469.53,INR,15586.65,482,Yes,52,No,Pending,High,0
TXN002127,CUST0869,Bengaluru,MER009,Travel,2026-12-11 18:32:00,Credit Card,Android,73729.15,INR,31972.37,754,No,44,Yes,Failed,Low,0
TXN002128,CUST0885,Hyderabad,MER013,Entertainment,2026-01-25 10:38:00,Debit Card,Web,34354.21,INR,54799.35,339,Yes,27,Yes,Failed,Medium,0
TXN002129,CUST0975,Mumbai,MER059,Bills,2026-03-08 09:08:00,UPI,Web,45877.87,INR,324877.66,543,Yes,76,Yes,Pending,High,0
TXN002130,CUST0301,Pune,MER002,Shopping,2026-03-23 16:14:00,UPI,iPhone,11833.2,INR,43434.8,477,No,6,Yes,Pending,Low,0
TXN002131,CUST0911,Delhi,MER094,Bills,2026-10-11 18:32:00,UPI,iPhone,66336.85,INR,143749.89,873,No,63,No,Success,High,0
TXN002132,CUST0397,Mumbai,MER082,Entertainment,2026-08-29 09:12:00,NetBanking,Web,70016.25,INR,373898.04,326,Yes,22,No,Pending,High,1
TXN002133,CUST0852,Hyderabad,MER188,Healthcare,2026-07-31 00:32:00,Debit Card,Android,3995.13,INR,370585.17,577,No,53,Yes,Pending,Medium,0
TXN002134,CUST0544,Hyderabad,MER080,Entertainment,2026-08-17 12:17:00,Debit Card,iPhone,61389.15,INR,89265.13,772,Yes,58,No,Pending,Medium,0
TXN002135,CUST1099,Delhi,MER008,Bills,2026-01-02 07:29:00,NetBanking,iPhone,35206.13,INR,208870.52,790,No,59,Yes,Failed,Low,0
TXN002136,CUST1025,Bengaluru,MER233,Travel,2026-07-18 16:53:00,Debit Card,Android,10688.09,INR,200043.88,362,Yes,66,Yes,Failed,High,0
TXN002137,CUST0527,Pune,MER225,Food,2026-01-01 11:26:00,Debit Card,Android,53972.09,INR,432977.68,376,No,5,No,Failed,High,0
TXN002138,CUST0413,Pune,MER206,Bills,2026-04-22 06:29:00,Wallet,Web,53798.31,INR,419218.74,365,Yes,60,Yes,Success,Low,1
TXN002139,CUST0740,Mumbai,MER192,Entertainment,2026-09-07 15:30:00,Debit Card,Android,57077.49,INR,419389.0,318,Yes,74,Yes,Pending,High,0
TXN002140,CUST0006,Pune,MER242,Food,2026-09-10 00:00:00,NetBanking,Web,51074.89,INR,342892.32,797,Yes,47,Yes,Success,Medium,0
TXN002141,CUST0113,Hyderabad,MER147,Food,2026-04-14 18:12:00,Credit Card,Android,35061.1,INR,212899.76,861,No,94,No,Pending,Medium,0
TXN002142,CUST0602,Hyderabad,MER043,Entertainment,2026-01-20 13:18:00,Debit Card,Android,33986.82,INR,46703.79,884,Yes,7,No,Success,Low,0
TXN002143,CUST0058,Mumbai,MER007,Shopping,2026-01-18 12:00:00,Credit Card,iPhone,37237.23,INR,332896.76,878,No,21,Yes,Pending,High,0
TXN002144,CUST0025,Mumbai,MER241,Shopping,2026-11-26 07:21:00,NetBanking,Web,46340.67,INR,237212.14,771,No,82,Yes,Pending,Medium,0
TXN002145,CUST0925,Delhi,MER131,Travel,2026-05-07 04:11:00,Credit Card,iPhone,24110.41,INR,331890.2,564,Yes,8,No,Success,Medium,0
TXN002146,CUST0433,Hyderabad,MER150,Food,2026-12-09 15:57:00,Debit Card,Android,21330.32,INR,450327.84,492,Yes,59,Yes,Failed,Medium,0
TXN002147,CUST0917,Hyderabad,MER274,Food,2026-09-28 17:10:00,Wallet,Android,59720.68,INR,418903.85,627,No,64,Yes,Failed,Medium,0
TXN002148,CUST0744,Bengaluru,MER153,Healthcare,2026-09-21 10:48:00,Wallet,Web,44911.4,INR,255060.83,581,No,76,Yes,Pending,Low,0
TXN002149,CUST0692,Bengaluru,MER206,Travel,2026-04-14 03:00:00,UPI,Web,15873.69,INR,178386.89,561,No,43,Yes,Pending,High,0
TXN002150,CUST0375,Delhi,MER192,Travel,2026-04-26 12:56:00,Credit Card,iPhone,43325.36,INR,368582.11,411,Yes,15,Yes,Pending,Low,0
TXN002151,CUST0146,Bengaluru,MER129,Bills,2026-09-04 15:27:00,Wallet,Web,68330.08,INR,305234.35,629,Yes,22,Yes,Success,Medium,0
TXN002152,CUST0430,Pune,MER233,Entertainment,2026-09-10 20:10:00,Credit Card,Web,62009.92,INR,138224.14,844,Yes,98,Yes,Success,Low,0
TXN002153,CUST0318,Delhi,MER254,Entertainment,2026-12-06 11:40:00,Credit Card,Android,49254.94,INR,168138.29,639,No,70,Yes,Pending,High,0
TXN002154,CUST1123,Pune,MER073,Food,2026-11-07 21:11:00,Debit Card,iPhone,65233.04,INR,485899.66,561,No,58,No,Failed,Low,0
TXN002155,CUST0934,Pune,MER247,Entertainment,2026-07-19 09:22:00,Debit Card,Web,22115.66,INR,237745.41,484,Yes,34,No,Success,Medium,0
TXN002156,CUST0098,Delhi,MER177,Travel,2026-08-15 06:42:00,Credit Card,iPhone,13753.45,INR,223561.1,738,No,76,No,Failed,Medium,0
TXN002157,CUST0529,Hyderabad,MER151,Food,2026-03-27 18:42:00,Debit Card,Android,22003.69,INR,58657.79,439,Yes,54,Yes,Pending,Medium,0
TXN002158,CUST0682,Pune,MER298,Travel,2026-04-02 10:44:00,Wallet,Android,72192.82,INR,258450.31,327,Yes,20,No,Pending,Medium,0
TXN002159,CUST0716,Hyderabad,MER061,Food,2026-05-12 02:57:00,Wallet,Web,59076.2,INR,401855.4,439,Yes,90,Yes,Success,Medium,0
TXN002160,CUST0517,Bengaluru,MER016,Shopping,2026-03-26 11:49:00,UPI,iPhone,2136.15,INR,18526.48,433,No,82,No,Success,Low,0
TXN002161,CUST0361,Hyderabad,MER035,Healthcare,2026-05-31 16:19:00,Credit Card,iPhone,3983.26,INR,149827.49,660,No,25,Yes,Success,Low,0
TXN002162,CUST0030,Hyderabad,MER279,Travel,2026-07-23 00:23:00,Wallet,Web,46923.24,INR,379389.77,348,No,54,Yes,Failed,High,0
TXN002163,CUST1046,Delhi,MER263,Bills,2026-05-18 03:43:00,Credit Card,iPhone,66152.7,INR,217071.19,603,Yes,67,Yes,Success,High,1
TXN002164,CUST0286,Pune,MER088,Entertainment,2026-07-10 12:45:00,NetBanking,iPhone,64091.49,INR,216962.85,342,No,79,No,Failed,High,0
TXN002165,CUST0360,Bengaluru,MER257,Travel,2026-09-10 04:43:00,NetBanking,iPhone,69177.24,INR,225054.76,336,No,20,Yes,Success,Low,0
TXN002166,CUST1107,Bengaluru,MER236,Food,2026-10-16 14:27:00,Credit Card,Android,50245.27,INR,373150.28,317,Yes,56,No,Pending,Medium,0
TXN002167,CUST0907,Hyderabad,MER280,Bills,2026-02-19 13:59:00,Wallet,Web,73512.6,INR,351509.29,646,Yes,61,Yes,Pending,Medium,1
TXN002168,CUST0307,Pune,MER259,Bills,2026-06-13 09:59:00,NetBanking,Android,55413.8,INR,415749.76,748,Yes,96,Yes,Failed,Low,0
TXN002169,CUST0455,Delhi,MER178,Entertainment,2026-09-14 09:40:00,Debit Card,iPhone,49944.54,INR,122116.22,735,Yes,25,Yes,Failed,Medium,0
TXN002170,CUST0115,Delhi,MER170,Travel,2026-05-04 15:58:00,NetBanking,iPhone,48330.86,INR,353153.72,781,Yes,8,Yes,Failed,Low,0
TXN002171,CUST1128,Delhi,MER230,Food,2026-04-24 15:48:00,Credit Card,iPhone,55914.9,INR,21837.65,456,No,44,No,Failed,Medium,0
TXN002172,CUST0457,Bengaluru,MER231,Bills,2026-08-25 09:08:00,UPI,iPhone,39100.14,INR,53026.33,725,No,72,Yes,Failed,High,0
TXN002173,CUST0585,Hyderabad,MER236,Travel,2026-07-12 02:37:00,Wallet,iPhone,31611.01,INR,190676.7,310,No,36,No,Pending,High,0
TXN002174,CUST0425,Mumbai,MER092,Healthcare,2026-11-05 19:10:00,UPI,Web,32353.95,INR,82354.37,857,No,46,No,Pending,Medium,0
TXN002175,CUST0867,Mumbai,MER123,Entertainment,2026-08-12 21:36:00,Debit Card,iPhone,2194.98,INR,291759.19,585,Yes,54,No,Success,Medium,0
TXN002176,CUST0662,Mumbai,MER031,Food,2026-02-16 21:14:00,UPI,Android,30955.28,INR,429867.86,550,Yes,89,Yes,Success,High,0
TXN002177,CUST0770,Mumbai,MER279,Travel,2026-04-01 04:52:00,Debit Card,iPhone,70900.28,INR,275312.17,354,No,71,Yes,Success,High,0
TXN002178,CUST0448,Mumbai,MER235,Shopping,2026-11-01 23:58:00,Credit Card,iPhone,50530.92,INR,202446.39,321,Yes,82,No,Failed,Low,0
TXN002179,CUST0653,Hyderabad,MER188,Healthcare,2026-06-07 02:26:00,NetBanking,iPhone,38371.8,INR,231877.3,895,No,46,No,Failed,High,0
TXN002180,CUST0754,Pune,MER176,Shopping,2026-11-23 10:10:00,Credit Card,Web,25757.61,INR,314967.66,437,Yes,57,Yes,Failed,High,0
TXN002181,CUST0587,Pune,MER287,Travel,2026-08-16 06:54:00,Debit Card,Android,27353.95,INR,345149.72,434,No,19,Yes,Failed,High,0
TXN002182,CUST0153,Hyderabad,MER161,Food,2026-11-15 02:12:00,UPI,Web,58027.54,INR,314947.02,489,Yes,39,No,Failed,Medium,0
TXN002183,CUST0123,Mumbai,MER021,Entertainment,2026-02-19 08:04:00,Wallet,Web,53295.73,INR,193472.93,568,No,26,Yes,Pending,High,1
TXN002184,CUST0117,Mumbai,MER186,Entertainment,2026-11-09 11:26:00,Credit Card,Android,58100.27,INR,362024.22,393,Yes,95,No,Failed,Low,1
TXN002185,CUST0411,Hyderabad,MER120,Shopping,2026-08-23 11:13:00,UPI,Web,55264.11,INR,126006.73,480,Yes,71,Yes,Failed,High,1
TXN002186,CUST0980,Bengaluru,MER163,Healthcare,2026-07-26 20:51:00,UPI,Web,62287.37,INR,14427.92,789,No,12,Yes,Pending,Low,1
TXN002187,CUST0833,Pune,MER045,Healthcare,2026-11-24 16:42:00,NetBanking,Android,67819.73,INR,477451.1,416,Yes,39,Yes,Failed,High,1
TXN002188,CUST0886,Mumbai,MER237,Bills,2026-07-19 02:34:00,Wallet,Android,53259.72,INR,93634.11,544,No,17,Yes,Success,Low,0
TXN002189,CUST0177,Mumbai,MER258,Food,2026-03-23 11:29:00,UPI,Android,1963.48,INR,145709.58,612,Yes,21,Yes,Pending,High,0
TXN002190,CUST1185,Hyderabad,MER212,Shopping,2026-10-22 18:07:00,Debit Card,Android,48361.47,INR,94939.7,886,Yes,87,Yes,Pending,Low,0
TXN002191,CUST0658,Hyderabad,MER288,Entertainment,2026-10-25 07:54:00,Credit Card,Android,5276.37,INR,221692.06,455,Yes,98,No,Pending,Medium,0
TXN002192,CUST0142,Hyderabad,MER044,Food,2026-11-09 11:34:00,Credit Card,Web,36689.43,INR,274380.06,876,Yes,80,Yes,Pending,Medium,0
TXN002193,CUST0062,Pune,MER123,Entertainment,2026-03-16 23:34:00,Credit Card,Android,21806.35,INR,381957.79,554,No,34,No,Failed,Low,0
TXN002194,CUST1064,Hyderabad,MER201,Shopping,2026-01-22 03:05:00,Wallet,iPhone,71862.06,INR,174029.47,457,No,91,No,Success,Low,1
TXN002195,CUST0428,Pune,MER202,Food,2026-11-01 02:30:00,Credit Card,Web,5661.61,INR,249234.1,815,Yes,12,Yes,Failed,High,0
TXN002196,CUST0385,Bengaluru,MER195,Travel,2026-01-23 00:01:00,Wallet,iPhone,56633.13,INR,434953.52,323,Yes,45,No,Failed,High,0
TXN002197,CUST0503,Mumbai,MER127,Travel,2026-09-09 05:30:00,Wallet,Android,64702.43,INR,15609.81,410,No,67,Yes,Success,High,0
TXN002198,CUST0562,Pune,MER287,Bills,2026-03-14 01:16:00,Credit Card,Android,37170.9,INR,108885.12,520,Yes,97,No,Failed,High,0
TXN002199,CUST1110,Bengaluru,MER283,Travel,2026-08-15 20:18:00,Credit Card,Android,58378.15,INR,234592.03,305,No,24,Yes,Pending,Medium,1
TXN002200,CUST0766,Bengaluru,MER173,Entertainment,2026-04-10 21:17:00,Debit Card,iPhone,68501.8,INR,499469.14,415,Yes,80,Yes,Pending,Medium,0
TXN002201,CUST1064,Mumbai,MER121,Bills,2026-06-30 10:41:00,NetBanking,Web,58633.59,INR,454528.95,860,No,26,No,Pending,High,0
TXN002202,CUST1090,Pune,MER017,Shopping,2026-09-10 23:45:00,Credit Card,iPhone,14454.29,INR,128412.74,672,No,53,No,Failed,High,0
TXN002203,CUST0545,Pune,MER202,Travel,2026-06-28 19:14:00,UPI,Android,32315.95,INR,20256.97,533,Yes,59,No,Failed,Low,0
TXN002204,CUST0077,Pune,MER134,Shopping,2026-07-06 22:01:00,Debit Card,Android,43140.05,INR,256922.63,413,No,33,Yes,Failed,Medium,0
TXN002205,CUST0639,Mumbai,MER195,Food,2026-01-27 11:11:00,Wallet,Web,13386.13,INR,191223.37,404,No,50,Yes,Success,Medium,0
TXN002206,CUST0341,Hyderabad,MER012,Shopping,2026-05-05 09:46:00,Debit Card,Web,5728.08,INR,315665.69,688,No,34,Yes,Pending,Medium,0
TXN002207,CUST1038,Delhi,MER119,Bills,2026-06-14 14:18:00,UPI,iPhone,37568.2,INR,403670.43,503,No,87,No,Pending,High,0
TXN002208,CUST1161,Delhi,MER211,Bills,2026-01-11 10:27:00,UPI,Android,23620.77,INR,496245.64,388,Yes,77,No,Pending,Low,0
TXN002209,CUST0452,Bengaluru,MER193,Healthcare,2026-06-21 16:41:00,Debit Card,Web,11431.04,INR,63728.12,401,No,96,Yes,Failed,High,0
TXN002210,CUST0114,Bengaluru,MER167,Entertainment,2026-08-18 17:35:00,Wallet,Android,17396.92,INR,489940.31,899,Yes,34,Yes,Pending,High,0
TXN002211,CUST0739,Pune,MER279,Food,2026-01-26 08:27:00,Credit Card,iPhone,43027.53,INR,401960.57,565,Yes,31,No,Pending,High,0
TXN002212,CUST0971,Hyderabad,MER018,Food,2026-09-09 14:17:00,Wallet,Android,18905.78,INR,405424.99,884,No,92,No,Pending,Low,0
TXN002213,CUST0728,Delhi,MER146,Healthcare,2026-09-30 15:31:00,Wallet,iPhone,22879.97,INR,288462.78,600,Yes,11,No,Pending,High,0
TXN002214,CUST0703,Mumbai,MER257,Food,2026-01-05 08:41:00,UPI,iPhone,72689.6,INR,483454.94,368,No,27,No,Failed,Medium,0
TXN002215,CUST0654,Bengaluru,MER095,Travel,2026-04-24 23:25:00,UPI,iPhone,43505.27,INR,356087.8,864,Yes,21,No,Failed,High,0
TXN002216,CUST0187,Pune,MER028,Food,2026-06-12 00:05:00,UPI,iPhone,38588.74,INR,278536.66,405,Yes,88,No,Pending,High,0
TXN002217,CUST0154,Mumbai,MER021,Shopping,2026-11-15 04:45:00,NetBanking,iPhone,25351.31,INR,280159.18,392,No,23,Yes,Failed,High,0
TXN002218,CUST1110,Mumbai,MER110,Bills,2026-03-03 12:35:00,NetBanking,iPhone,26308.33,INR,356757.96,715,No,74,Yes,Pending,Low,0
TXN002219,CUST0668,Hyderabad,MER141,Entertainment,2026-06-16 03:36:00,Wallet,Android,3639.87,INR,414141.42,649,Yes,94,Yes,Pending,Medium,0
TXN002220,CUST0569,Pune,MER002,Bills,2026-09-22 22:55:00,NetBanking,Android,71984.75,INR,58880.78,726,Yes,10,No,Failed,Medium,0
TXN002221,CUST0168,Pune,MER299,Healthcare,2026-03-29 18:54:00,UPI,Web,19108.3,INR,229280.79,610,Yes,94,No,Failed,Low,0
TXN002222,CUST1120,Delhi,MER095,Travel,2026-06-30 23:12:00,Wallet,iPhone,71972.26,INR,280224.36,807,No,1,Yes,Failed,High,0
TXN002223,CUST0302,Delhi,MER125,Travel,2026-05-02 17:27:00,UPI,Android,42047.01,INR,44186.54,868,Yes,71,Yes,Success,Medium,0
TXN002224,CUST0124,Bengaluru,MER210,Entertainment,2026-05-28 18:30:00,Wallet,Web,36240.65,INR,10744.82,854,No,47,Yes,Pending,Low,0
TXN002225,CUST0130,Hyderabad,MER158,Bills,2026-10-03 23:20:00,NetBanking,Android,62174.28,INR,487570.62,301,Yes,25,No,Success,High,0
TXN002226,CUST0916,Pune,MER126,Bills,2026-07-09 09:27:00,UPI,Web,44537.68,INR,316125.31,726,No,97,Yes,Success,Low,0
TXN002227,CUST0072,Bengaluru,MER264,Travel,2026-04-10 09:10:00,NetBanking,iPhone,37413.31,INR,297340.04,745,No,93,No,Pending,Medium,0
TXN002228,CUST0840,Delhi,MER031,Bills,2026-10-18 16:54:00,Debit Card,Web,64895.08,INR,431877.51,648,No,41,No,Success,Medium,0
TXN002229,CUST0566,Pune,MER262,Travel,2026-07-02 19:48:00,UPI,iPhone,35327.41,INR,498969.89,577,No,62,No,Success,Low,0
TXN002230,CUST0272,Mumbai,MER032,Travel,2026-06-09 06:36:00,Credit Card,iPhone,14553.45,INR,306116.73,531,Yes,28,Yes,Pending,Medium,0
TXN002231,CUST0708,Mumbai,MER191,Bills,2026-03-23 01:48:00,Credit Card,Android,49754.4,INR,306282.03,333,No,97,No,Success,High,0
TXN002232,CUST0887,Bengaluru,MER176,Travel,2026-08-24 16:09:00,Credit Card,iPhone,28594.67,INR,233027.17,790,No,16,Yes,Failed,High,0
TXN002233,CUST1178,Bengaluru,MER013,Food,2026-09-20 04:31:00,Debit Card,Android,41857.34,INR,200320.78,717,Yes,25,Yes,Failed,Medium,0
TXN002234,CUST0266,Mumbai,MER273,Shopping,2026-09-11 19:48:00,Wallet,Android,17306.5,INR,386891.95,832,Yes,60,Yes,Success,Medium,0
TXN002235,CUST1188,Mumbai,MER053,Food,2026-03-26 20:39:00,Credit Card,Web,50569.22,INR,236296.01,354,Yes,70,No,Success,High,1
TXN002236,CUST0070,Mumbai,MER229,Food,2026-04-08 05:56:00,Credit Card,Android,15587.07,INR,117377.56,501,Yes,81,Yes,Pending,Medium,0
TXN002237,CUST0169,Mumbai,MER185,Entertainment,2026-06-27 06:17:00,NetBanking,Web,27547.73,INR,461038.34,575,No,29,No,Success,High,0
TXN002238,CUST0762,Pune,MER245,Bills,2026-07-28 00:40:00,Wallet,Web,39291.88,INR,9264.7,695,No,48,No,Failed,Medium,0
TXN002239,CUST1003,Bengaluru,MER114,Bills,2026-08-14 23:58:00,Credit Card,iPhone,54598.42,INR,145393.46,630,Yes,92,Yes,Pending,Medium,0
TXN002240,CUST0878,Bengaluru,MER272,Shopping,2026-08-13 13:09:00,Credit Card,iPhone,14882.46,INR,363188.03,435,Yes,82,Yes,Success,High,0
TXN002241,CUST0960,Bengaluru,MER112,Entertainment,2026-03-18 21:43:00,UPI,Web,34271.93,INR,186774.93,543,Yes,13,No,Pending,High,0
TXN002242,CUST0744,Pune,MER016,Travel,2026-05-01 17:45:00,UPI,iPhone,31557.03,INR,218520.03,836,No,82,Yes,Failed,High,0
TXN002243,CUST1013,Hyderabad,MER242,Food,2026-11-14 01:27:00,Debit Card,Web,34341.54,INR,288926.02,844,No,32,Yes,Pending,High,0
TXN002244,CUST0002,Mumbai,MER271,Shopping,2026-03-09 10:17:00,Debit Card,Android,26890.95,INR,428401.63,690,Yes,20,Yes,Failed,Medium,0
TXN002245,CUST0905,Delhi,MER106,Healthcare,2026-09-04 08:47:00,Wallet,Android,42457.14,INR,298688.84,563,No,77,No,Success,Low,0
TXN002246,CUST0586,Hyderabad,MER186,Bills,2026-10-11 12:20:00,Debit Card,Android,41733.73,INR,38168.72,359,No,28,Yes,Success,Low,0
TXN002247,CUST0300,Hyderabad,MER105,Bills,2026-09-02 11:29:00,Wallet,Android,55380.05,INR,341765.25,471,No,95,No,Pending,Medium,1
TXN002248,CUST0381,Mumbai,MER105,Shopping,2026-12-01 06:41:00,NetBanking,iPhone,15382.48,INR,134682.96,518,Yes,55,No,Success,Low,0
TXN002249,CUST0022,Delhi,MER281,Healthcare,2026-06-06 20:18:00,Wallet,Web,43527.92,INR,485123.01,323,No,27,Yes,Failed,Medium,0
TXN002250,CUST1143,Bengaluru,MER102,Entertainment,2026-06-20 18:26:00,NetBanking,iPhone,22829.43,INR,307404.82,586,Yes,62,No,Success,High,0
TXN002251,CUST0850,Delhi,MER188,Entertainment,2026-12-12 17:37:00,NetBanking,Android,50323.73,INR,8225.01,658,No,32,No,Failed,Medium,0
TXN002252,CUST1012,Mumbai,MER120,Healthcare,2026-06-10 08:58:00,NetBanking,Android,72103.23,INR,372355.95,633,Yes,65,Yes,Pending,Medium,0
TXN002253,CUST0180,Bengaluru,MER098,Bills,2026-07-17 10:52:00,Debit Card,Web,29186.55,INR,225230.61,392,Yes,57,No,Success,Medium,0
TXN002254,CUST0826,Bengaluru,MER164,Healthcare,2026-03-20 00:46:00,NetBanking,Android,26619.92,INR,198140.61,631,Yes,20,Yes,Success,High,0
TXN002255,CUST0799,Delhi,MER202,Healthcare,2026-12-13 17:20:00,Credit Card,iPhone,64545.82,INR,465239.11,605,Yes,46,No,Pending,Medium,0
TXN002256,CUST0230,Mumbai,MER053,Entertainment,2026-05-10 11:53:00,Wallet,Android,44622.95,INR,411449.73,816,No,9,Yes,Pending,High,0
TXN002257,CUST0636,Hyderabad,MER149,Bills,2026-06-05 12:38:00,UPI,iPhone,3394.61,INR,294115.33,360,Yes,62,No,Failed,Medium,0
TXN002258,CUST1194,Pune,MER042,Bills,2026-01-30 12:20:00,Credit Card,Android,20729.83,INR,58780.39,646,Yes,97,Yes,Pending,High,0
TXN002259,CUST0720,Bengaluru,MER210,Entertainment,2026-07-03 00:44:00,UPI,Web,61214.77,INR,281951.46,345,Yes,39,Yes,Failed,High,0
TXN002260,CUST0764,Mumbai,MER279,Bills,2026-09-18 04:41:00,Wallet,Android,45171.29,INR,51108.17,528,No,41,Yes,Success,Low,0
TXN002261,CUST0987,Mumbai,MER266,Food,2026-02-08 13:36:00,UPI,Android,43967.35,INR,92995.37,601,No,60,Yes,Pending,Low,0
TXN002262,CUST0186,Bengaluru,MER152,Healthcare,2026-07-26 21:02:00,NetBanking,Android,68343.32,INR,95656.69,710,No,5,No,Failed,Low,0
TXN002263,CUST0456,Bengaluru,MER211,Healthcare,2026-06-09 11:29:00,UPI,Web,43177.5,INR,217116.65,804,Yes,62,Yes,Pending,Low,0
TXN002264,CUST0303,Bengaluru,MER105,Entertainment,2026-03-01 07:45:00,NetBanking,Web,48157.94,INR,477156.44,674,Yes,63,Yes,Pending,Medium,0
TXN002265,CUST0451,Mumbai,MER072,Food,2026-10-05 14:00:00,Credit Card,iPhone,6298.03,INR,288667.26,467,Yes,6,No,Success,High,0
TXN002266,CUST0437,Hyderabad,MER038,Bills,2026-06-30 14:20:00,Debit Card,Web,3931.12,INR,278279.99,694,Yes,92,No,Failed,High,0
TXN002267,CUST0140,Mumbai,MER213,Entertainment,2026-02-17 19:23:00,UPI,Web,537.74,INR,115546.78,360,No,76,No,Success,Medium,0
TXN002268,CUST0345,Pune,MER061,Healthcare,2026-06-07 03:34:00,UPI,Web,23863.71,INR,32672.72,383,Yes,86,Yes,Pending,High,0
TXN002269,CUST0454,Mumbai,MER031,Travel,2026-04-29 03:55:00,Debit Card,Web,48387.33,INR,437533.5,820,No,75,Yes,Success,Medium,0
TXN002270,CUST0583,Delhi,MER221,Healthcare,2026-08-28 14:36:00,NetBanking,Web,59106.52,INR,303045.23,407,Yes,75,No,Pending,Low,1
TXN002271,CUST1122,Pune,MER148,Shopping,2026-01-12 05:29:00,Debit Card,Android,42812.63,INR,45437.81,444,Yes,28,No,Success,High,0
TXN002272,CUST0212,Bengaluru,MER007,Shopping,2026-04-03 21:10:00,Wallet,Android,9201.24,INR,438344.95,377,No,14,No,Success,High,0
TXN002273,CUST1155,Delhi,MER135,Shopping,2026-07-26 02:07:00,Debit Card,Android,63061.7,INR,410293.25,311,No,65,Yes,Failed,Low,1
TXN002274,CUST0886,Bengaluru,MER286,Travel,2026-09-07 03:07:00,NetBanking,Web,51929.47,INR,273644.64,656,Yes,63,No,Success,High,0
TXN002275,CUST0294,Bengaluru,MER009,Shopping,2026-08-14 20:14:00,Debit Card,iPhone,73710.49,INR,465026.44,753,No,23,No,Success,High,1
TXN002276,CUST0800,Bengaluru,MER044,Healthcare,2026-10-21 14:37:00,Debit Card,Android,57086.96,INR,23403.22,700,No,64,Yes,Pending,High,0
TXN002277,CUST0602,Hyderabad,MER266,Shopping,2026-08-01 01:31:00,UPI,Android,30076.05,INR,483077.42,696,Yes,78,No,Failed,Low,0
TXN002278,CUST0281,Bengaluru,MER205,Bills,2026-01-03 20:50:00,Credit Card,iPhone,9089.56,INR,298785.29,430,No,52,No,Failed,High,0
TXN002279,CUST0776,Mumbai,MER255,Entertainment,2026-06-28 19:02:00,Debit Card,Android,3467.04,INR,79910.4,672,No,17,Yes,Success,High,0
TXN002280,CUST0561,Mumbai,MER104,Shopping,2026-02-25 02:42:00,Debit Card,Web,70337.11,INR,195748.88,334,Yes,67,No,Pending,High,1
TXN002281,CUST0800,Pune,MER232,Travel,2026-02-09 07:43:00,Debit Card,Android,62829.68,INR,170400.12,453,Yes,81,No,Pending,Low,1
TXN002282,CUST0386,Pune,MER264,Shopping,2026-05-16 05:55:00,Wallet,Android,24797.74,INR,165364.18,535,No,85,Yes,Success,Low,0
TXN002283,CUST0254,Pune,MER044,Travel,2026-12-02 10:56:00,NetBanking,iPhone,9533.12,INR,458292.17,531,Yes,36,Yes,Failed,Low,0
TXN002284,CUST1049,Mumbai,MER136,Entertainment,2026-11-27 04:54:00,Credit Card,Web,60562.27,INR,421572.33,776,No,76,Yes,Pending,Medium,0
TXN002285,CUST0236,Hyderabad,MER272,Travel,2026-03-25 01:02:00,UPI,Android,3404.03,INR,246551.02,879,Yes,65,Yes,Pending,Low,0
TXN002286,CUST0309,Delhi,MER084,Bills,2026-05-06 04:12:00,Wallet,Web,72009.36,INR,386406.09,745,Yes,87,No,Failed,High,0
TXN002287,CUST0711,Mumbai,MER214,Travel,2026-10-07 08:17:00,Debit Card,Web,35520.88,INR,261816.55,845,Yes,26,No,Pending,Low,0
TXN002288,CUST0381,Mumbai,MER165,Travel,2026-04-30 00:48:00,UPI,Android,23606.25,INR,449619.12,839,Yes,71,Yes,Failed,Low,0
TXN002289,CUST0749,Mumbai,MER284,Entertainment,2026-07-11 23:19:00,Credit Card,Web,73868.17,INR,481129.49,462,Yes,34,No,Failed,Medium,1
TXN002290,CUST0091,Bengaluru,MER066,Healthcare,2026-07-18 18:51:00,Wallet,iPhone,32647.41,INR,161155.5,812,No,11,Yes,Success,High,0
TXN002291,CUST0441,Hyderabad,MER285,Shopping,2026-08-08 23:22:00,Credit Card,Android,35458.4,INR,186337.44,439,No,17,Yes,Pending,High,0
TXN002292,CUST0169,Delhi,MER135,Travel,2026-01-02 09:08:00,UPI,Android,2604.31,INR,402829.43,383,No,37,No,Success,High,0
TXN002293,CUST0722,Hyderabad,MER160,Shopping,2026-12-06 04:12:00,Credit Card,Android,59138.26,INR,35494.64,790,Yes,16,No,Success,Low,0
TXN002294,CUST0924,Mumbai,MER222,Healthcare,2026-06-20 04:13:00,UPI,Android,61405.21,INR,13550.12,346,Yes,82,No,Success,Medium,0
TXN002295,CUST0747,Bengaluru,MER183,Healthcare,2026-09-19 00:43:00,Wallet,Web,22628.56,INR,35340.82,843,Yes,61,No,Success,High,0
TXN002296,CUST0751,Bengaluru,MER079,Bills,2026-08-10 00:05:00,Debit Card,Android,74698.23,INR,228715.92,524,Yes,63,No,Pending,Low,0
TXN002297,CUST0241,Mumbai,MER086,Travel,2026-03-25 10:00:00,NetBanking,iPhone,71444.31,INR,132755.29,341,No,2,No,Failed,Low,1
TXN002298,CUST1076,Mumbai,MER203,Healthcare,2026-06-18 16:35:00,Debit Card,iPhone,51438.46,INR,236327.72,808,No,1,No,Success,Low,0
TXN002299,CUST0724,Hyderabad,MER007,Food,2026-09-02 17:51:00,Wallet,iPhone,30213.65,INR,481215.16,442,Yes,71,Yes,Success,Low,0
TXN002300,CUST1190,Mumbai,MER258,Bills,2026-11-12 00:20:00,NetBanking,Android,59062.53,INR,240899.92,567,No,18,No,Failed,High,0
TXN002301,CUST0023,Delhi,MER185,Entertainment,2026-08-02 10:33:00,Wallet,Web,59287.5,INR,83883.77,337,No,52,No,Success,Medium,0
TXN002302,CUST0194,Mumbai,MER104,Shopping,2026-08-26 21:46:00,Debit Card,Android,40740.18,INR,499242.16,833,No,75,Yes,Success,High,0
TXN002303,CUST0887,Delhi,MER051,Travel,2026-04-06 04:02:00,Credit Card,Android,49343.63,INR,15515.55,698,Yes,60,Yes,Failed,High,0
TXN002304,CUST0462,Hyderabad,MER130,Entertainment,2026-12-12 18:31:00,NetBanking,Android,1442.9,INR,42498.56,720,No,75,No,Failed,High,0
TXN002305,CUST0763,Bengaluru,MER133,Travel,2026-01-27 16:04:00,NetBanking,Android,73865.35,INR,250320.68,502,Yes,27,No,Success,High,0
TXN002306,CUST0364,Hyderabad,MER205,Bills,2026-06-05 17:02:00,NetBanking,iPhone,29552.9,INR,238644.23,674,Yes,47,No,Success,Low,0
TXN002307,CUST0995,Delhi,MER038,Healthcare,2026-05-06 23:47:00,Credit Card,Web,62512.02,INR,12719.93,860,No,23,No,Failed,Low,1
TXN002308,CUST0027,Hyderabad,MER208,Food,2026-05-13 06:44:00,UPI,Android,14415.31,INR,47894.45,383,Yes,79,Yes,Failed,Medium,0
TXN002309,CUST0580,Mumbai,MER102,Bills,2026-04-02 10:16:00,Wallet,Web,39436.22,INR,78985.65,376,No,75,Yes,Success,Low,1
TXN002310,CUST0788,Delhi,MER236,Entertainment,2026-08-09 11:48:00,UPI,iPhone,64803.23,INR,419783.58,884,Yes,44,No,Success,High,0
TXN002311,CUST0931,Bengaluru,MER294,Bills,2026-06-18 03:10:00,Credit Card,iPhone,49617.81,INR,226593.21,337,No,16,Yes,Success,Low,0
TXN002312,CUST0459,Mumbai,MER030,Shopping,2026-07-05 06:59:00,Wallet,Web,34366.03,INR,283386.11,462,No,47,No,Success,High,0
TXN002313,CUST0910,Bengaluru,MER101,Travel,2026-10-07 16:48:00,Wallet,iPhone,63321.88,INR,4549.39,418,No,40,Yes,Failed,High,0
TXN002314,CUST0375,Hyderabad,MER003,Healthcare,2026-06-04 09:03:00,NetBanking,iPhone,37445.33,INR,203744.15,865,No,97,Yes,Success,High,0
TXN002315,CUST0411,Delhi,MER257,Bills,2026-06-24 08:14:00,NetBanking,iPhone,25739.82,INR,414809.37,499,No,36,No,Failed,Low,0
TXN002316,CUST1004,Hyderabad,MER253,Entertainment,2026-06-04 11:33:00,Debit Card,Web,12632.85,INR,197460.34,570,No,67,No,Pending,High,0
TXN002317,CUST1195,Delhi,MER227,Entertainment,2026-01-29 12:15:00,Debit Card,iPhone,29055.7,INR,421137.69,544,No,57,No,Failed,High,0
TXN002318,CUST0519,Pune,MER187,Travel,2026-06-11 04:13:00,Wallet,Android,2725.2,INR,300657.38,305,No,87,No,Failed,Low,0
TXN002319,CUST0056,Mumbai,MER226,Shopping,2026-04-12 19:41:00,NetBanking,Android,48133.37,INR,386653.27,793,Yes,48,Yes,Pending,Low,0
TXN002320,CUST0826,Bengaluru,MER097,Travel,2026-09-20 17:34:00,NetBanking,Android,14920.15,INR,124589.65,688,No,95,Yes,Pending,Medium,0
TXN002321,CUST0454,Hyderabad,MER108,Food,2026-10-20 08:07:00,Debit Card,Android,60860.45,INR,176522.32,695,Yes,23,No,Success,Medium,1
TXN002322,CUST0290,Hyderabad,MER185,Healthcare,2026-03-25 21:47:00,NetBanking,iPhone,7769.92,INR,316188.23,742,Yes,26,No,Failed,Medium,0
TXN002323,CUST0808,Hyderabad,MER020,Travel,2026-03-21 12:30:00,Credit Card,iPhone,21099.33,INR,99086.44,884,No,34,Yes,Failed,High,0
TXN002324,CUST1179,Delhi,MER036,Food,2026-11-16 08:26:00,UPI,Android,11014.81,INR,90340.59,800,No,6,No,Pending,Low,0
TXN002325,CUST0613,Bengaluru,MER135,Healthcare,2026-11-17 19:37:00,Wallet,iPhone,51160.98,INR,283324.95,780,Yes,67,Yes,Success,Low,0
TXN002326,CUST0441,Delhi,MER229,Entertainment,2026-05-16 03:38:00,Debit Card,Web,32045.17,INR,473293.7,840,Yes,44,Yes,Failed,High,0
TXN002327,CUST0065,Mumbai,MER240,Food,2026-09-22 09:37:00,Wallet,Web,56809.94,INR,235715.22,743,No,8,No,Success,High,0
TXN002328,CUST0246,Mumbai,MER094,Travel,2026-11-18 12:10:00,Wallet,Android,63463.47,INR,431484.99,883,Yes,17,Yes,Failed,Medium,0
TXN002329,CUST1067,Delhi,MER053,Entertainment,2026-09-26 02:55:00,Credit Card,Android,19031.45,INR,249616.47,812,No,2,No,Pending,High,0
TXN002330,CUST1186,Pune,MER023,Entertainment,2026-10-20 05:36:00,Wallet,Web,58392.04,INR,182319.23,330,No,35,Yes,Failed,Low,1
TXN002331,CUST0618,Hyderabad,MER272,Entertainment,2026-04-08 21:43:00,NetBanking,Android,72422.03,INR,402959.78,533,No,67,No,Failed,Low,0
TXN002332,CUST0584,Pune,MER150,Shopping,2026-08-14 19:18:00,Credit Card,iPhone,32475.81,INR,93166.69,359,Yes,25,Yes,Failed,High,0
TXN002333,CUST0799,Delhi,MER126,Entertainment,2026-12-12 05:42:00,UPI,iPhone,65187.74,INR,246731.5,831,No,96,No,Failed,Medium,0
TXN002334,CUST0647,Bengaluru,MER111,Food,2026-03-14 18:46:00,Credit Card,Web,66659.04,INR,17803.48,680,No,1,No,Success,Medium,0
TXN002335,CUST0255,Delhi,MER082,Travel,2026-10-31 10:24:00,UPI,Android,46456.15,INR,303918.8,711,No,26,Yes,Success,High,0
TXN002336,CUST0504,Delhi,MER205,Shopping,2026-04-07 09:18:00,UPI,Android,61692.62,INR,15646.45,420,No,36,Yes,Success,High,1
TXN002337,CUST0053,Pune,MER075,Entertainment,2026-08-10 19:46:00,Debit Card,Android,34729.08,INR,47615.58,634,Yes,3,No,Success,Low,0
TXN002338,CUST0287,Pune,MER197,Healthcare,2026-02-15 23:45:00,UPI,iPhone,5897.39,INR,264644.41,427,Yes,73,Yes,Success,Medium,0
TXN002339,CUST0919,Mumbai,MER265,Shopping,2026-06-11 11:03:00,Wallet,Web,22313.18,INR,224088.38,509,Yes,35,No,Pending,High,0
TXN002340,CUST0215,Delhi,MER044,Healthcare,2026-02-27 02:15:00,Wallet,Android,24569.75,INR,429921.87,492,Yes,56,No,Success,High,0
TXN002341,CUST1034,Delhi,MER095,Shopping,2026-05-13 22:33:00,Wallet,Web,26640.59,INR,209982.55,840,Yes,44,No,Pending,Low,0
TXN002342,CUST0254,Bengaluru,MER217,Entertainment,2026-09-22 14:10:00,NetBanking,iPhone,18291.0,INR,422638.06,568,No,50,Yes,Pending,Medium,0
TXN002343,CUST0603,Bengaluru,MER284,Shopping,2026-08-02 01:35:00,UPI,Web,1136.67,INR,422808.07,331,Yes,84,No,Failed,Medium,0
TXN002344,CUST0681,Pune,MER228,Bills,2026-08-05 20:57:00,Debit Card,iPhone,53394.17,INR,392143.29,515,No,43,Yes,Success,High,1
TXN002345,CUST0313,Hyderabad,MER225,Shopping,2026-04-20 05:39:00,Wallet,iPhone,56752.29,INR,314165.12,804,No,48,Yes,Failed,Medium,1
TXN002346,CUST0445,Bengaluru,MER230,Travel,2026-11-07 00:44:00,Debit Card,Web,65956.21,INR,293810.52,554,No,77,No,Pending,Low,1
TXN002347,CUST0584,Delhi,MER187,Healthcare,2026-04-14 11:27:00,NetBanking,iPhone,1296.67,INR,285026.13,726,No,34,Yes,Failed,Medium,0
TXN002348,CUST0699,Hyderabad,MER251,Food,2026-02-26 02:00:00,Debit Card,iPhone,9960.24,INR,293475.56,651,Yes,22,No,Failed,Medium,0
TXN002349,CUST0043,Hyderabad,MER155,Food,2026-10-12 19:18:00,Credit Card,Android,19777.78,INR,245918.71,794,No,47,Yes,Success,Medium,0
TXN002350,CUST0414,Delhi,MER053,Bills,2026-11-27 00:15:00,UPI,Android,61281.35,INR,170153.43,673,No,72,Yes,Failed,Medium,0
TXN002351,CUST0745,Hyderabad,MER096,Food,2026-06-04 08:38:00,NetBanking,Web,26686.37,INR,108130.12,681,No,90,No,Failed,High,0
TXN002352,CUST0730,Pune,MER155,Entertainment,2026-07-31 08:44:00,UPI,Android,4066.56,INR,251868.29,352,No,26,Yes,Failed,Low,0
TXN002353,CUST0966,Bengaluru,MER165,Travel,2026-02-04 00:55:00,NetBanking,iPhone,27804.35,INR,291952.4,528,No,72,No,Success,High,0
TXN002354,CUST0141,Hyderabad,MER019,Healthcare,2026-07-29 15:00:00,NetBanking,Web,51130.08,INR,273614.51,325,Yes,5,No,Failed,High,1
TXN002355,CUST0222,Delhi,MER105,Travel,2026-01-16 21:56:00,Credit Card,iPhone,14783.83,INR,143232.7,333,Yes,88,Yes,Pending,Low,0
TXN002356,CUST0088,Mumbai,MER002,Entertainment,2026-09-01 14:46:00,Credit Card,Web,70533.52,INR,280697.62,758,Yes,84,Yes,Pending,High,0
TXN002357,CUST0581,Hyderabad,MER267,Food,2026-10-02 01:06:00,Wallet,iPhone,46128.07,INR,216706.18,554,No,18,Yes,Pending,Low,0
TXN002358,CUST0381,Delhi,MER096,Entertainment,2026-10-06 20:45:00,Wallet,iPhone,22437.34,INR,146758.91,584,Yes,94,No,Failed,Medium,0
TXN002359,CUST1145,Mumbai,MER086,Bills,2026-08-07 04:30:00,Wallet,iPhone,63620.1,INR,120569.32,635,Yes,88,No,Failed,Medium,1
TXN002360,CUST0638,Hyderabad,MER270,Bills,2026-08-30 15:56:00,UPI,iPhone,20461.51,INR,466199.75,563,No,79,Yes,Pending,High,0
TXN002361,CUST0670,Delhi,MER224,Bills,2026-04-24 05:08:00,Credit Card,Android,52741.3,INR,307909.96,310,Yes,81,No,Pending,Low,1
TXN002362,CUST0550,Bengaluru,MER199,Bills,2026-06-02 07:09:00,NetBanking,Android,63519.85,INR,479409.67,424,Yes,18,Yes,Success,High,0
TXN002363,CUST0280,Delhi,MER197,Healthcare,2026-06-28 15:19:00,Credit Card,Android,57912.88,INR,451754.64,531,No,27,Yes,Failed,High,0
TXN002364,CUST0793,Pune,MER105,Healthcare,2026-05-31 14:44:00,Wallet,iPhone,41858.63,INR,353715.2,833,No,64,Yes,Success,Medium,0
TXN002365,CUST0789,Delhi,MER231,Entertainment,2026-05-26 09:57:00,Debit Card,iPhone,59046.02,INR,251705.43,875,Yes,7,No,Failed,Low,1
TXN002366,CUST0811,Hyderabad,MER218,Shopping,2026-08-21 16:57:00,Debit Card,Web,63732.72,INR,132719.86,724,Yes,22,No,Success,Medium,1
TXN002367,CUST0890,Delhi,MER099,Shopping,2026-10-19 03:19:00,Debit Card,Android,30843.29,INR,22113.17,598,Yes,12,No,Failed,Medium,0
TXN002368,CUST0756,Mumbai,MER026,Travel,2026-04-29 14:51:00,UPI,Web,34204.36,INR,287645.0,885,No,86,Yes,Failed,Medium,0
TXN002369,CUST0459,Delhi,MER281,Shopping,2026-01-19 01:57:00,NetBanking,Android,28067.48,INR,313328.07,492,Yes,24,No,Failed,Medium,0
TXN002370,CUST1004,Bengaluru,MER025,Shopping,2026-02-16 21:58:00,Credit Card,Android,53272.11,INR,274435.68,301,No,6,Yes,Pending,Medium,1
TXN002371,CUST0260,Bengaluru,MER042,Healthcare,2026-04-08 07:27:00,Debit Card,iPhone,3260.47,INR,450190.06,602,No,47,Yes,Failed,Low,0
TXN002372,CUST0720,Bengaluru,MER220,Food,2026-02-11 03:58:00,Debit Card,Android,35491.65,INR,158948.48,815,Yes,6,No,Success,High,0
TXN002373,CUST0751,Pune,MER114,Food,2026-06-05 20:51:00,UPI,Android,36308.82,INR,298073.93,456,Yes,14,No,Pending,High,0
TXN002374,CUST0412,Hyderabad,MER057,Shopping,2026-06-12 18:02:00,Credit Card,Android,34193.96,INR,22819.85,551,Yes,79,Yes,Failed,Medium,0
TXN002375,CUST0848,Hyderabad,MER211,Shopping,2026-05-25 23:01:00,UPI,Android,18683.33,INR,111610.22,711,Yes,53,No,Failed,High,0
TXN002376,CUST0514,Hyderabad,MER167,Shopping,2026-05-04 04:44:00,Credit Card,iPhone,1682.36,INR,228994.51,442,Yes,87,Yes,Failed,High,0
TXN002377,CUST0644,Pune,MER004,Food,2026-11-20 18:28:00,Debit Card,Web,66875.7,INR,422883.9,747,No,6,No,Pending,Low,0
TXN002378,CUST0146,Mumbai,MER043,Entertainment,2026-07-10 06:06:00,UPI,iPhone,23954.13,INR,227366.36,507,Yes,31,No,Success,High,0
TXN002379,CUST0035,Delhi,MER140,Healthcare,2026-04-13 15:04:00,NetBanking,Web,60263.65,INR,160516.21,383,No,43,No,Success,Medium,0
TXN002380,CUST0222,Bengaluru,MER117,Food,2026-02-23 20:25:00,Debit Card,Android,43634.49,INR,198576.47,571,No,96,No,Pending,High,0
TXN002381,CUST0051,Mumbai,MER018,Shopping,2026-01-26 01:23:00,UPI,iPhone,24832.2,INR,355337.34,857,Yes,100,No,Success,Low,0
TXN002382,CUST0802,Delhi,MER127,Travel,2026-06-01 16:43:00,Credit Card,Android,45517.24,INR,4250.08,793,No,90,No,Success,Medium,0
TXN002383,CUST1184,Bengaluru,MER145,Food,2026-05-28 16:21:00,Debit Card,Android,52547.78,INR,225967.77,759,Yes,82,Yes,Success,Medium,1
TXN002384,CUST0553,Hyderabad,MER032,Food,2026-10-26 03:47:00,Credit Card,iPhone,824.09,INR,352178.07,473,Yes,28,No,Success,Medium,0
TXN002385,CUST0767,Hyderabad,MER271,Food,2026-06-15 07:13:00,Wallet,Web,48152.95,INR,222780.47,337,No,78,Yes,Failed,High,0
TXN002386,CUST1153,Mumbai,MER016,Entertainment,2026-01-26 04:35:00,UPI,Web,17771.87,INR,174233.48,671,Yes,100,No,Pending,High,0
TXN002387,CUST0151,Hyderabad,MER109,Bills,2026-04-15 16:24:00,Wallet,Android,14206.55,INR,260046.96,563,No,6,No,Failed,High,0
TXN002388,CUST0727,Mumbai,MER172,Healthcare,2026-03-15 18:37:00,Debit Card,iPhone,53808.81,INR,11705.67,809,No,48,Yes,Pending,Medium,0
TXN002389,CUST0961,Bengaluru,MER165,Bills,2026-02-23 14:17:00,Credit Card,iPhone,29408.98,INR,56219.06,463,No,4,Yes,Pending,High,0
TXN002390,CUST0133,Pune,MER288,Bills,2026-07-06 14:34:00,UPI,Web,28739.21,INR,59652.52,525,No,1,Yes,Pending,Medium,0
TXN002391,CUST1139,Pune,MER240,Food,2026-01-18 20:04:00,Credit Card,Android,63326.88,INR,250297.48,715,Yes,68,Yes,Failed,High,1
TXN002392,CUST1006,Hyderabad,MER026,Food,2026-04-12 01:05:00,NetBanking,iPhone,50030.04,INR,67931.7,694,Yes,13,Yes,Pending,Medium,0
TXN002393,CUST0822,Delhi,MER223,Food,2026-06-28 17:10:00,Wallet,Android,32021.65,INR,318234.22,670,No,90,Yes,Pending,Low,0
TXN002394,CUST0247,Mumbai,MER189,Bills,2026-03-29 10:32:00,NetBanking,Web,11214.24,INR,331784.92,589,Yes,46,Yes,Success,Medium,0
TXN002395,CUST0545,Bengaluru,MER214,Entertainment,2026-06-22 04:07:00,Credit Card,iPhone,26782.19,INR,271128.61,864,Yes,94,Yes,Failed,High,0
TXN002396,CUST0578,Hyderabad,MER231,Healthcare,2026-03-28 22:17:00,Debit Card,Web,37257.88,INR,464325.41,641,No,28,Yes,Failed,Medium,0
TXN002397,CUST0255,Mumbai,MER180,Travel,2026-10-09 10:45:00,UPI,Android,45338.7,INR,306205.39,363,No,33,No,Pending,High,0
TXN002398,CUST1006,Pune,MER296,Food,2026-07-27 00:28:00,Wallet,Web,9249.19,INR,288022.81,515,No,31,Yes,Success,High,0
TXN002399,CUST0980,Bengaluru,MER111,Food,2026-04-27 20:23:00,Wallet,Web,5741.11,INR,67169.74,788,No,30,Yes,Failed,Medium,0
TXN002400,CUST0110,Mumbai,MER142,Healthcare,2026-06-28 18:04:00,Debit Card,iPhone,13361.64,INR,252586.23,416,Yes,72,Yes,Failed,High,0
TXN002401,CUST0755,Pune,MER232,Travel,2026-07-27 17:51:00,Credit Card,Android,64089.93,INR,69585.0,526,Yes,57,No,Pending,Medium,0
TXN002402,CUST0501,Bengaluru,MER142,Entertainment,2026-09-20 14:07:00,Wallet,iPhone,25186.82,INR,418412.39,356,No,42,No,Pending,High,0
TXN002403,CUST1153,Pune,MER235,Shopping,2026-03-16 05:10:00,UPI,Android,37131.25,INR,334989.35,516,No,83,No,Success,Medium,0
TXN002404,CUST0157,Pune,MER170,Bills,2026-05-09 01:21:00,UPI,Web,18587.68,INR,71220.55,770,Yes,7,No,Pending,Low,0
TXN002405,CUST0765,Hyderabad,MER181,Bills,2026-03-09 21:15:00,NetBanking,iPhone,54985.8,INR,99342.49,890,Yes,53,No,Failed,Low,1
TXN002406,CUST0819,Bengaluru,MER140,Travel,2026-10-09 19:24:00,NetBanking,Web,60497.86,INR,458018.94,572,Yes,8,Yes,Success,Medium,0
TXN002407,CUST0971,Delhi,MER099,Shopping,2026-04-12 08:44:00,NetBanking,Android,10960.1,INR,58251.31,301,Yes,68,Yes,Pending,High,0
TXN002408,CUST0233,Mumbai,MER080,Entertainment,2026-08-02 10:30:00,Credit Card,iPhone,65799.3,INR,224700.79,628,Yes,68,No,Pending,High,0
TXN002409,CUST1023,Pune,MER097,Shopping,2026-06-16 18:33:00,Debit Card,iPhone,5835.74,INR,27552.1,394,No,37,Yes,Failed,Low,0
TXN002410,CUST0663,Delhi,MER214,Travel,2026-01-02 04:22:00,Credit Card,Android,22655.56,INR,415433.93,649,No,50,Yes,Success,High,0
TXN002411,CUST1004,Pune,MER228,Travel,2026-08-31 15:09:00,Debit Card,Android,18761.89,INR,138821.22,692,Yes,80,No,Failed,Medium,0
TXN002412,CUST0104,Mumbai,MER293,Healthcare,2026-11-07 15:39:00,UPI,Android,51394.83,INR,221306.94,666,Yes,51,Yes,Failed,Low,0
TXN002413,CUST0175,Mumbai,MER001,Travel,2026-03-02 05:47:00,Debit Card,Web,5610.41,INR,54240.34,646,No,9,No,Pending,Low,0
TXN002414,CUST0519,Pune,MER271,Entertainment,2026-11-27 08:31:00,Debit Card,iPhone,67910.35,INR,61801.36,523,Yes,56,No,Failed,High,1
TXN002415,CUST0698,Bengaluru,MER035,Shopping,2026-11-26 10:10:00,Wallet,Web,60275.35,INR,379749.91,627,Yes,57,Yes,Pending,Medium,1
TXN002416,CUST0675,Mumbai,MER156,Healthcare,2026-03-06 21:50:00,Credit Card,Android,54532.5,INR,407405.52,418,Yes,84,No,Success,High,0
TXN002417,CUST1032,Pune,MER149,Food,2026-04-14 11:45:00,UPI,Android,43725.6,INR,108983.16,825,No,89,No,Pending,High,0
TXN002418,CUST0345,Hyderabad,MER165,Travel,2026-01-03 01:59:00,UPI,Android,14233.28,INR,410574.68,331,Yes,58,No,Success,Low,0
TXN002419,CUST0620,Delhi,MER224,Healthcare,2026-07-03 04:59:00,NetBanking,Web,3892.05,INR,196110.87,672,No,70,Yes,Pending,High,0
TXN002420,CUST0256,Mumbai,MER198,Bills,2026-11-19 21:59:00,Debit Card,Web,11032.73,INR,475871.51,726,No,35,Yes,Failed,Low,0
TXN002421,CUST0053,Pune,MER051,Travel,2026-01-23 10:35:00,NetBanking,iPhone,59696.34,INR,441451.82,522,Yes,46,No,Pending,Low,0
TXN002422,CUST0375,Bengaluru,MER129,Entertainment,2026-01-05 12:05:00,Credit Card,Android,66543.11,INR,440822.56,557,No,23,No,Failed,Low,1
TXN002423,CUST0324,Pune,MER072,Shopping,2026-03-31 21:25:00,Debit Card,Android,47237.3,INR,121629.05,734,No,6,No,Failed,Medium,0
TXN002424,CUST0406,Bengaluru,MER275,Bills,2026-08-21 22:35:00,Wallet,Web,2242.24,INR,198174.38,781,No,7,No,Failed,Low,0
TXN002425,CUST0693,Mumbai,MER150,Entertainment,2026-01-19 20:16:00,UPI,Android,5646.41,INR,416447.46,336,No,10,Yes,Pending,High,0
TXN002426,CUST1010,Mumbai,MER146,Bills,2026-10-20 20:18:00,Credit Card,iPhone,61081.88,INR,138978.15,742,No,38,Yes,Failed,High,0
TXN002427,CUST0425,Bengaluru,MER092,Bills,2026-11-04 07:00:00,Wallet,Web,60815.49,INR,476797.74,539,No,90,Yes,Success,High,0
TXN002428,CUST0347,Bengaluru,MER296,Travel,2026-11-27 12:47:00,Wallet,Web,49324.17,INR,96660.25,470,No,71,No,Pending,Low,0
TXN002429,CUST0082,Delhi,MER093,Entertainment,2026-11-16 02:07:00,Credit Card,iPhone,35868.24,INR,451989.77,767,Yes,11,No,Pending,Low,0
TXN002430,CUST0874,Bengaluru,MER096,Entertainment,2026-01-30 10:41:00,Credit Card,iPhone,5326.82,INR,125473.75,778,Yes,45,Yes,Failed,High,0
TXN002431,CUST0013,Bengaluru,MER283,Shopping,2026-07-26 04:46:00,Debit Card,Web,267.17,INR,289356.47,709,Yes,45,No,Failed,High,0
TXN002432,CUST0257,Pune,MER122,Healthcare,2026-12-07 04:35:00,UPI,iPhone,31222.82,INR,456064.42,667,Yes,79,No,Pending,Medium,0
TXN002433,CUST0351,Mumbai,MER190,Healthcare,2026-05-02 04:08:00,Debit Card,Android,55493.81,INR,98876.1,493,Yes,96,No,Pending,Low,1
TXN002434,CUST0847,Mumbai,MER182,Food,2026-12-02 05:21:00,UPI,Android,26339.39,INR,298728.52,809,No,44,Yes,Pending,Low,0
TXN002435,CUST0824,Delhi,MER006,Shopping,2026-09-25 05:34:00,UPI,iPhone,73299.98,INR,33377.87,543,No,19,Yes,Success,Medium,0
TXN002436,CUST0998,Bengaluru,MER239,Food,2026-09-16 06:34:00,Credit Card,Web,10090.43,INR,87072.09,858,Yes,18,Yes,Failed,Low,0
TXN002437,CUST1168,Mumbai,MER181,Shopping,2026-09-03 16:00:00,Wallet,Web,66515.49,INR,341313.21,627,Yes,16,Yes,Success,Medium,0
TXN002438,CUST1020,Mumbai,MER037,Food,2026-04-22 08:14:00,NetBanking,Android,56195.35,INR,120064.16,407,Yes,69,No,Success,Low,0
TXN002439,CUST0685,Bengaluru,MER133,Entertainment,2026-10-30 09:13:00,UPI,Android,4056.79,INR,118203.32,845,Yes,66,Yes,Success,High,0
TXN002440,CUST0763,Pune,MER020,Food,2026-02-16 23:07:00,UPI,Web,31322.78,INR,77379.9,377,No,4,Yes,Failed,Low,0
TXN002441,CUST0866,Pune,MER218,Entertainment,2026-07-20 07:18:00,Wallet,Web,10121.0,INR,223361.93,496,Yes,98,Yes,Failed,High,0
TXN002442,CUST0023,Mumbai,MER066,Food,2026-04-12 23:35:00,Credit Card,Web,45501.55,INR,156382.52,807,No,28,Yes,Failed,Medium,0
TXN002443,CUST0740,Pune,MER024,Food,2026-04-18 03:00:00,Wallet,Android,9745.6,INR,33752.25,599,Yes,26,Yes,Success,Medium,0
TXN002444,CUST0933,Bengaluru,MER156,Travel,2026-01-18 05:31:00,Wallet,Android,27491.69,INR,342631.63,430,Yes,77,No,Failed,High,0
TXN002445,CUST1002,Hyderabad,MER040,Entertainment,2026-07-10 07:43:00,NetBanking,Web,34829.68,INR,470530.88,867,No,92,No,Failed,Medium,0
TXN002446,CUST0760,Pune,MER112,Healthcare,2026-06-24 21:39:00,Wallet,Web,35719.55,INR,39151.83,518,Yes,69,Yes,Pending,Medium,0
TXN002447,CUST0086,Delhi,MER260,Bills,2026-03-23 20:32:00,UPI,iPhone,48248.86,INR,181261.78,558,No,44,No,Pending,Low,0
TXN002448,CUST0458,Delhi,MER059,Healthcare,2026-07-22 06:12:00,UPI,iPhone,48397.13,INR,480958.36,892,No,100,No,Pending,High,0
TXN002449,CUST0220,Delhi,MER249,Shopping,2026-07-05 16:26:00,Debit Card,Web,3022.96,INR,97160.18,882,Yes,99,No,Success,High,0
TXN002450,CUST0741,Delhi,MER157,Healthcare,2026-03-11 14:50:00,Credit Card,Web,29359.5,INR,92167.44,383,No,33,Yes,Failed,Low,0
TXN002451,CUST0935,Pune,MER072,Food,2026-09-27 00:26:00,Wallet,Web,38751.83,INR,38277.01,663,Yes,59,No,Success,Low,0
TXN002452,CUST0714,Delhi,MER113,Entertainment,2026-04-27 08:47:00,Debit Card,iPhone,51514.99,INR,468547.99,336,No,98,No,Failed,Medium,1
TXN002453,CUST0338,Mumbai,MER055,Food,2026-09-27 12:33:00,UPI,iPhone,52396.8,INR,390033.38,309,No,3,No,Failed,Low,0
TXN002454,CUST0217,Hyderabad,MER188,Entertainment,2026-06-29 01:15:00,NetBanking,Web,74037.76,INR,8796.44,586,Yes,3,No,Pending,Medium,0
TXN002455,CUST0857,Delhi,MER140,Travel,2026-06-07 19:08:00,Credit Card,iPhone,30675.94,INR,151008.89,809,Yes,90,No,Pending,High,0
TXN002456,CUST0033,Pune,MER258,Bills,2026-06-19 17:43:00,UPI,Android,31093.82,INR,121851.56,634,No,100,Yes,Pending,Medium,0
TXN002457,CUST0060,Hyderabad,MER126,Travel,2026-04-23 02:58:00,Wallet,Web,49477.82,INR,212149.15,842,No,85,No,Pending,High,0
TXN002458,CUST0117,Delhi,MER117,Healthcare,2026-02-06 19:25:00,Wallet,iPhone,4506.95,INR,312539.5,812,Yes,34,No,Pending,Low,0
TXN002459,CUST1081,Pune,MER054,Entertainment,2026-03-11 18:39:00,UPI,Android,21286.56,INR,256317.13,595,Yes,18,Yes,Success,Medium,0
TXN002460,CUST0199,Bengaluru,MER064,Travel,2026-06-18 20:00:00,Debit Card,Web,69176.07,INR,41256.21,786,Yes,3,Yes,Failed,Low,0
TXN002461,CUST0317,Delhi,MER196,Entertainment,2026-06-20 18:09:00,Debit Card,Android,67766.56,INR,486279.94,638,Yes,49,Yes,Failed,Low,0
TXN002462,CUST0150,Delhi,MER133,Food,2026-08-20 22:04:00,UPI,Android,65652.93,INR,296344.44,327,Yes,4,No,Success,Medium,0
TXN002463,CUST1195,Mumbai,MER028,Food,2026-05-12 05:55:00,Credit Card,Android,7702.51,INR,38618.3,616,No,21,No,Failed,High,0
TXN002464,CUST0749,Mumbai,MER287,Shopping,2026-09-01 20:34:00,Credit Card,iPhone,73975.24,INR,387702.45,422,Yes,53,Yes,Pending,Medium,1
TXN002465,CUST0638,Delhi,MER073,Bills,2026-10-16 09:31:00,UPI,Web,50112.3,INR,138330.86,637,No,27,No,Failed,High,0
TXN002466,CUST0756,Pune,MER274,Food,2026-04-09 04:46:00,NetBanking,Web,72842.54,INR,408696.76,618,Yes,24,Yes,Success,Low,0
TXN002467,CUST0472,Delhi,MER262,Food,2026-09-10 13:19:00,Credit Card,Web,26063.36,INR,368668.01,641,Yes,66,Yes,Failed,Low,0
TXN002468,CUST1019,Bengaluru,MER046,Healthcare,2026-09-07 19:27:00,Wallet,Android,69455.78,INR,180995.39,601,Yes,46,Yes,Failed,High,0
TXN002469,CUST0585,Delhi,MER290,Bills,2026-04-07 07:36:00,NetBanking,Android,52598.37,INR,17928.01,737,No,7,Yes,Failed,Low,0
TXN002470,CUST1047,Mumbai,MER200,Shopping,2026-07-18 21:57:00,Wallet,Android,29002.18,INR,480180.75,768,No,47,Yes,Failed,Medium,0
TXN002471,CUST1152,Delhi,MER149,Entertainment,2026-10-20 21:29:00,Wallet,Android,44535.08,INR,291821.98,443,Yes,3,No,Success,Medium,0
TXN002472,CUST0726,Mumbai,MER223,Food,2026-02-03 16:58:00,Wallet,Android,11803.86,INR,287178.83,527,Yes,81,No,Failed,Low,0
TXN002473,CUST0279,Delhi,MER054,Entertainment,2026-06-23 15:25:00,Debit Card,Android,33038.21,INR,63063.22,703,Yes,28,Yes,Failed,Low,0
TXN002474,CUST1198,Delhi,MER127,Entertainment,2026-08-20 01:24:00,NetBanking,Web,48688.38,INR,467276.58,564,No,20,No,Pending,High,0
TXN002475,CUST0498,Hyderabad,MER047,Bills,2026-08-04 08:52:00,Debit Card,Web,26824.42,INR,207655.6,568,No,40,No,Pending,High,0
TXN002476,CUST1039,Pune,MER089,Bills,2026-09-22 00:20:00,Credit Card,Web,26565.85,INR,55488.11,594,Yes,57,Yes,Pending,Low,0
TXN002477,CUST0574,Pune,MER083,Travel,2026-08-07 08:16:00,Credit Card,iPhone,9971.55,INR,431386.0,432,No,50,Yes,Failed,Medium,0
TXN002478,CUST0063,Delhi,MER021,Shopping,2026-09-23 04:51:00,Wallet,iPhone,68860.79,INR,332226.23,401,Yes,21,No,Success,High,1
TXN002479,CUST0033,Delhi,MER004,Travel,2026-09-15 12:54:00,Credit Card,Web,5977.54,INR,359510.8,465,Yes,62,No,Pending,High,0
TXN002480,CUST1078,Mumbai,MER227,Bills,2026-06-28 12:54:00,Wallet,iPhone,25401.48,INR,92097.64,515,No,90,No,Success,Low,0
TXN002481,CUST0273,Hyderabad,MER267,Travel,2026-08-10 08:00:00,Wallet,Web,61497.57,INR,289655.46,381,No,16,Yes,Success,Low,0
TXN002482,CUST0339,Pune,MER132,Travel,2026-11-22 12:11:00,Debit Card,Web,28464.07,INR,261440.6,882,No,44,Yes,Failed,Low,0
TXN002483,CUST0510,Pune,MER014,Shopping,2026-03-08 02:06:00,UPI,Web,27102.19,INR,284329.59,499,Yes,72,No,Success,Low,0
TXN002484,CUST0741,Pune,MER244,Healthcare,2026-03-18 07:26:00,Credit Card,iPhone,49901.62,INR,225196.78,533,Yes,17,No,Success,Medium,0
TXN002485,CUST0106,Mumbai,MER233,Entertainment,2026-11-29 05:06:00,Debit Card,Web,70601.78,INR,319811.68,327,Yes,53,Yes,Success,High,0
TXN002486,CUST0057,Bengaluru,MER245,Food,2026-11-14 06:30:00,Credit Card,Android,4428.24,INR,261700.89,585,No,24,Yes,Pending,High,0
TXN002487,CUST0270,Mumbai,MER108,Food,2026-10-23 22:52:00,Debit Card,Web,52481.73,INR,453559.56,828,No,45,Yes,Failed,Medium,0
TXN002488,CUST0405,Mumbai,MER101,Food,2026-10-26 04:58:00,NetBanking,Web,33422.07,INR,269676.04,744,Yes,78,No,Success,Medium,0
TXN002489,CUST0573,Pune,MER114,Food,2026-01-18 03:23:00,Wallet,Web,25229.79,INR,313011.45,733,No,84,No,Pending,High,0
TXN002490,CUST1109,Delhi,MER003,Healthcare,2026-05-04 08:18:00,NetBanking,Android,58607.13,INR,152526.73,344,No,80,No,Success,Low,1
TXN002491,CUST0806,Mumbai,MER229,Travel,2026-07-02 15:57:00,Wallet,iPhone,29324.17,INR,53087.61,427,No,99,Yes,Success,Medium,0
TXN002492,CUST0554,Delhi,MER024,Entertainment,2026-09-08 18:36:00,Debit Card,iPhone,59496.38,INR,73972.05,798,No,34,Yes,Failed,High,0
TXN002493,CUST0219,Hyderabad,MER194,Bills,2026-04-04 08:32:00,UPI,iPhone,65239.05,INR,278400.47,873,No,73,No,Pending,Medium,0
TXN002494,CUST0177,Pune,MER203,Entertainment,2026-10-23 07:01:00,Wallet,iPhone,33499.97,INR,320912.1,739,No,12,No,Pending,Low,0
TXN002495,CUST0650,Mumbai,MER233,Bills,2026-01-20 01:44:00,UPI,Android,48990.84,INR,140091.09,517,Yes,56,No,Failed,High,0
TXN002496,CUST0530,Mumbai,MER225,Healthcare,2026-01-06 07:29:00,Debit Card,iPhone,50256.2,INR,2368.73,340,No,81,Yes,Failed,Medium,0
TXN002497,CUST0916,Delhi,MER202,Healthcare,2026-03-06 23:10:00,Wallet,Web,5139.05,INR,451480.51,442,Yes,100,Yes,Pending,High,0
TXN002498,CUST0702,Hyderabad,MER061,Travel,2026-05-13 14:28:00,Wallet,iPhone,11944.48,INR,495122.21,374,Yes,32,Yes,Success,High,0
TXN002499,CUST1180,Delhi,MER059,Shopping,2026-03-27 05:50:00,Credit Card,Web,58536.53,INR,153162.38,648,No,49,Yes,Success,High,0
TXN002500,CUST0002,Delhi,MER252,Healthcare,2026-03-19 11:58:00,Wallet,Web,40483.12,INR,303268.72,510,Yes,26,No,Success,Low,0
TXN002501,CUST0257,Bengaluru,MER264,Shopping,2026-06-07 21:34:00,NetBanking,iPhone,61639.64,INR,308649.69,754,No,4,No,Success,Medium,0
TXN002502,CUST0773,Pune,MER143,Travel,2026-04-01 02:52:00,Wallet,Android,3317.37,INR,496440.04,584,Yes,94,No,Failed,Medium,0
TXN002503,CUST0169,Hyderabad,MER123,Healthcare,2026-11-28 11:24:00,Wallet,iPhone,14789.2,INR,94042.82,381,No,62,No,Failed,Low,0
TXN002504,CUST0768,Bengaluru,MER224,Bills,2026-02-14 09:31:00,NetBanking,Android,55434.22,INR,145944.52,852,No,40,Yes,Failed,Low,1
TXN002505,CUST0479,Pune,MER129,Food,2026-09-22 06:04:00,NetBanking,Web,36687.68,INR,250784.37,477,No,27,No,Pending,High,0
TXN002506,CUST0280,Mumbai,MER113,Healthcare,2026-11-13 13:58:00,NetBanking,Web,12918.45,INR,448629.73,463,Yes,41,Yes,Success,Medium,0
TXN002507,CUST0284,Pune,MER149,Entertainment,2026-04-10 10:25:00,NetBanking,iPhone,52406.77,INR,461574.77,659,No,59,No,Success,Medium,1
TXN002508,CUST0952,Hyderabad,MER200,Food,2026-04-19 00:36:00,Debit Card,iPhone,62256.98,INR,274480.08,536,Yes,13,No,Pending,High,0
TXN002509,CUST0821,Hyderabad,MER231,Bills,2026-12-06 09:48:00,Debit Card,iPhone,23272.55,INR,360068.76,694,No,33,No,Failed,Low,0
TXN002510,CUST1025,Delhi,MER072,Healthcare,2026-06-08 15:59:00,Debit Card,iPhone,42169.17,INR,440351.43,489,Yes,63,No,Success,Medium,0
TXN002511,CUST1014,Bengaluru,MER069,Healthcare,2026-07-23 06:36:00,NetBanking,iPhone,43000.51,INR,498037.99,779,No,39,No,Success,Low,0
TXN002512,CUST1135,Delhi,MER021,Bills,2026-11-21 04:31:00,NetBanking,Android,390.92,INR,297860.99,849,No,87,Yes,Pending,High,0
TXN002513,CUST0072,Pune,MER195,Bills,2026-02-20 20:39:00,Debit Card,iPhone,32395.96,INR,430559.34,742,Yes,75,Yes,Success,Low,0
TXN002514,CUST0507,Pune,MER100,Food,2026-07-18 01:25:00,Credit Card,Web,60011.53,INR,410559.81,544,Yes,3,Yes,Success,Low,1
TXN002515,CUST0821,Delhi,MER129,Healthcare,2026-07-13 14:44:00,Debit Card,iPhone,60076.83,INR,262012.03,627,No,18,No,Failed,Low,0
TXN002516,CUST0154,Delhi,MER099,Bills,2026-08-10 14:08:00,Wallet,iPhone,42722.1,INR,173874.61,835,Yes,41,Yes,Failed,High,0
TXN002517,CUST1028,Hyderabad,MER046,Entertainment,2026-03-29 22:34:00,Debit Card,iPhone,65979.52,INR,484470.79,734,No,32,Yes,Pending,High,1
TXN002518,CUST1101,Hyderabad,MER129,Food,2026-06-18 22:16:00,NetBanking,Android,60424.93,INR,164183.36,696,Yes,89,Yes,Pending,High,0
TXN002519,CUST0886,Mumbai,MER136,Bills,2026-12-07 03:47:00,NetBanking,iPhone,56252.91,INR,317276.48,731,Yes,76,Yes,Failed,High,0
TXN002520,CUST0884,Bengaluru,MER186,Food,2026-06-26 16:08:00,NetBanking,iPhone,70190.7,INR,96428.41,792,Yes,12,Yes,Success,High,1
TXN002521,CUST0158,Bengaluru,MER030,Entertainment,2026-10-14 09:38:00,NetBanking,iPhone,74103.93,INR,428174.75,430,Yes,25,No,Success,Low,0
TXN002522,CUST0749,Pune,MER293,Food,2026-08-19 19:12:00,Debit Card,iPhone,68634.72,INR,365773.83,691,Yes,40,No,Failed,High,1
TXN002523,CUST0801,Delhi,MER218,Bills,2026-03-21 00:45:00,Credit Card,Web,13731.76,INR,106856.66,661,Yes,67,Yes,Failed,Low,0
TXN002524,CUST1103,Pune,MER142,Food,2026-03-27 13:36:00,UPI,Web,54889.85,INR,247763.48,620,No,9,No,Success,Low,0
TXN002525,CUST0610,Mumbai,MER178,Food,2026-06-27 14:58:00,Debit Card,iPhone,10602.93,INR,8226.85,517,Yes,24,Yes,Pending,High,0
TXN002526,CUST0051,Mumbai,MER136,Shopping,2026-01-02 10:09:00,Debit Card,Android,70520.7,INR,43933.46,312,No,62,Yes,Pending,High,0
TXN002527,CUST0495,Mumbai,MER251,Bills,2026-08-18 05:31:00,Credit Card,iPhone,13058.29,INR,218646.42,651,No,57,No,Success,Medium,0
TXN002528,CUST0462,Delhi,MER165,Shopping,2026-07-22 22:46:00,UPI,iPhone,9562.99,INR,234608.21,399,Yes,50,No,Failed,Low,0
TXN002529,CUST1189,Mumbai,MER296,Entertainment,2026-11-13 17:50:00,Credit Card,Web,25482.13,INR,133861.73,773,Yes,18,Yes,Failed,Low,0
TXN002530,CUST0522,Mumbai,MER128,Healthcare,2026-01-19 09:37:00,Wallet,Android,70031.64,INR,236802.32,852,No,65,Yes,Failed,Medium,1
TXN002531,CUST1158,Pune,MER068,Healthcare,2026-11-11 21:20:00,NetBanking,Android,35497.11,INR,111302.6,414,Yes,19,No,Failed,High,0
TXN002532,CUST0743,Delhi,MER237,Entertainment,2026-12-01 23:49:00,UPI,iPhone,18196.68,INR,401218.55,386,Yes,54,Yes,Success,Low,0
TXN002533,CUST0667,Bengaluru,MER046,Food,2026-01-02 09:41:00,Debit Card,iPhone,62495.83,INR,95605.29,557,Yes,51,No,Failed,Medium,0
TXN002534,CUST1154,Hyderabad,MER048,Shopping,2026-02-23 15:36:00,Credit Card,Web,15785.69,INR,380313.56,307,Yes,60,Yes,Success,Medium,0
TXN002535,CUST0654,Mumbai,MER237,Healthcare,2026-01-18 02:19:00,NetBanking,iPhone,29860.05,INR,460948.62,627,No,14,Yes,Pending,Low,0
TXN002536,CUST0447,Pune,MER008,Food,2026-08-03 02:02:00,UPI,Android,14142.86,INR,333135.14,516,Yes,44,No,Pending,Medium,0
TXN002537,CUST0758,Bengaluru,MER212,Food,2026-06-24 13:21:00,Credit Card,Web,69888.41,INR,329376.96,773,Yes,31,No,Failed,Medium,0
TXN002538,CUST0588,Hyderabad,MER182,Entertainment,2026-10-15 05:58:00,Wallet,Web,47836.42,INR,143237.8,366,No,38,No,Pending,Low,0
TXN002539,CUST1014,Mumbai,MER161,Food,2026-10-25 16:31:00,NetBanking,iPhone,24980.61,INR,55004.42,811,No,73,No,Failed,High,0
TXN002540,CUST0671,Hyderabad,MER007,Food,2026-10-14 01:02:00,Credit Card,Web,61279.62,INR,110245.03,622,Yes,24,No,Pending,Medium,0
TXN002541,CUST0181,Pune,MER289,Travel,2026-03-08 23:55:00,Credit Card,iPhone,38697.46,INR,47198.02,571,No,46,No,Pending,High,0
TXN002542,CUST0929,Mumbai,MER118,Bills,2026-05-25 08:39:00,Wallet,Android,27632.59,INR,137234.88,591,Yes,55,No,Success,Low,0
TXN002543,CUST0095,Bengaluru,MER040,Travel,2026-10-15 15:46:00,Wallet,Android,13882.71,INR,90289.99,872,Yes,16,Yes,Pending,Low,0
TXN002544,CUST0638,Mumbai,MER079,Travel,2026-08-10 03:09:00,Debit Card,Android,27140.54,INR,44387.66,612,No,18,No,Success,Medium,0
TXN002545,CUST0673,Mumbai,MER028,Healthcare,2026-06-20 08:01:00,NetBanking,Android,60398.46,INR,329956.19,601,No,52,No,Pending,High,0
TXN002546,CUST0898,Bengaluru,MER080,Shopping,2026-04-21 11:34:00,Wallet,iPhone,1823.06,INR,490290.5,686,No,89,Yes,Failed,High,0
TXN002547,CUST0634,Mumbai,MER266,Bills,2026-07-04 01:38:00,Credit Card,Web,61472.18,INR,371958.15,316,No,43,Yes,Failed,High,0
TXN002548,CUST0378,Hyderabad,MER195,Healthcare,2026-10-01 08:25:00,Credit Card,Android,32049.48,INR,403789.83,446,No,58,Yes,Failed,Low,0
TXN002549,CUST0846,Bengaluru,MER085,Bills,2026-01-20 23:18:00,Debit Card,iPhone,47407.9,INR,89241.03,546,No,82,No,Failed,Medium,0
TXN002550,CUST0206,Delhi,MER198,Food,2026-07-19 02:24:00,UPI,iPhone,29843.86,INR,435174.37,705,Yes,65,No,Pending,High,0
TXN002551,CUST0965,Bengaluru,MER087,Shopping,2026-04-02 05:36:00,NetBanking,iPhone,39006.11,INR,444857.4,551,No,11,No,Pending,High,0
TXN002552,CUST0471,Delhi,MER140,Food,2026-11-06 12:14:00,NetBanking,Web,24314.22,INR,114701.2,540,Yes,70,Yes,Pending,Low,0
TXN002553,CUST0391,Delhi,MER241,Bills,2026-08-02 05:11:00,UPI,Android,9115.46,INR,323055.29,508,No,64,Yes,Pending,High,0
TXN002554,CUST0324,Mumbai,MER015,Food,2026-05-21 09:02:00,Credit Card,Android,41336.56,INR,251085.93,675,Yes,4,Yes,Pending,Low,1
TXN002555,CUST0312,Mumbai,MER038,Travel,2026-03-30 05:49:00,Wallet,Web,18049.71,INR,380170.3,522,Yes,38,Yes,Pending,High,0
TXN002556,CUST0094,Mumbai,MER126,Food,2026-07-19 23:32:00,NetBanking,iPhone,13323.94,INR,242469.36,335,Yes,24,No,Pending,Low,0
TXN002557,CUST0935,Hyderabad,MER164,Bills,2026-11-26 03:41:00,NetBanking,Web,67319.48,INR,344939.74,307,Yes,89,Yes,Pending,High,0
TXN002558,CUST0163,Hyderabad,MER193,Shopping,2026-11-03 21:19:00,Credit Card,Android,47921.29,INR,469566.49,616,Yes,33,Yes,Pending,Medium,0
TXN002559,CUST0641,Delhi,MER253,Shopping,2026-06-08 12:15:00,NetBanking,Android,8547.66,INR,57669.72,359,No,2,Yes,Failed,Low,0
TXN002560,CUST0068,Delhi,MER028,Food,2026-08-15 21:59:00,Credit Card,Web,39987.24,INR,495640.58,832,Yes,70,Yes,Failed,High,0
TXN002561,CUST0420,Mumbai,MER058,Bills,2026-08-31 12:10:00,UPI,Android,53510.46,INR,187954.29,519,Yes,34,Yes,Pending,Low,0
TXN002562,CUST0718,Mumbai,MER231,Bills,2026-02-28 07:39:00,Debit Card,Android,10429.65,INR,328114.76,343,Yes,12,Yes,Success,Low,0
TXN002563,CUST0595,Mumbai,MER271,Entertainment,2026-03-20 07:37:00,Credit Card,iPhone,32760.24,INR,247559.61,327,Yes,96,Yes,Failed,Medium,0
TXN002564,CUST0887,Hyderabad,MER275,Bills,2026-09-26 06:44:00,Credit Card,Web,37925.14,INR,4522.6,627,Yes,43,Yes,Pending,Medium,0
TXN002565,CUST0479,Pune,MER088,Travel,2026-01-15 20:28:00,NetBanking,Web,65602.97,INR,150134.32,794,No,27,Yes,Failed,High,0
TXN002566,CUST0159,Bengaluru,MER268,Shopping,2026-10-11 17:40:00,UPI,Android,914.18,INR,332706.95,328,No,42,No,Success,High,0
TXN002567,CUST1122,Delhi,MER212,Bills,2026-06-12 14:17:00,UPI,Android,19474.15,INR,391052.89,816,No,56,No,Pending,Medium,0
TXN002568,CUST0466,Pune,MER231,Bills,2026-04-10 06:01:00,Debit Card,Android,3732.34,INR,170531.51,822,Yes,42,No,Pending,Low,1
TXN002569,CUST0905,Mumbai,MER233,Entertainment,2026-08-05 14:41:00,Wallet,Android,6334.12,INR,464993.83,440,Yes,73,Yes,Success,High,0
TXN002570,CUST0023,Delhi,MER056,Food,2026-10-01 13:53:00,Credit Card,Android,41044.82,INR,413382.1,561,Yes,55,Yes,Failed,High,0
TXN002571,CUST0081,Delhi,MER016,Travel,2026-04-21 06:20:00,UPI,iPhone,2346.94,INR,158084.25,367,No,82,No,Failed,Low,0
TXN002572,CUST0557,Bengaluru,MER181,Bills,2026-07-26 08:15:00,Wallet,Web,53931.76,INR,278519.18,499,Yes,21,No,Success,Medium,0
TXN002573,CUST0610,Bengaluru,MER042,Travel,2026-07-17 11:38:00,NetBanking,Android,55375.94,INR,289197.08,427,Yes,97,No,Failed,High,0
TXN002574,CUST0824,Hyderabad,MER225,Bills,2026-11-25 10:50:00,UPI,Web,30527.44,INR,430395.35,432,No,73,No,Pending,Low,0
TXN002575,CUST0314,Pune,MER231,Bills,2026-04-22 13:34:00,Debit Card,Android,7250.57,INR,466061.05,794,No,98,Yes,Success,Low,0
TXN002576,CUST0516,Delhi,MER118,Shopping,2026-06-14 14:39:00,NetBanking,Android,49917.74,INR,220773.5,439,No,25,Yes,Success,High,0
TXN002577,CUST0374,Bengaluru,MER138,Healthcare,2026-07-25 08:33:00,NetBanking,iPhone,68807.11,INR,392136.28,669,No,23,No,Success,High,0
TXN002578,CUST0441,Delhi,MER242,Entertainment,2026-08-17 06:56:00,UPI,Android,45584.14,INR,350313.84,561,Yes,79,Yes,Pending,High,0
TXN002579,CUST1083,Delhi,MER197,Shopping,2026-07-14 07:40:00,Debit Card,iPhone,30078.27,INR,68522.27,765,Yes,75,Yes,Failed,High,0
TXN002580,CUST0492,Bengaluru,MER040,Healthcare,2026-09-24 21:25:00,NetBanking,iPhone,56914.51,INR,331095.21,714,Yes,20,No,Success,Medium,0
TXN002581,CUST0639,Pune,MER200,Entertainment,2026-02-27 12:57:00,UPI,Android,72998.75,INR,206094.69,499,Yes,35,Yes,Success,Medium,0
TXN002582,CUST0767,Hyderabad,MER101,Shopping,2026-11-18 05:07:00,Debit Card,Android,51842.92,INR,486173.83,725,Yes,52,Yes,Pending,High,1
TXN002583,CUST0400,Delhi,MER236,Food,2026-04-14 03:37:00,Debit Card,iPhone,31480.87,INR,182539.34,420,No,27,No,Failed,Low,0
TXN002584,CUST0696,Delhi,MER295,Shopping,2026-04-17 16:30:00,NetBanking,iPhone,6322.27,INR,239547.58,595,Yes,98,Yes,Pending,High,0
TXN002585,CUST0615,Hyderabad,MER122,Healthcare,2026-02-09 22:13:00,Debit Card,Android,39870.27,INR,81548.59,413,Yes,53,No,Failed,High,0
TXN002586,CUST0794,Delhi,MER092,Healthcare,2026-08-06 01:57:00,NetBanking,iPhone,45791.6,INR,87591.19,751,Yes,42,Yes,Pending,High,0
TXN002587,CUST0768,Bengaluru,MER061,Shopping,2026-03-29 07:58:00,UPI,Android,46381.72,INR,232894.14,422,No,48,Yes,Pending,Low,0
TXN002588,CUST0481,Pune,MER174,Bills,2026-10-23 22:03:00,NetBanking,Android,64250.28,INR,130777.62,501,Yes,4,Yes,Success,Medium,0
TXN002589,CUST0489,Hyderabad,MER274,Entertainment,2026-09-05 18:46:00,Wallet,Android,30349.56,INR,154960.72,348,Yes,35,No,Success,Medium,0
TXN002590,CUST0798,Pune,MER014,Bills,2026-10-22 13:10:00,NetBanking,Web,31565.46,INR,207196.95,756,No,78,Yes,Success,Low,0
TXN002591,CUST0076,Hyderabad,MER174,Food,2026-06-04 15:26:00,UPI,iPhone,38925.08,INR,219447.57,658,Yes,14,Yes,Success,Medium,0
TXN002592,CUST0392,Pune,MER213,Food,2026-01-01 14:23:00,Debit Card,Android,186.86,INR,94435.96,792,Yes,72,No,Pending,Low,0
TXN002593,CUST0354,Pune,MER284,Bills,2026-11-20 12:23:00,UPI,iPhone,47922.6,INR,374018.89,861,No,19,No,Success,Medium,0
TXN002594,CUST0928,Bengaluru,MER134,Travel,2026-01-12 19:17:00,UPI,Web,46393.42,INR,34656.96,386,No,35,Yes,Failed,Medium,0
TXN002595,CUST1001,Mumbai,MER127,Entertainment,2026-11-04 06:28:00,NetBanking,iPhone,1057.76,INR,34797.13,662,No,22,No,Pending,High,0
TXN002596,CUST0663,Hyderabad,MER224,Travel,2026-11-23 00:02:00,Wallet,Web,53157.4,INR,382678.73,815,Yes,76,Yes,Success,Medium,0
TXN002597,CUST0961,Bengaluru,MER274,Travel,2026-05-22 23:27:00,Wallet,iPhone,23593.08,INR,8918.67,619,Yes,6,No,Pending,Low,0
TXN002598,CUST1097,Pune,MER163,Food,2026-10-09 00:47:00,Debit Card,Android,45401.21,INR,285330.46,542,No,56,Yes,Success,High,0
TXN002599,CUST0840,Bengaluru,MER197,Bills,2026-09-18 22:30:00,UPI,Web,26680.24,INR,210152.75,665,No,87,No,Failed,Low,0
TXN002600,CUST0168,Mumbai,MER045,Food,2026-02-02 06:13:00,NetBanking,iPhone,68008.44,INR,65635.78,469,Yes,49,No,Pending,Medium,1
TXN002601,CUST0268,Delhi,MER177,Healthcare,2026-04-17 19:43:00,UPI,Web,68617.43,INR,175170.9,539,No,52,No,Success,Medium,0
TXN002602,CUST0501,Hyderabad,MER233,Entertainment,2026-12-11 03:24:00,NetBanking,iPhone,11827.67,INR,19995.61,757,No,88,No,Failed,Medium,0
TXN002603,CUST1148,Delhi,MER080,Shopping,2026-01-28 16:31:00,Credit Card,Android,67205.94,INR,471640.57,864,No,54,No,Pending,High,0
TXN002604,CUST0665,Mumbai,MER081,Bills,2026-08-03 10:39:00,Credit Card,Web,3872.36,INR,137601.77,738,No,21,Yes,Pending,Medium,0
TXN002605,CUST1198,Bengaluru,MER028,Travel,2026-01-22 22:12:00,Credit Card,Web,37236.4,INR,258986.49,575,Yes,57,Yes,Success,High,0
TXN002606,CUST1169,Pune,MER066,Shopping,2026-02-22 05:56:00,Wallet,Web,19681.87,INR,370158.05,781,No,29,No,Success,High,0
TXN002607,CUST0988,Hyderabad,MER127,Shopping,2026-02-28 15:03:00,NetBanking,iPhone,74489.42,INR,209198.07,619,Yes,93,No,Pending,Low,0
TXN002608,CUST0726,Mumbai,MER012,Bills,2026-10-15 20:23:00,Credit Card,Android,1651.98,INR,132467.2,717,Yes,9,No,Pending,Medium,0
TXN002609,CUST0368,Hyderabad,MER179,Healthcare,2026-11-22 04:02:00,Credit Card,Web,14180.38,INR,110037.52,819,Yes,37,Yes,Pending,High,0
TXN002610,CUST0788,Pune,MER126,Travel,2026-10-29 13:33:00,Credit Card,Android,4965.43,INR,252797.09,682,No,37,Yes,Pending,High,0
TXN002611,CUST0881,Pune,MER093,Entertainment,2026-01-06 18:52:00,NetBanking,Android,22616.11,INR,44493.75,782,Yes,94,Yes,Pending,Low,0
TXN002612,CUST0851,Hyderabad,MER212,Bills,2026-12-09 01:50:00,Wallet,iPhone,2375.5,INR,228004.78,726,No,98,No,Failed,Medium,0
TXN002613,CUST0120,Mumbai,MER129,Healthcare,2026-02-10 08:25:00,NetBanking,iPhone,26793.9,INR,403155.4,556,Yes,46,Yes,Success,Low,0
TXN002614,CUST1176,Delhi,MER191,Travel,2026-03-27 13:48:00,UPI,Web,10495.46,INR,309516.15,438,Yes,89,Yes,Success,High,0
TXN002615,CUST0748,Pune,MER160,Entertainment,2026-07-09 08:01:00,Debit Card,iPhone,70965.82,INR,373609.25,329,No,3,Yes,Failed,Medium,1
TXN002616,CUST0866,Pune,MER198,Bills,2026-04-13 11:16:00,UPI,iPhone,1321.95,INR,316488.77,426,No,40,No,Failed,Low,0
TXN002617,CUST0861,Delhi,MER288,Travel,2026-09-25 12:26:00,Debit Card,Web,8070.03,INR,68769.07,892,No,32,Yes,Success,High,0
TXN002618,CUST0671,Hyderabad,MER087,Shopping,2026-03-03 01:38:00,UPI,Android,21154.88,INR,115216.01,669,Yes,59,No,Success,Low,0
TXN002619,CUST0542,Bengaluru,MER287,Healthcare,2026-11-22 11:59:00,UPI,Web,28080.47,INR,335278.57,607,No,11,No,Pending,High,0
TXN002620,CUST1196,Delhi,MER161,Bills,2026-08-28 03:18:00,Debit Card,iPhone,25049.34,INR,216846.93,629,Yes,31,Yes,Success,Medium,0
TXN002621,CUST0621,Mumbai,MER270,Bills,2026-06-30 09:52:00,NetBanking,iPhone,5459.82,INR,165786.63,805,Yes,9,No,Failed,High,0
TXN002622,CUST0617,Hyderabad,MER232,Food,2026-09-30 13:27:00,NetBanking,Web,51568.26,INR,376958.71,733,No,19,No,Success,High,0
TXN002623,CUST0058,Pune,MER159,Entertainment,2026-01-28 22:22:00,Wallet,iPhone,9630.55,INR,450254.19,333,No,31,No,Pending,Medium,0
TXN002624,CUST0848,Pune,MER114,Entertainment,2026-04-19 12:35:00,UPI,Web,3236.11,INR,244176.31,430,Yes,50,No,Failed,Medium,0
TXN002625,CUST0708,Delhi,MER092,Entertainment,2026-07-03 01:51:00,Credit Card,Android,24284.55,INR,380380.07,709,No,88,No,Success,Medium,0
TXN002626,CUST1068,Bengaluru,MER036,Shopping,2026-05-11 13:15:00,Wallet,Android,51010.54,INR,346591.76,673,No,87,No,Success,Medium,0
TXN002627,CUST0618,Pune,MER290,Travel,2026-06-03 03:03:00,Credit Card,iPhone,31105.43,INR,126191.2,314,No,73,No,Failed,Low,0
TXN002628,CUST0147,Mumbai,MER107,Healthcare,2026-05-02 16:28:00,Wallet,Android,52176.27,INR,94495.41,567,No,10,Yes,Failed,Medium,1
TXN002629,CUST0264,Pune,MER075,Entertainment,2026-09-16 03:32:00,Wallet,Web,45532.22,INR,226073.7,619,No,75,No,Pending,Medium,0
TXN002630,CUST1040,Bengaluru,MER210,Entertainment,2026-03-14 03:52:00,UPI,Web,39429.07,INR,213003.86,529,Yes,45,Yes,Failed,High,0
TXN002631,CUST0797,Bengaluru,MER094,Travel,2026-10-05 09:44:00,Debit Card,Web,3840.25,INR,366155.57,732,No,18,Yes,Success,Low,0
TXN002632,CUST0021,Pune,MER250,Bills,2026-03-16 04:49:00,UPI,Web,10078.05,INR,46147.92,814,No,32,No,Pending,High,0
TXN002633,CUST0709,Mumbai,MER199,Food,2026-06-02 22:33:00,Credit Card,Android,1293.11,INR,97131.44,723,Yes,45,No,Failed,Low,0
TXN002634,CUST0932,Delhi,MER201,Healthcare,2026-09-24 07:09:00,Debit Card,Android,48095.17,INR,383409.22,833,No,9,Yes,Failed,Low,0
TXN002635,CUST0327,Hyderabad,MER105,Food,2026-03-21 08:55:00,Credit Card,iPhone,62860.43,INR,383727.73,478,No,39,No,Success,High,0
TXN002636,CUST0470,Delhi,MER212,Food,2026-02-12 05:03:00,NetBanking,Web,59539.36,INR,345560.44,454,Yes,32,Yes,Pending,Medium,1
TXN002637,CUST0675,Bengaluru,MER212,Travel,2026-08-29 18:40:00,UPI,Web,64273.93,INR,168085.57,365,Yes,13,Yes,Pending,Low,0
TXN002638,CUST0062,Mumbai,MER201,Bills,2026-05-21 03:38:00,Wallet,Android,35008.12,INR,196749.17,611,No,23,Yes,Pending,Low,0
TXN002639,CUST0669,Bengaluru,MER264,Shopping,2026-05-03 10:31:00,UPI,Android,11894.24,INR,101324.72,803,Yes,92,Yes,Pending,High,0
TXN002640,CUST0064,Mumbai,MER252,Shopping,2026-03-21 15:05:00,Debit Card,Web,45099.29,INR,344559.08,410,Yes,20,No,Pending,Medium,0
TXN002641,CUST0676,Hyderabad,MER232,Food,2026-07-31 22:00:00,Debit Card,Android,9478.31,INR,406832.49,555,Yes,48,No,Pending,Medium,0
TXN002642,CUST0138,Mumbai,MER204,Shopping,2026-02-25 06:07:00,Debit Card,Web,41667.56,INR,146762.85,854,Yes,65,No,Success,High,0
TXN002643,CUST1040,Bengaluru,MER087,Food,2026-11-27 04:55:00,UPI,iPhone,44962.51,INR,61281.17,778,No,64,No,Failed,High,0
TXN002644,CUST0174,Hyderabad,MER181,Bills,2026-05-31 16:59:00,Debit Card,Android,6712.24,INR,254563.82,470,Yes,91,No,Success,High,0
TXN002645,CUST1155,Pune,MER068,Healthcare,2026-04-22 00:26:00,NetBanking,iPhone,49170.29,INR,290620.2,603,Yes,86,No,Pending,Medium,0
TXN002646,CUST0839,Hyderabad,MER040,Entertainment,2026-11-17 21:53:00,Credit Card,Web,34362.22,INR,268491.82,747,No,81,No,Success,High,0
TXN002647,CUST1194,Pune,MER189,Healthcare,2026-05-07 05:19:00,Wallet,Web,71747.05,INR,222356.38,492,Yes,27,No,Pending,Low,0
TXN002648,CUST0240,Bengaluru,MER146,Food,2026-02-26 03:43:00,Wallet,Android,28784.07,INR,208119.12,408,No,86,Yes,Failed,Low,1
TXN002649,CUST0898,Mumbai,MER001,Entertainment,2026-02-20 22:04:00,UPI,Android,52916.38,INR,463281.74,519,Yes,9,Yes,Success,High,0
TXN002650,CUST0977,Hyderabad,MER113,Bills,2026-03-01 16:06:00,UPI,Android,46343.05,INR,323787.16,528,No,100,No,Pending,Low,0
TXN002651,CUST0002,Hyderabad,MER052,Healthcare,2026-08-17 23:38:00,UPI,iPhone,74019.79,INR,203410.3,633,No,37,Yes,Pending,Medium,0
TXN002652,CUST0534,Hyderabad,MER231,Travel,2026-08-07 19:56:00,Credit Card,Android,36694.11,INR,196842.57,305,No,35,No,Pending,High,0
TXN002653,CUST0494,Pune,MER182,Healthcare,2026-07-02 23:54:00,Wallet,Web,39960.35,INR,63131.46,464,No,28,Yes,Success,High,0
TXN002654,CUST0262,Delhi,MER140,Bills,2026-10-11 00:37:00,NetBanking,Android,60064.29,INR,343523.92,877,No,67,Yes,Failed,Low,0
TXN002655,CUST0647,Bengaluru,MER240,Entertainment,2026-01-05 17:33:00,UPI,Android,63709.22,INR,36099.44,893,Yes,5,No,Success,High,0
TXN002656,CUST0804,Hyderabad,MER119,Entertainment,2026-04-23 12:20:00,Wallet,iPhone,37994.96,INR,122761.79,711,Yes,74,Yes,Pending,High,0
TXN002657,CUST1177,Bengaluru,MER163,Healthcare,2026-05-18 14:41:00,Wallet,Android,20736.55,INR,262314.22,446,Yes,26,Yes,Failed,Medium,0
TXN002658,CUST0519,Mumbai,MER184,Entertainment,2026-01-25 16:07:00,UPI,Android,9456.43,INR,483271.05,896,Yes,26,No,Pending,Medium,0
TXN002659,CUST0602,Mumbai,MER296,Shopping,2026-01-23 22:58:00,Credit Card,iPhone,64489.22,INR,282793.8,337,Yes,98,Yes,Success,High,1
TXN002660,CUST0858,Hyderabad,MER200,Bills,2026-01-14 04:57:00,Wallet,Android,40677.26,INR,420930.14,836,No,10,Yes,Failed,Low,0
TXN002661,CUST0964,Bengaluru,MER112,Healthcare,2026-06-17 21:27:00,Debit Card,iPhone,48581.97,INR,334891.45,499,Yes,68,Yes,Pending,Low,0
TXN002662,CUST1165,Mumbai,MER230,Entertainment,2026-01-04 02:28:00,Credit Card,iPhone,30571.88,INR,376303.17,548,Yes,1,No,Success,Medium,0
TXN002663,CUST0241,Mumbai,MER115,Food,2026-01-29 06:46:00,Wallet,Web,70006.69,INR,208065.72,649,No,58,No,Failed,Medium,0
TXN002664,CUST1145,Bengaluru,MER070,Food,2026-11-15 10:07:00,Credit Card,Android,5379.27,INR,461011.81,843,No,41,No,Failed,Low,0
TXN002665,CUST0381,Mumbai,MER007,Travel,2026-06-02 01:26:00,UPI,iPhone,26826.98,INR,219515.19,842,No,15,Yes,Failed,High,0
TXN002666,CUST0775,Delhi,MER175,Bills,2026-01-24 08:30:00,Credit Card,iPhone,35421.73,INR,141620.15,724,No,34,No,Success,High,0
TXN002667,CUST0927,Delhi,MER091,Shopping,2026-06-11 10:30:00,Debit Card,iPhone,55887.65,INR,339283.48,830,Yes,42,Yes,Pending,Medium,1
TXN002668,CUST1175,Pune,MER058,Healthcare,2026-05-14 00:02:00,UPI,Android,49109.04,INR,409648.36,622,No,61,Yes,Success,High,0
TXN002669,CUST0942,Hyderabad,MER147,Entertainment,2026-06-03 02:02:00,Wallet,Android,64847.79,INR,324855.7,361,No,97,Yes,Pending,High,1
TXN002670,CUST0139,Bengaluru,MER115,Shopping,2026-06-07 23:37:00,Debit Card,Web,15186.48,INR,31205.68,796,No,66,No,Success,Low,0
TXN002671,CUST0705,Hyderabad,MER104,Entertainment,2026-03-29 18:16:00,Credit Card,Web,69132.06,INR,289463.82,550,No,80,No,Success,Medium,1
TXN002672,CUST0649,Delhi,MER241,Healthcare,2026-12-08 17:19:00,Credit Card,iPhone,57702.62,INR,96996.85,856,Yes,82,Yes,Success,Medium,0
TXN002673,CUST0951,Pune,MER194,Food,2026-08-31 03:40:00,NetBanking,Web,74652.86,INR,336187.62,464,No,75,No,Pending,Medium,0
TXN002674,CUST0369,Mumbai,MER241,Food,2026-03-18 03:17:00,NetBanking,iPhone,36115.49,INR,326074.8,585,No,72,No,Pending,Low,0
TXN002675,CUST0388,Pune,MER080,Travel,2026-09-21 13:34:00,NetBanking,iPhone,31002.35,INR,46047.93,479,Yes,18,Yes,Failed,Low,0
TXN002676,CUST0514,Pune,MER257,Shopping,2026-04-10 23:16:00,Debit Card,iPhone,26151.85,INR,139824.18,852,Yes,41,Yes,Success,Medium,0
TXN002677,CUST0476,Delhi,MER206,Travel,2026-01-11 04:34:00,Credit Card,Android,57441.38,INR,253038.08,741,No,25,No,Pending,Medium,1
TXN002678,CUST0915,Bengaluru,MER280,Bills,2026-05-12 04:15:00,Wallet,Android,65333.47,INR,213889.53,815,No,84,Yes,Success,Low,1
TXN002679,CUST0751,Pune,MER269,Bills,2026-03-04 20:22:00,NetBanking,iPhone,11098.98,INR,453704.3,621,No,38,Yes,Failed,Medium,0
TXN002680,CUST1073,Bengaluru,MER090,Travel,2026-01-08 09:15:00,NetBanking,Android,29007.37,INR,425668.11,857,No,23,No,Failed,Medium,0
TXN002681,CUST0160,Hyderabad,MER104,Travel,2026-01-06 23:42:00,NetBanking,iPhone,69969.49,INR,194335.01,405,No,21,No,Success,High,0
TXN002682,CUST0425,Hyderabad,MER160,Healthcare,2026-01-18 21:03:00,NetBanking,iPhone,57716.19,INR,391661.85,811,No,74,Yes,Pending,Low,1
TXN002683,CUST0521,Mumbai,MER018,Travel,2026-12-10 06:10:00,UPI,Android,32494.38,INR,356951.48,400,No,53,Yes,Failed,Medium,0
TXN002684,CUST0295,Bengaluru,MER141,Shopping,2026-11-01 18:34:00,Debit Card,iPhone,13435.7,INR,37112.9,302,No,59,No,Success,Low,0
TXN002685,CUST0214,Pune,MER262,Shopping,2026-07-11 21:25:00,Wallet,Android,67131.94,INR,19156.16,724,Yes,95,Yes,Success,Medium,0
TXN002686,CUST0037,Pune,MER227,Shopping,2026-08-11 23:57:00,Debit Card,Android,66827.94,INR,256045.07,408,No,18,No,Failed,Low,1
TXN002687,CUST1118,Bengaluru,MER148,Shopping,2026-06-21 08:30:00,Credit Card,Android,72331.0,INR,454679.63,740,No,8,Yes,Pending,Medium,0
TXN002688,CUST1075,Bengaluru,MER100,Shopping,2026-04-07 21:00:00,Debit Card,Android,11482.66,INR,230996.6,369,Yes,88,No,Success,High,0
TXN002689,CUST0500,Pune,MER178,Entertainment,2026-12-05 15:36:00,UPI,iPhone,38695.42,INR,217426.83,396,No,70,No,Success,Low,0
TXN002690,CUST1024,Pune,MER131,Bills,2026-07-29 07:38:00,Debit Card,iPhone,49286.22,INR,128478.38,367,Yes,73,Yes,Failed,High,0
TXN002691,CUST0369,Bengaluru,MER282,Food,2026-05-10 19:28:00,Credit Card,Android,13349.43,INR,254996.52,662,Yes,15,No,Failed,High,1
TXN002692,CUST0324,Hyderabad,MER221,Travel,2026-05-02 15:58:00,UPI,iPhone,288.84,INR,379862.53,788,Yes,92,Yes,Failed,High,0
TXN002693,CUST0605,Mumbai,MER028,Travel,2026-10-25 22:43:00,Credit Card,iPhone,68854.54,INR,23867.92,472,No,33,No,Success,Low,1
TXN002694,CUST0577,Delhi,MER025,Entertainment,2026-11-02 18:10:00,Credit Card,iPhone,42095.31,INR,321536.9,663,No,27,No,Success,High,0
TXN002695,CUST1075,Pune,MER098,Travel,2026-01-10 13:49:00,NetBanking,iPhone,42169.43,INR,320642.28,398,No,72,No,Pending,Low,0
TXN002696,CUST0654,Pune,MER171,Food,2026-10-02 12:06:00,Debit Card,Web,62215.03,INR,256067.62,807,Yes,43,Yes,Failed,Low,0
TXN002697,CUST0956,Hyderabad,MER088,Food,2026-01-22 14:38:00,NetBanking,Android,41790.89,INR,242167.95,595,No,61,Yes,Pending,Low,0
TXN002698,CUST0515,Pune,MER016,Travel,2026-09-16 12:17:00,Debit Card,iPhone,51892.29,INR,197847.82,816,No,68,No,Failed,High,0
TXN002699,CUST0570,Bengaluru,MER194,Bills,2026-05-18 06:36:00,UPI,iPhone,70008.69,INR,68415.16,703,No,94,Yes,Failed,Medium,0
TXN002700,CUST1144,Pune,MER279,Food,2026-03-12 06:06:00,Wallet,Web,19763.47,INR,297511.82,813,Yes,46,Yes,Pending,High,0
TXN002701,CUST0443,Bengaluru,MER127,Shopping,2026-02-12 14:04:00,Wallet,Android,70809.89,INR,69229.45,636,No,57,No,Success,High,1
TXN002702,CUST1145,Pune,MER112,Entertainment,2026-09-27 15:09:00,UPI,iPhone,68853.98,INR,98952.99,781,Yes,59,No,Success,Medium,0
TXN002703,CUST0500,Hyderabad,MER198,Shopping,2026-02-27 01:32:00,NetBanking,Web,62570.37,INR,115788.7,525,Yes,27,No,Success,High,0
TXN002704,CUST0814,Pune,MER268,Entertainment,2026-07-15 14:59:00,Debit Card,Android,27514.79,INR,91239.38,872,No,31,No,Pending,Low,0
TXN002705,CUST1002,Delhi,MER234,Shopping,2026-04-10 03:41:00,Wallet,Android,6992.55,INR,336309.16,760,No,5,No,Pending,High,0
TXN002706,CUST0940,Bengaluru,MER035,Healthcare,2026-04-23 21:05:00,Debit Card,iPhone,3008.04,INR,488354.54,644,No,58,Yes,Pending,Medium,0
TXN002707,CUST0411,Delhi,MER011,Shopping,2026-06-21 04:09:00,Credit Card,iPhone,7075.04,INR,271175.95,894,Yes,7,Yes,Failed,Low,0
TXN002708,CUST0880,Bengaluru,MER143,Travel,2026-01-12 12:58:00,Wallet,Web,52938.01,INR,456041.88,406,No,85,No,Success,High,0
TXN002709,CUST0207,Hyderabad,MER164,Healthcare,2026-06-18 10:12:00,Credit Card,Android,53923.79,INR,205679.89,615,Yes,16,Yes,Failed,High,0
TXN002710,CUST0860,Hyderabad,MER057,Travel,2026-05-21 04:29:00,Debit Card,iPhone,64428.69,INR,347425.24,862,Yes,71,Yes,Pending,Low,0
TXN002711,CUST1152,Bengaluru,MER274,Healthcare,2026-05-14 15:10:00,Credit Card,iPhone,12485.15,INR,289148.57,896,Yes,80,No,Success,High,0
TXN002712,CUST0713,Bengaluru,MER172,Shopping,2026-03-12 09:05:00,Wallet,Web,39746.52,INR,114227.95,584,Yes,59,No,Success,Low,0
TXN002713,CUST0827,Hyderabad,MER012,Bills,2026-10-27 03:04:00,UPI,iPhone,39730.33,INR,375936.64,561,No,71,Yes,Failed,High,0
TXN002714,CUST0557,Pune,MER228,Shopping,2026-05-30 09:14:00,UPI,Android,22920.82,INR,119982.41,425,Yes,94,No,Failed,Low,1
TXN002715,CUST0996,Mumbai,MER300,Bills,2026-07-10 19:15:00,Credit Card,Android,33351.08,INR,366755.25,815,No,96,No,Success,Medium,0
TXN002716,CUST0995,Bengaluru,MER077,Shopping,2026-02-11 20:04:00,NetBanking,iPhone,69296.35,INR,345137.07,720,No,81,No,Failed,Medium,0
TXN002717,CUST0946,Bengaluru,MER125,Entertainment,2026-06-26 08:00:00,UPI,Android,54962.65,INR,419914.29,630,Yes,76,Yes,Failed,High,0
TXN002718,CUST0881,Hyderabad,MER236,Food,2026-07-23 06:01:00,Debit Card,Android,53551.75,INR,357642.96,302,Yes,61,No,Success,High,1
TXN002719,CUST0324,Delhi,MER194,Food,2026-01-18 00:25:00,Debit Card,Android,1521.14,INR,101288.1,401,No,88,No,Failed,Medium,0
TXN002720,CUST0002,Hyderabad,MER057,Travel,2026-11-17 21:19:00,Wallet,Web,26422.15,INR,496448.14,779,Yes,57,No,Success,High,0
TXN002721,CUST0606,Mumbai,MER235,Travel,2026-07-27 08:06:00,NetBanking,Android,71812.23,INR,344089.51,515,Yes,63,No,Failed,Medium,1
TXN002722,CUST0898,Pune,MER074,Entertainment,2026-05-07 14:36:00,Debit Card,Android,10179.3,INR,475426.75,705,Yes,74,Yes,Failed,High,0
TXN002723,CUST0989,Mumbai,MER172,Bills,2026-01-20 17:25:00,Debit Card,iPhone,23187.37,INR,403642.54,824,Yes,84,Yes,Pending,Low,0
TXN002724,CUST0221,Delhi,MER180,Food,2026-08-30 10:27:00,Credit Card,iPhone,32699.05,INR,455232.88,543,No,4,No,Success,Low,0
TXN002725,CUST0114,Hyderabad,MER197,Bills,2026-06-08 12:49:00,Wallet,iPhone,64888.01,INR,143957.02,304,No,30,Yes,Failed,Low,1
TXN002726,CUST0844,Bengaluru,MER143,Travel,2026-05-02 22:45:00,Credit Card,Web,47048.2,INR,84165.6,812,No,10,No,Pending,High,0
TXN002727,CUST0139,Mumbai,MER266,Food,2026-12-14 04:26:00,Debit Card,iPhone,921.75,INR,112951.32,418,Yes,49,No,Pending,High,0
TXN002728,CUST0681,Delhi,MER069,Bills,2026-02-10 03:03:00,Debit Card,Android,42015.62,INR,16056.01,311,No,86,No,Failed,Low,0
TXN002729,CUST0765,Pune,MER288,Bills,2026-07-13 13:12:00,Wallet,iPhone,27325.47,INR,145357.59,429,Yes,44,No,Pending,Low,0
TXN002730,CUST0814,Bengaluru,MER078,Bills,2026-03-31 18:01:00,Debit Card,iPhone,69959.66,INR,13452.87,692,Yes,43,No,Success,Medium,1
TXN002731,CUST0915,Delhi,MER039,Healthcare,2026-03-15 02:14:00,Wallet,Web,6572.69,INR,125981.56,642,Yes,9,Yes,Failed,Low,0
TXN002732,CUST0685,Bengaluru,MER011,Entertainment,2026-01-25 01:55:00,NetBanking,iPhone,20048.52,INR,212132.1,463,Yes,26,No,Failed,Low,0
TXN002733,CUST0158,Delhi,MER077,Entertainment,2026-10-20 22:06:00,Wallet,iPhone,29765.4,INR,124882.28,444,Yes,87,No,Failed,Low,0
TXN002734,CUST0005,Pune,MER139,Healthcare,2026-09-09 13:56:00,UPI,Android,55614.82,INR,291846.57,753,Yes,79,No,Success,High,0
TXN002735,CUST0515,Mumbai,MER230,Shopping,2026-07-21 15:12:00,UPI,Android,45089.78,INR,447226.54,827,Yes,63,Yes,Success,High,0
TXN002736,CUST0663,Bengaluru,MER278,Healthcare,2026-08-10 09:00:00,UPI,iPhone,1085.09,INR,426529.08,820,Yes,70,Yes,Failed,Low,0
TXN002737,CUST0052,Delhi,MER018,Healthcare,2026-11-02 09:58:00,UPI,Web,14460.41,INR,361134.59,349,No,49,Yes,Failed,High,0
TXN002738,CUST0885,Bengaluru,MER020,Entertainment,2026-03-09 03:07:00,UPI,Android,38875.63,INR,499825.37,399,No,90,No,Pending,Medium,0
TXN002739,CUST0154,Mumbai,MER149,Bills,2026-06-13 02:50:00,Wallet,iPhone,31363.12,INR,72949.14,417,Yes,91,No,Pending,High,0
TXN002740,CUST0937,Delhi,MER261,Healthcare,2026-10-13 05:38:00,Debit Card,Web,64798.97,INR,450825.35,628,Yes,23,No,Success,High,0
TXN002741,CUST0162,Delhi,MER222,Shopping,2026-06-01 22:00:00,Debit Card,iPhone,11164.69,INR,358001.53,422,No,51,No,Failed,High,0
TXN002742,CUST0585,Bengaluru,MER177,Food,2026-04-21 09:27:00,Credit Card,Web,47386.25,INR,285335.0,705,No,84,Yes,Failed,Medium,0
TXN002743,CUST0296,Bengaluru,MER166,Travel,2026-10-17 04:45:00,Credit Card,Android,26391.19,INR,423662.92,323,No,19,No,Pending,High,0
TXN002744,CUST0382,Hyderabad,MER051,Travel,2026-09-01 18:11:00,NetBanking,iPhone,68811.09,INR,407556.88,671,No,33,No,Pending,Medium,0
TXN002745,CUST0662,Bengaluru,MER103,Healthcare,2026-03-31 08:20:00,Debit Card,Android,8910.38,INR,259521.01,677,No,82,No,Success,High,0
TXN002746,CUST0723,Bengaluru,MER280,Healthcare,2026-02-15 12:07:00,NetBanking,Android,47937.2,INR,8573.65,692,No,49,Yes,Success,Medium,0
TXN002747,CUST0291,Hyderabad,MER224,Entertainment,2026-03-01 10:20:00,Credit Card,Android,49829.52,INR,207744.72,541,Yes,23,No,Failed,Low,0
TXN002748,CUST0422,Bengaluru,MER177,Shopping,2026-08-20 02:47:00,Wallet,Web,67935.0,INR,410774.3,333,Yes,18,Yes,Success,Medium,1
TXN002749,CUST0055,Hyderabad,MER067,Healthcare,2026-04-18 20:14:00,Debit Card,Android,37295.07,INR,67626.26,695,No,35,No,Success,Medium,0
TXN002750,CUST0578,Mumbai,MER038,Food,2026-09-28 12:17:00,Credit Card,Android,50027.61,INR,474940.49,426,No,85,No,Failed,High,1
TXN002751,CUST0865,Hyderabad,MER132,Bills,2026-06-25 12:23:00,Credit Card,Android,47793.39,INR,356502.78,399,Yes,85,Yes,Failed,Low,0
TXN002752,CUST0506,Hyderabad,MER286,Travel,2026-05-24 13:16:00,UPI,Android,41356.79,INR,321563.07,757,No,92,No,Pending,Medium,0
TXN002753,CUST0579,Mumbai,MER069,Shopping,2026-03-19 02:14:00,NetBanking,Android,48333.37,INR,470646.72,432,Yes,34,Yes,Failed,Medium,0
TXN002754,CUST0934,Hyderabad,MER130,Shopping,2026-06-12 08:20:00,Debit Card,Android,35777.45,INR,83262.9,409,No,24,Yes,Success,Medium,0
TXN002755,CUST0072,Mumbai,MER194,Travel,2026-07-13 10:05:00,Credit Card,Web,39484.34,INR,413725.2,847,No,70,No,Success,Low,0
TXN002756,CUST0679,Bengaluru,MER287,Travel,2026-05-15 04:03:00,NetBanking,Web,56863.86,INR,156225.63,786,Yes,50,Yes,Pending,High,0
TXN002757,CUST0268,Pune,MER077,Shopping,2026-04-24 01:04:00,Wallet,Android,13340.81,INR,426234.84,785,No,53,No,Pending,Medium,0
TXN002758,CUST1065,Bengaluru,MER265,Bills,2026-03-20 08:52:00,Wallet,Web,39409.93,INR,459834.52,530,No,80,No,Pending,Medium,0
TXN002759,CUST0133,Pune,MER287,Shopping,2026-09-30 10:56:00,Wallet,Android,73361.09,INR,115598.53,640,Yes,12,No,Failed,Low,0
TXN002760,CUST0282,Hyderabad,MER101,Healthcare,2026-11-30 05:46:00,NetBanking,iPhone,37084.81,INR,441787.16,661,No,99,No,Pending,Medium,0
TXN002761,CUST1135,Mumbai,MER070,Food,2026-01-17 00:24:00,NetBanking,Web,42773.02,INR,322757.42,323,Yes,13,No,Success,High,0
TXN002762,CUST0810,Mumbai,MER164,Food,2026-04-28 04:01:00,Wallet,iPhone,61278.45,INR,293500.54,410,No,75,Yes,Pending,High,0
TXN002763,CUST0029,Bengaluru,MER005,Food,2026-09-17 15:47:00,Debit Card,Web,29827.44,INR,470095.42,827,No,24,No,Success,High,0
TXN002764,CUST0601,Bengaluru,MER202,Bills,2026-05-08 06:35:00,Credit Card,Web,13103.67,INR,149408.09,828,Yes,6,No,Success,Medium,0
TXN002765,CUST0680,Pune,MER093,Entertainment,2026-03-21 01:25:00,Debit Card,Android,9339.83,INR,379675.43,540,No,30,No,Failed,Medium,0
TXN002766,CUST0436,Delhi,MER067,Bills,2026-10-18 23:13:00,Debit Card,Web,50669.98,INR,427249.36,630,Yes,27,Yes,Success,Medium,0
TXN002767,CUST0526,Pune,MER241,Bills,2026-01-28 07:28:00,Credit Card,Web,53170.28,INR,15893.2,722,Yes,85,Yes,Failed,Medium,0
TXN002768,CUST0845,Bengaluru,MER255,Entertainment,2026-04-10 09:04:00,Wallet,Android,74733.73,INR,397033.7,392,No,16,Yes,Failed,Low,0
TXN002769,CUST0502,Pune,MER112,Travel,2026-05-07 19:11:00,Credit Card,iPhone,27631.56,INR,465187.39,886,No,92,Yes,Failed,Medium,0
TXN002770,CUST0778,Hyderabad,MER106,Shopping,2026-09-23 12:40:00,UPI,iPhone,39910.78,INR,484823.04,395,Yes,85,No,Success,High,0
TXN002771,CUST0945,Hyderabad,MER138,Entertainment,2026-06-01 04:03:00,UPI,Android,51649.2,INR,340252.46,390,No,79,Yes,Pending,Medium,0
TXN002772,CUST1174,Hyderabad,MER091,Bills,2026-05-02 12:18:00,Wallet,Web,50270.05,INR,149758.47,528,Yes,75,No,Success,High,1
TXN002773,CUST0822,Mumbai,MER009,Food,2026-08-26 08:47:00,Wallet,Android,45394.57,INR,195644.12,420,Yes,46,Yes,Failed,Medium,0
TXN002774,CUST0114,Delhi,MER257,Food,2026-02-02 21:58:00,Credit Card,Web,4255.35,INR,327363.92,500,No,96,Yes,Pending,Medium,0
TXN002775,CUST0335,Bengaluru,MER163,Healthcare,2026-09-30 19:28:00,NetBanking,iPhone,27379.49,INR,220892.71,780,Yes,43,No,Failed,High,0
TXN002776,CUST0076,Hyderabad,MER046,Travel,2026-09-10 10:58:00,NetBanking,Web,44462.47,INR,192706.14,398,No,38,Yes,Failed,Low,0
TXN002777,CUST0507,Mumbai,MER054,Travel,2026-02-16 20:31:00,Wallet,Web,3740.96,INR,286392.29,782,No,54,Yes,Success,Low,0
TXN002778,CUST1098,Delhi,MER039,Shopping,2026-07-01 22:38:00,Wallet,Android,18743.54,INR,346901.11,369,No,23,No,Success,High,0
TXN002779,CUST0175,Hyderabad,MER224,Entertainment,2026-11-27 07:10:00,Debit Card,iPhone,44290.89,INR,279429.53,460,Yes,29,No,Failed,Low,0
TXN002780,CUST1005,Pune,MER224,Travel,2026-01-03 02:10:00,Credit Card,Android,51816.44,INR,273922.05,481,Yes,31,No,Success,High,1
TXN002781,CUST0768,Mumbai,MER180,Healthcare,2026-08-25 06:20:00,Wallet,iPhone,64042.55,INR,242727.73,460,No,68,No,Pending,Medium,0
TXN002782,CUST0738,Delhi,MER018,Bills,2026-09-07 04:48:00,Credit Card,Web,19970.88,INR,123449.39,310,Yes,71,No,Pending,High,0
TXN002783,CUST1106,Hyderabad,MER162,Bills,2026-09-27 10:31:00,Debit Card,iPhone,3715.04,INR,375333.7,646,Yes,84,Yes,Failed,High,0
TXN002784,CUST1139,Hyderabad,MER250,Healthcare,2026-06-29 01:36:00,Debit Card,iPhone,810.1,INR,250274.59,381,Yes,58,No,Failed,Low,1
TXN002785,CUST0677,Mumbai,MER113,Travel,2026-04-20 08:29:00,Wallet,iPhone,62259.11,INR,138974.59,887,No,30,Yes,Failed,High,0
TXN002786,CUST0882,Mumbai,MER258,Food,2026-08-13 07:50:00,UPI,iPhone,67064.47,INR,1258.75,523,No,38,Yes,Pending,High,1
TXN002787,CUST0642,Pune,MER166,Travel,2026-02-11 23:32:00,NetBanking,iPhone,37415.28,INR,5327.9,303,No,61,Yes,Failed,Low,0
TXN002788,CUST1155,Hyderabad,MER084,Healthcare,2026-01-28 16:24:00,Debit Card,iPhone,46831.04,INR,474788.19,798,No,31,No,Failed,Low,0
TXN002789,CUST0650,Bengaluru,MER059,Healthcare,2026-07-22 16:04:00,UPI,iPhone,42919.09,INR,375936.54,796,Yes,50,No,Failed,Low,0
TXN002790,CUST1080,Delhi,MER269,Bills,2026-10-21 13:01:00,Debit Card,Web,46057.54,INR,374006.48,654,No,58,Yes,Success,Low,0
TXN002791,CUST0538,Delhi,MER200,Food,2026-12-01 12:45:00,Wallet,Android,59988.19,INR,422283.23,627,Yes,44,No,Failed,Medium,0
TXN002792,CUST0899,Mumbai,MER041,Travel,2026-03-22 22:08:00,NetBanking,iPhone,35765.27,INR,258091.43,755,No,50,Yes,Pending,Low,0
TXN002793,CUST0961,Delhi,MER192,Bills,2026-08-04 18:27:00,NetBanking,Android,69584.42,INR,64289.62,491,Yes,82,Yes,Success,Medium,0
TXN002794,CUST0719,Pune,MER225,Travel,2026-05-19 06:36:00,Debit Card,Web,44197.8,INR,182795.91,333,No,94,Yes,Pending,Low,0
TXN002795,CUST0595,Hyderabad,MER065,Entertainment,2026-09-27 04:50:00,Wallet,Android,20808.14,INR,490357.1,492,Yes,32,Yes,Failed,Medium,0
TXN002796,CUST0399,Delhi,MER242,Shopping,2026-12-06 14:04:00,NetBanking,Web,17771.18,INR,271309.41,884,No,21,Yes,Pending,High,0
TXN002797,CUST0001,Bengaluru,MER251,Healthcare,2026-06-27 23:09:00,Debit Card,Web,9020.47,INR,235874.03,865,Yes,100,No,Success,Medium,0
TXN002798,CUST0961,Hyderabad,MER113,Healthcare,2026-08-22 11:07:00,NetBanking,Web,63898.42,INR,124382.3,747,No,53,Yes,Pending,Medium,0
TXN002799,CUST1031,Delhi,MER172,Food,2026-10-15 23:32:00,UPI,Web,49307.85,INR,321650.57,584,No,85,Yes,Failed,High,0
TXN002800,CUST0056,Pune,MER009,Bills,2026-08-11 21:04:00,Credit Card,Web,10554.41,INR,91801.19,451,No,46,Yes,Failed,High,0
TXN002801,CUST0487,Pune,MER171,Healthcare,2026-04-21 18:55:00,UPI,Web,11892.23,INR,176263.14,811,Yes,9,No,Failed,Medium,0
TXN002802,CUST0906,Mumbai,MER143,Entertainment,2026-04-25 22:54:00,NetBanking,Android,15263.19,INR,358622.22,866,No,86,Yes,Pending,High,0
TXN002803,CUST0675,Delhi,MER103,Entertainment,2026-07-20 11:23:00,UPI,iPhone,37571.05,INR,98702.51,701,No,80,No,Success,Medium,1
TXN002804,CUST0760,Pune,MER233,Entertainment,2026-09-12 05:05:00,UPI,iPhone,39127.6,INR,41953.55,494,Yes,53,No,Failed,Low,0
TXN002805,CUST0219,Delhi,MER199,Healthcare,2026-03-30 05:31:00,NetBanking,iPhone,4880.64,INR,390912.35,487,No,67,No,Success,Medium,0
TXN002806,CUST0319,Pune,MER148,Entertainment,2026-07-28 19:21:00,Credit Card,iPhone,42695.79,INR,43151.09,784,Yes,62,Yes,Success,Medium,0
TXN002807,CUST1084,Delhi,MER272,Travel,2026-01-13 03:19:00,Wallet,Web,51642.97,INR,131141.31,813,Yes,55,Yes,Failed,Medium,0
TXN002808,CUST0872,Delhi,MER212,Food,2026-12-07 04:06:00,Wallet,iPhone,12158.0,INR,240893.66,658,No,58,Yes,Pending,Medium,0
TXN002809,CUST0653,Hyderabad,MER247,Entertainment,2026-02-17 15:17:00,Debit Card,Android,21809.99,INR,147538.38,483,No,89,Yes,Success,High,0
TXN002810,CUST0667,Bengaluru,MER230,Travel,2026-03-18 21:45:00,Debit Card,iPhone,40552.65,INR,252421.49,668,No,81,Yes,Success,High,0
TXN002811,CUST0234,Pune,MER147,Food,2026-05-15 15:47:00,UPI,iPhone,1615.59,INR,367836.04,610,Yes,15,No,Failed,Low,0
TXN002812,CUST0235,Pune,MER176,Entertainment,2026-05-14 12:29:00,Wallet,iPhone,39234.31,INR,45576.91,591,Yes,91,No,Failed,High,0
TXN002813,CUST0085,Delhi,MER172,Healthcare,2026-04-20 13:02:00,UPI,Web,49087.27,INR,277311.68,441,Yes,81,No,Success,Medium,0
TXN002814,CUST0788,Delhi,MER158,Healthcare,2026-03-30 02:35:00,Debit Card,iPhone,65563.05,INR,324913.06,818,Yes,87,Yes,Pending,Medium,0
TXN002815,CUST0600,Hyderabad,MER072,Travel,2026-04-21 19:53:00,Debit Card,iPhone,15853.21,INR,385836.51,399,No,5,Yes,Success,Medium,0
TXN002816,CUST0608,Mumbai,MER134,Shopping,2026-08-24 12:43:00,NetBanking,Web,4865.32,INR,415071.09,716,No,90,Yes,Pending,High,0
TXN002817,CUST0072,Delhi,MER183,Travel,2026-08-04 10:20:00,NetBanking,Android,2660.64,INR,137339.38,863,No,64,Yes,Failed,Low,0
TXN002818,CUST0772,Pune,MER225,Food,2026-07-25 13:48:00,NetBanking,Web,22633.3,INR,472665.27,515,Yes,64,Yes,Pending,High,0
TXN002819,CUST1093,Bengaluru,MER053,Travel,2026-11-22 05:55:00,UPI,Android,72646.04,INR,429107.41,858,No,49,Yes,Pending,Low,0
TXN002820,CUST0208,Hyderabad,MER130,Shopping,2026-04-06 01:36:00,Wallet,iPhone,41222.7,INR,497668.68,678,No,30,Yes,Success,Medium,0
TXN002821,CUST0904,Hyderabad,MER257,Bills,2026-05-24 16:36:00,Credit Card,Android,16443.31,INR,393529.43,898,No,64,No,Failed,Medium,0
TXN002822,CUST1156,Bengaluru,MER232,Food,2026-06-19 18:07:00,Credit Card,Web,27302.22,INR,111014.97,644,No,13,No,Success,Medium,0
TXN002823,CUST0169,Delhi,MER130,Bills,2026-02-01 21:08:00,Wallet,iPhone,12953.27,INR,19409.05,571,No,99,Yes,Failed,Low,0
TXN002824,CUST0707,Bengaluru,MER074,Healthcare,2026-11-25 17:53:00,Wallet,Web,32271.92,INR,298438.56,677,No,12,Yes,Success,High,0
TXN002825,CUST1037,Hyderabad,MER220,Travel,2026-01-08 14:47:00,NetBanking,Android,61338.73,INR,405481.68,496,No,32,No,Failed,High,0
TXN002826,CUST0974,Hyderabad,MER002,Entertainment,2026-10-19 20:54:00,Wallet,iPhone,12375.29,INR,330288.0,423,No,56,No,Failed,Low,0
TXN002827,CUST0722,Mumbai,MER145,Travel,2026-04-29 12:41:00,Debit Card,iPhone,59760.88,INR,193308.3,870,Yes,19,No,Pending,Low,0
TXN002828,CUST0524,Pune,MER185,Shopping,2026-01-27 08:35:00,UPI,Web,62337.52,INR,333839.61,579,Yes,81,No,Success,Medium,1
TXN002829,CUST1109,Bengaluru,MER032,Healthcare,2026-11-26 09:43:00,Debit Card,Web,25458.35,INR,438530.45,476,Yes,57,Yes,Failed,Low,0
TXN002830,CUST0629,Pune,MER095,Entertainment,2026-08-14 02:48:00,Credit Card,iPhone,11364.25,INR,265219.46,407,Yes,20,No,Failed,Low,0
TXN002831,CUST0839,Mumbai,MER230,Bills,2026-11-30 11:10:00,Wallet,iPhone,33858.62,INR,146418.78,643,Yes,75,No,Failed,High,0
TXN002832,CUST0603,Bengaluru,MER078,Healthcare,2026-04-16 09:56:00,Debit Card,Web,72715.47,INR,305676.85,374,Yes,54,No,Failed,High,0
TXN002833,CUST0826,Hyderabad,MER259,Shopping,2026-09-16 06:06:00,NetBanking,Android,66364.23,INR,455002.58,638,Yes,52,No,Failed,High,1
TXN002834,CUST0066,Mumbai,MER039,Bills,2026-02-14 22:39:00,Credit Card,Android,37614.67,INR,242348.04,315,No,32,No,Success,Low,0
TXN002835,CUST0388,Mumbai,MER053,Entertainment,2026-04-27 02:34:00,UPI,Web,41602.27,INR,8846.36,707,No,36,Yes,Success,Low,0
TXN002836,CUST0245,Bengaluru,MER114,Healthcare,2026-07-12 10:09:00,NetBanking,Web,31764.63,INR,436804.0,498,Yes,15,No,Failed,High,0
TXN002837,CUST0194,Delhi,MER249,Travel,2026-04-05 16:42:00,UPI,iPhone,67059.18,INR,290321.22,386,Yes,87,No,Failed,Low,0
TXN002838,CUST0483,Hyderabad,MER181,Food,2026-04-16 11:28:00,Wallet,Android,37518.1,INR,475336.68,720,Yes,19,No,Failed,High,0
TXN002839,CUST0690,Pune,MER282,Entertainment,2026-02-23 07:24:00,Wallet,Web,47939.53,INR,50550.4,550,No,6,No,Success,Low,0
TXN002840,CUST0159,Delhi,MER246,Healthcare,2026-11-21 01:00:00,NetBanking,iPhone,4544.71,INR,461691.43,318,No,18,Yes,Success,High,0
TXN002841,CUST0866,Bengaluru,MER203,Bills,2026-12-06 14:44:00,Debit Card,Android,74912.44,INR,490329.29,519,No,71,Yes,Failed,High,0
TXN002842,CUST0596,Pune,MER227,Travel,2026-06-21 12:02:00,Credit Card,Android,69750.56,INR,263201.73,764,Yes,36,Yes,Pending,Low,0
TXN002843,CUST0318,Pune,MER027,Shopping,2026-11-04 20:15:00,Wallet,Android,14641.92,INR,199504.21,340,No,1,Yes,Pending,Medium,1
TXN002844,CUST0669,Hyderabad,MER268,Entertainment,2026-07-14 12:26:00,NetBanking,Web,36942.98,INR,86720.05,536,Yes,60,Yes,Pending,Low,0
TXN002845,CUST0425,Mumbai,MER070,Healthcare,2026-06-15 02:51:00,Credit Card,iPhone,66734.05,INR,128705.18,414,No,76,Yes,Pending,High,0
TXN002846,CUST0754,Delhi,MER121,Entertainment,2026-02-01 01:30:00,NetBanking,Web,71305.37,INR,201507.38,618,No,77,No,Failed,High,0
TXN002847,CUST1176,Mumbai,MER139,Bills,2026-03-20 21:25:00,Wallet,iPhone,3927.36,INR,493508.0,835,Yes,62,No,Failed,High,0
TXN002848,CUST0574,Delhi,MER279,Travel,2026-07-16 11:38:00,Wallet,iPhone,48724.57,INR,20307.54,811,No,5,Yes,Pending,Low,0
TXN002849,CUST0195,Pune,MER117,Shopping,2026-08-02 22:10:00,NetBanking,Android,8685.4,INR,142093.74,514,Yes,15,No,Pending,Medium,0
TXN002850,CUST0237,Pune,MER043,Shopping,2026-05-28 17:06:00,UPI,Android,43559.87,INR,443441.23,504,Yes,42,Yes,Success,Medium,0
TXN002851,CUST0785,Pune,MER291,Travel,2026-01-29 03:07:00,Wallet,Web,12495.25,INR,138887.45,695,No,30,Yes,Success,Medium,0
TXN002852,CUST1126,Mumbai,MER098,Food,2026-01-03 20:10:00,UPI,iPhone,7104.93,INR,43771.84,759,Yes,78,No,Failed,Medium,0
TXN002853,CUST0685,Pune,MER294,Shopping,2026-01-11 12:01:00,NetBanking,Android,69094.62,INR,299410.36,311,Yes,97,No,Failed,Medium,1
TXN002854,CUST0734,Mumbai,MER214,Travel,2026-05-13 19:41:00,NetBanking,iPhone,59848.4,INR,44427.11,742,Yes,47,Yes,Failed,Low,1
TXN002855,CUST0308,Mumbai,MER270,Bills,2026-06-24 09:00:00,UPI,Android,18000.81,INR,199029.36,634,No,3,Yes,Failed,High,0
TXN002856,CUST0913,Hyderabad,MER228,Shopping,2026-01-30 13:07:00,Debit Card,Web,12587.37,INR,22878.57,782,Yes,64,No,Success,Low,0
TXN002857,CUST1011,Delhi,MER084,Bills,2026-02-14 10:14:00,Debit Card,Web,9655.31,INR,232830.34,835,Yes,52,Yes,Success,Medium,0
TXN002858,CUST0233,Pune,MER035,Shopping,2026-03-01 03:47:00,Debit Card,Android,72810.92,INR,79449.8,812,No,47,No,Failed,Medium,1
TXN002859,CUST0418,Hyderabad,MER039,Entertainment,2026-06-21 02:35:00,Debit Card,Android,16278.18,INR,287108.82,300,No,52,No,Failed,Medium,0
TXN002860,CUST0975,Pune,MER099,Shopping,2026-01-03 17:00:00,UPI,Web,49105.96,INR,490256.86,392,No,52,Yes,Failed,Low,0
TXN002861,CUST0076,Pune,MER054,Entertainment,2026-02-15 18:34:00,Wallet,Android,29033.7,INR,266596.64,392,Yes,59,Yes,Success,Low,0
TXN002862,CUST0865,Delhi,MER007,Food,2026-01-24 04:11:00,NetBanking,Android,72361.44,INR,333186.21,624,No,17,No,Pending,Low,0
TXN002863,CUST0305,Delhi,MER039,Food,2026-06-03 08:01:00,Debit Card,Android,53226.38,INR,136346.07,476,No,85,Yes,Success,Medium,0
TXN002864,CUST0811,Hyderabad,MER074,Shopping,2026-11-28 03:58:00,NetBanking,Android,65892.51,INR,64337.82,363,No,38,Yes,Pending,Low,0
TXN002865,CUST0820,Pune,MER115,Healthcare,2026-10-21 16:59:00,NetBanking,iPhone,59748.65,INR,49800.41,646,Yes,31,No,Pending,Medium,0
TXN002866,CUST1015,Delhi,MER218,Shopping,2026-04-29 05:43:00,Credit Card,Android,29330.47,INR,50176.21,743,No,75,No,Success,Medium,0
TXN002867,CUST0590,Pune,MER050,Entertainment,2026-11-17 23:59:00,Credit Card,iPhone,2549.28,INR,490219.47,406,Yes,83,No,Pending,Medium,0
TXN002868,CUST0025,Hyderabad,MER279,Healthcare,2026-11-05 16:26:00,UPI,Web,55717.4,INR,242281.77,738,No,58,No,Success,Low,0
TXN002869,CUST0466,Pune,MER141,Food,2026-09-11 05:22:00,Debit Card,Web,41815.96,INR,429474.36,584,No,63,No,Failed,Low,0
TXN002870,CUST0761,Bengaluru,MER241,Travel,2026-06-07 07:02:00,NetBanking,iPhone,17874.08,INR,18179.73,736,No,20,No,Success,Low,0
TXN002871,CUST0991,Delhi,MER025,Shopping,2026-01-02 11:48:00,NetBanking,Android,49938.76,INR,237410.37,384,Yes,67,No,Pending,Medium,0
TXN002872,CUST0551,Pune,MER184,Travel,2026-07-25 14:04:00,UPI,iPhone,41784.52,INR,362405.58,662,Yes,77,No,Failed,High,0
TXN002873,CUST0547,Hyderabad,MER079,Bills,2026-05-25 23:42:00,NetBanking,Android,11504.02,INR,198967.37,510,Yes,37,Yes,Failed,High,0
TXN002874,CUST0552,Pune,MER196,Travel,2026-09-27 07:21:00,Wallet,Web,7131.8,INR,323394.33,326,Yes,51,Yes,Success,Low,0
TXN002875,CUST0242,Hyderabad,MER299,Shopping,2026-08-08 10:15:00,Credit Card,Web,11273.98,INR,75111.51,464,Yes,31,Yes,Success,Medium,0
TXN002876,CUST0710,Pune,MER110,Healthcare,2026-11-06 22:52:00,Debit Card,iPhone,29275.28,INR,62519.91,479,No,90,Yes,Failed,Low,0
TXN002877,CUST1018,Hyderabad,MER097,Travel,2026-03-15 09:10:00,Debit Card,Web,14227.18,INR,246456.99,801,No,24,Yes,Pending,Medium,0
TXN002878,CUST0518,Mumbai,MER018,Bills,2026-08-05 05:44:00,Credit Card,iPhone,54187.75,INR,131191.1,678,No,9,No,Success,Medium,1
TXN002879,CUST0675,Bengaluru,MER070,Entertainment,2026-11-05 08:27:00,Debit Card,Android,3800.06,INR,476209.18,302,No,46,No,Failed,High,0
TXN002880,CUST0605,Mumbai,MER251,Travel,2026-06-17 14:26:00,NetBanking,iPhone,60058.48,INR,227461.93,527,Yes,55,Yes,Success,High,0
TXN002881,CUST0213,Pune,MER038,Travel,2026-08-27 16:44:00,Credit Card,Android,11161.14,INR,54345.46,786,No,25,No,Pending,Low,0
TXN002882,CUST1182,Delhi,MER269,Shopping,2026-09-17 00:53:00,UPI,Android,13375.44,INR,106353.47,429,Yes,30,Yes,Success,High,0
TXN002883,CUST0659,Hyderabad,MER031,Entertainment,2026-07-29 12:58:00,Debit Card,Android,36317.51,INR,292798.57,407,Yes,62,Yes,Pending,Medium,0
TXN002884,CUST1064,Mumbai,MER246,Healthcare,2026-03-03 16:43:00,UPI,Android,42148.03,INR,474981.09,414,No,95,Yes,Success,Medium,0
TXN002885,CUST0429,Hyderabad,MER035,Shopping,2026-02-08 20:26:00,NetBanking,Android,48719.68,INR,38182.01,759,No,35,Yes,Pending,Low,0
TXN002886,CUST0897,Mumbai,MER279,Food,2026-02-04 20:23:00,Credit Card,Android,14816.73,INR,223248.29,556,No,51,Yes,Failed,Medium,0
TXN002887,CUST1000,Pune,MER008,Shopping,2026-11-29 16:39:00,Credit Card,iPhone,23500.71,INR,161632.81,819,Yes,27,No,Pending,High,0
TXN002888,CUST1047,Pune,MER285,Travel,2026-07-25 13:59:00,Credit Card,Web,7601.81,INR,496223.77,359,Yes,94,No,Failed,Medium,0
TXN002889,CUST0340,Delhi,MER264,Bills,2026-09-26 02:04:00,Debit Card,Android,44375.12,INR,232783.81,680,No,99,No,Success,Medium,0
TXN002890,CUST0069,Hyderabad,MER009,Bills,2026-05-30 15:04:00,Wallet,Web,66321.21,INR,445959.18,362,No,28,Yes,Success,Low,0
TXN002891,CUST0883,Pune,MER054,Healthcare,2026-05-02 00:27:00,Debit Card,Web,42988.84,INR,110889.07,550,No,27,Yes,Success,Medium,0
TXN002892,CUST1010,Bengaluru,MER040,Bills,2026-01-04 01:35:00,Credit Card,iPhone,51394.71,INR,286546.0,516,Yes,54,Yes,Pending,High,1
TXN002893,CUST0030,Delhi,MER190,Healthcare,2026-02-17 04:22:00,UPI,iPhone,10301.74,INR,72796.34,398,No,24,No,Failed,High,0
TXN002894,CUST1145,Delhi,MER245,Travel,2026-02-23 16:16:00,Debit Card,iPhone,22406.69,INR,31249.31,734,No,18,Yes,Failed,High,0
TXN002895,CUST0904,Bengaluru,MER062,Travel,2026-01-09 19:42:00,Wallet,Android,66835.22,INR,453356.12,335,No,62,Yes,Success,Medium,0
TXN002896,CUST1101,Pune,MER292,Healthcare,2026-10-02 08:26:00,Wallet,Web,52155.35,INR,429989.86,569,No,42,No,Failed,High,1
TXN002897,CUST1104,Pune,MER229,Shopping,2026-04-18 04:42:00,Credit Card,Android,33513.44,INR,484896.72,566,Yes,82,No,Success,Medium,0
TXN002898,CUST0575,Pune,MER289,Travel,2026-01-18 15:49:00,UPI,Web,69244.59,INR,197385.69,810,No,77,Yes,Success,Low,0
TXN002899,CUST0161,Delhi,MER018,Shopping,2026-09-26 14:21:00,NetBanking,Android,5385.14,INR,194411.67,790,Yes,74,Yes,Failed,Medium,0
TXN002900,CUST0012,Pune,MER007,Food,2026-11-20 20:13:00,Debit Card,Android,71508.41,INR,12226.79,722,No,46,No,Pending,Medium,0
TXN002901,CUST0606,Bengaluru,MER226,Shopping,2026-03-04 00:56:00,Debit Card,iPhone,28890.6,INR,10444.41,864,Yes,37,No,Failed,Low,0
TXN002902,CUST0171,Mumbai,MER272,Food,2026-09-11 15:41:00,Wallet,Web,23732.86,INR,166369.42,381,Yes,65,Yes,Success,High,0
TXN002903,CUST0363,Delhi,MER031,Healthcare,2026-09-03 18:33:00,UPI,iPhone,66936.0,INR,283505.93,323,No,31,Yes,Failed,Low,0
TXN002904,CUST0145,Hyderabad,MER132,Food,2026-08-19 02:05:00,Wallet,Web,32950.65,INR,137986.87,795,No,25,Yes,Pending,Low,0
TXN002905,CUST0321,Mumbai,MER063,Healthcare,2026-06-16 23:00:00,Wallet,iPhone,51814.78,INR,29897.46,670,No,49,Yes,Failed,High,0
TXN002906,CUST0778,Bengaluru,MER215,Shopping,2026-05-14 01:33:00,NetBanking,Web,19063.38,INR,451379.26,484,No,88,No,Success,High,0
TXN002907,CUST0138,Pune,MER124,Bills,2026-08-19 08:44:00,Credit Card,iPhone,40677.33,INR,470921.36,585,No,92,Yes,Pending,Medium,0
TXN002908,CUST1177,Pune,MER137,Shopping,2026-07-13 01:35:00,NetBanking,iPhone,56117.5,INR,10987.56,305,No,50,No,Pending,Medium,1
TXN002909,CUST1188,Mumbai,MER149,Healthcare,2026-09-27 22:53:00,NetBanking,iPhone,67280.1,INR,280514.79,788,Yes,62,No,Pending,High,1
TXN002910,CUST1172,Hyderabad,MER106,Bills,2026-07-13 09:05:00,UPI,iPhone,50524.53,INR,124867.49,451,No,15,Yes,Pending,Medium,0
TXN002911,CUST1103,Bengaluru,MER229,Shopping,2026-06-10 18:14:00,Wallet,iPhone,9214.0,INR,216832.75,709,Yes,89,Yes,Pending,Low,0
TXN002912,CUST0336,Hyderabad,MER130,Travel,2026-05-05 16:54:00,NetBanking,Web,45112.09,INR,324672.99,515,Yes,58,No,Pending,Medium,0
TXN002913,CUST0728,Hyderabad,MER230,Shopping,2026-07-29 09:50:00,UPI,Android,63412.71,INR,314547.01,746,Yes,94,No,Failed,Low,0
TXN002914,CUST0913,Hyderabad,MER247,Food,2026-04-09 22:04:00,UPI,iPhone,49624.81,INR,402674.46,779,Yes,18,No,Pending,Low,0
TXN002915,CUST0525,Bengaluru,MER145,Food,2026-08-21 23:31:00,NetBanking,Web,52296.96,INR,311870.22,851,No,59,No,Success,Medium,0
TXN002916,CUST1005,Delhi,MER137,Entertainment,2026-07-20 02:15:00,Debit Card,iPhone,29220.41,INR,168979.43,644,No,50,No,Success,Low,0
TXN002917,CUST0007,Delhi,MER014,Healthcare,2026-11-24 03:11:00,Debit Card,Android,62109.1,INR,390393.13,760,Yes,61,No,Success,High,0
TXN002918,CUST0293,Hyderabad,MER200,Healthcare,2026-04-30 01:14:00,NetBanking,Web,46884.57,INR,249491.81,868,No,21,No,Failed,Low,0
TXN002919,CUST1107,Pune,MER096,Bills,2026-06-08 10:39:00,Debit Card,iPhone,17621.95,INR,270937.74,592,Yes,89,No,Success,Low,0
TXN002920,CUST0211,Hyderabad,MER182,Travel,2026-06-24 02:33:00,Wallet,iPhone,72038.71,INR,340700.83,562,Yes,36,No,Success,Medium,0
TXN002921,CUST0229,Hyderabad,MER099,Entertainment,2026-06-05 22:46:00,NetBanking,iPhone,74531.4,INR,11831.73,782,Yes,44,Yes,Failed,Low,0
TXN002922,CUST0715,Hyderabad,MER244,Healthcare,2026-01-23 13:34:00,Wallet,Web,7451.16,INR,255302.75,513,Yes,62,Yes,Success,High,0
TXN002923,CUST0631,Bengaluru,MER010,Travel,2026-03-17 21:54:00,Wallet,iPhone,4767.15,INR,116617.5,742,Yes,98,No,Pending,Medium,0
TXN002924,CUST0777,Bengaluru,MER181,Healthcare,2026-08-12 05:59:00,UPI,Android,7343.23,INR,322785.83,478,No,54,No,Success,Low,1
TXN002925,CUST0319,Bengaluru,MER237,Healthcare,2026-11-26 17:57:00,UPI,iPhone,5131.49,INR,217888.27,665,No,13,Yes,Pending,Low,0
TXN002926,CUST0473,Bengaluru,MER031,Shopping,2026-08-08 10:48:00,Wallet,iPhone,2081.55,INR,340308.1,893,No,20,Yes,Pending,Medium,0
TXN002927,CUST0987,Delhi,MER147,Travel,2026-07-12 22:20:00,NetBanking,iPhone,62035.36,INR,193068.73,785,No,31,No,Pending,High,0
TXN002928,CUST0499,Pune,MER092,Bills,2026-06-22 21:43:00,Credit Card,Web,47251.2,INR,396652.1,764,Yes,10,No,Success,Medium,0
TXN002929,CUST0722,Mumbai,MER081,Bills,2026-06-11 11:29:00,NetBanking,Web,3512.79,INR,73699.25,612,Yes,89,No,Success,Medium,0
TXN002930,CUST0999,Bengaluru,MER124,Entertainment,2026-07-05 18:11:00,NetBanking,Web,71563.61,INR,416225.04,381,Yes,68,No,Failed,Low,0
TXN002931,CUST1020,Bengaluru,MER197,Healthcare,2026-01-31 09:19:00,UPI,iPhone,37991.78,INR,9987.99,688,Yes,77,No,Pending,Medium,0
TXN002932,CUST0577,Pune,MER163,Bills,2026-03-22 05:53:00,UPI,Web,23525.93,INR,257382.48,444,Yes,37,Yes,Failed,Low,0
TXN002933,CUST0210,Bengaluru,MER036,Travel,2026-08-05 16:25:00,Debit Card,Android,52833.31,INR,393569.93,554,No,8,Yes,Failed,Medium,1
TXN002934,CUST0597,Bengaluru,MER203,Travel,2026-10-19 09:41:00,Debit Card,iPhone,32846.45,INR,15952.14,896,Yes,48,Yes,Success,High,0
TXN002935,CUST0663,Bengaluru,MER155,Shopping,2026-05-25 01:23:00,Wallet,Android,5977.91,INR,477241.55,393,Yes,62,Yes,Pending,Low,0
TXN002936,CUST0945,Delhi,MER291,Travel,2026-02-03 14:18:00,Wallet,iPhone,54297.98,INR,208011.58,328,No,30,Yes,Success,Low,0
TXN002937,CUST0912,Mumbai,MER233,Travel,2026-03-27 22:37:00,NetBanking,iPhone,52929.13,INR,405831.15,345,Yes,1,Yes,Pending,Medium,0
TXN002938,CUST0158,Bengaluru,MER081,Travel,2026-12-12 15:04:00,Debit Card,Android,42434.74,INR,491429.93,725,Yes,27,No,Failed,Medium,0
TXN002939,CUST0109,Mumbai,MER161,Food,2026-12-12 22:13:00,Debit Card,Android,63488.76,INR,171354.35,342,No,61,Yes,Success,High,0
TXN002940,CUST0067,Delhi,MER174,Food,2026-01-31 04:26:00,Debit Card,Web,53347.29,INR,121969.25,371,Yes,74,No,Pending,High,1
TXN002941,CUST0310,Hyderabad,MER208,Healthcare,2026-10-12 03:45:00,Credit Card,Web,30495.21,INR,431341.22,806,No,78,No,Failed,Low,0
TXN002942,CUST1029,Delhi,MER193,Travel,2026-04-26 08:27:00,Wallet,iPhone,63554.03,INR,5106.73,579,Yes,23,No,Failed,Medium,1
TXN002943,CUST1025,Hyderabad,MER057,Entertainment,2026-10-04 17:41:00,Wallet,iPhone,56788.99,INR,426514.11,408,Yes,64,No,Success,Low,0
TXN002944,CUST0199,Hyderabad,MER029,Shopping,2026-07-22 13:21:00,UPI,Android,22522.2,INR,284193.63,638,No,63,Yes,Pending,Low,0
TXN002945,CUST0782,Delhi,MER024,Shopping,2026-04-09 14:33:00,Debit Card,Android,30123.98,INR,451251.96,585,Yes,80,No,Success,High,0
TXN002946,CUST0039,Bengaluru,MER276,Food,2026-09-12 20:29:00,Debit Card,Android,30342.25,INR,33333.98,426,Yes,57,No,Success,Medium,0
TXN002947,CUST0910,Pune,MER151,Travel,2026-04-03 18:21:00,UPI,iPhone,38248.39,INR,363083.94,817,Yes,38,Yes,Success,Medium,0
TXN002948,CUST0022,Pune,MER220,Healthcare,2026-01-29 07:54:00,Debit Card,Android,73189.28,INR,213541.95,890,No,20,Yes,Pending,High,0
TXN002949,CUST0842,Pune,MER025,Shopping,2026-04-02 14:17:00,UPI,iPhone,48798.77,INR,391930.65,630,Yes,4,No,Failed,Low,0
TXN002950,CUST0937,Delhi,MER057,Entertainment,2026-09-28 08:50:00,NetBanking,Android,6042.98,INR,3716.71,759,No,71,No,Success,High,0
TXN002951,CUST0936,Hyderabad,MER053,Healthcare,2026-08-16 14:29:00,Wallet,iPhone,21310.45,INR,241627.11,346,No,55,No,Success,High,0
TXN002952,CUST0363,Bengaluru,MER120,Shopping,2026-08-02 10:14:00,UPI,iPhone,6943.63,INR,103445.52,454,Yes,47,Yes,Failed,Low,0
TXN002953,CUST0402,Hyderabad,MER238,Shopping,2026-10-13 20:42:00,UPI,Web,55904.24,INR,339257.28,404,Yes,88,Yes,Failed,High,0
TXN002954,CUST0587,Hyderabad,MER201,Healthcare,2026-09-25 10:17:00,NetBanking,Web,43808.12,INR,15599.05,480,Yes,44,No,Success,Low,0
TXN002955,CUST0030,Bengaluru,MER277,Food,2026-02-24 03:33:00,Debit Card,iPhone,39918.13,INR,412077.46,339,Yes,52,Yes,Pending,Low,0
TXN002956,CUST0128,Mumbai,MER191,Shopping,2026-08-14 09:23:00,Debit Card,Web,55147.12,INR,53698.84,426,No,57,No,Success,Medium,0
TXN002957,CUST1173,Hyderabad,MER178,Healthcare,2026-11-09 23:45:00,Wallet,Web,52902.04,INR,97238.3,355,Yes,100,No,Success,Medium,1
TXN002958,CUST0296,Pune,MER076,Travel,2026-04-29 18:36:00,Debit Card,iPhone,38517.15,INR,23954.29,862,Yes,50,No,Success,High,0
TXN002959,CUST0949,Mumbai,MER287,Bills,2026-11-28 19:36:00,UPI,Web,32950.72,INR,457469.02,594,Yes,97,Yes,Success,High,0
TXN002960,CUST1106,Delhi,MER264,Shopping,2026-03-29 16:33:00,NetBanking,Android,354.85,INR,477373.1,305,No,56,Yes,Success,High,0
TXN002961,CUST0003,Bengaluru,MER255,Food,2026-05-20 17:48:00,Debit Card,Web,60898.41,INR,431239.26,550,No,48,Yes,Failed,Medium,0
TXN002962,CUST0105,Delhi,MER284,Travel,2026-01-22 00:03:00,Debit Card,iPhone,35071.54,INR,8363.35,800,Yes,21,No,Failed,Medium,0
TXN002963,CUST0009,Pune,MER165,Entertainment,2026-10-17 11:28:00,UPI,Android,27637.26,INR,447616.58,858,No,63,No,Failed,Medium,0
TXN002964,CUST0001,Bengaluru,MER145,Travel,2026-06-26 11:30:00,Debit Card,Android,15747.13,INR,192021.65,822,Yes,65,No,Success,Medium,0
TXN002965,CUST0377,Pune,MER190,Entertainment,2026-02-20 23:38:00,NetBanking,iPhone,12301.46,INR,37410.09,678,Yes,15,Yes,Failed,Low,0
TXN002966,CUST0897,Bengaluru,MER262,Bills,2026-09-02 20:16:00,Debit Card,Android,18981.84,INR,360057.4,425,Yes,80,Yes,Pending,High,0
TXN002967,CUST0735,Pune,MER149,Food,2026-02-16 07:16:00,UPI,Web,20057.15,INR,468224.41,303,No,34,Yes,Failed,High,0
TXN002968,CUST0877,Bengaluru,MER109,Travel,2026-10-20 01:53:00,Credit Card,iPhone,73306.62,INR,204175.75,448,No,72,No,Failed,Low,1
TXN002969,CUST0416,Pune,MER291,Travel,2026-09-03 12:52:00,Debit Card,Android,38329.41,INR,425534.76,349,No,7,No,Failed,Low,0
TXN002970,CUST0166,Mumbai,MER155,Food,2026-03-16 02:57:00,Wallet,Android,30871.85,INR,305262.24,604,Yes,18,No,Pending,Low,0
TXN002971,CUST0798,Bengaluru,MER148,Travel,2026-06-06 19:19:00,Debit Card,Android,42570.57,INR,483992.62,658,Yes,11,No,Pending,Medium,0
TXN002972,CUST0764,Hyderabad,MER283,Food,2026-05-15 01:01:00,UPI,Web,51979.92,INR,292246.0,411,No,49,Yes,Pending,Low,0
TXN002973,CUST1186,Hyderabad,MER211,Travel,2026-03-29 07:52:00,UPI,Android,40067.55,INR,100039.28,587,Yes,27,Yes,Success,High,0
TXN002974,CUST0491,Pune,MER292,Bills,2026-01-02 11:32:00,Credit Card,iPhone,38870.62,INR,14520.25,457,No,3,No,Success,Low,0
TXN002975,CUST1119,Hyderabad,MER195,Bills,2026-07-07 12:59:00,Debit Card,iPhone,58370.35,INR,21012.17,811,Yes,50,Yes,Pending,Low,1
TXN002976,CUST1037,Bengaluru,MER215,Bills,2026-03-15 17:47:00,Wallet,Web,34818.88,INR,15442.83,510,No,25,Yes,Pending,High,0
TXN002977,CUST0389,Pune,MER289,Bills,2026-01-11 18:08:00,UPI,Web,73208.08,INR,398774.05,894,Yes,38,No,Failed,Low,1
TXN002978,CUST0204,Bengaluru,MER203,Travel,2026-02-07 23:29:00,UPI,Web,47325.23,INR,253997.3,723,Yes,52,No,Pending,High,0
TXN002979,CUST0140,Hyderabad,MER279,Healthcare,2026-05-21 23:28:00,UPI,Android,13056.54,INR,189822.37,708,Yes,21,No,Pending,Low,0
TXN002980,CUST0757,Mumbai,MER279,Entertainment,2026-04-07 22:36:00,Wallet,iPhone,23382.11,INR,252286.66,323,No,70,Yes,Pending,Medium,0
TXN002981,CUST0585,Pune,MER234,Healthcare,2026-06-11 05:49:00,UPI,Android,44766.77,INR,62532.31,870,Yes,68,Yes,Failed,High,0
TXN002982,CUST0709,Delhi,MER132,Healthcare,2026-06-16 01:03:00,NetBanking,Web,54371.54,INR,23218.51,578,Yes,25,No,Failed,Medium,0
TXN002983,CUST0938,Mumbai,MER199,Food,2026-03-08 13:18:00,UPI,Android,40448.18,INR,36051.88,816,Yes,55,No,Pending,High,0
TXN002984,CUST1184,Hyderabad,MER156,Travel,2026-08-22 03:25:00,UPI,Web,31138.35,INR,249851.27,869,Yes,90,Yes,Failed,High,0
TXN002985,CUST0685,Mumbai,MER225,Food,2026-02-16 03:19:00,Wallet,Web,12989.89,INR,438551.21,838,No,3,No,Success,Medium,0
TXN002986,CUST1107,Pune,MER121,Entertainment,2026-09-25 05:46:00,Wallet,Android,58993.23,INR,357488.26,590,Yes,16,No,Pending,Medium,1
TXN002987,CUST0985,Bengaluru,MER142,Entertainment,2026-04-02 18:16:00,Credit Card,Android,29089.56,INR,417698.43,808,Yes,58,Yes,Pending,Low,0
TXN002988,CUST0979,Hyderabad,MER223,Travel,2026-01-12 15:50:00,NetBanking,iPhone,26402.23,INR,412631.65,751,No,92,No,Failed,Low,0
TXN002989,CUST0920,Delhi,MER209,Bills,2026-02-20 13:51:00,UPI,Web,57302.74,INR,307615.09,797,No,55,No,Pending,Low,1
TXN002990,CUST0616,Mumbai,MER135,Shopping,2026-07-24 16:43:00,Wallet,iPhone,23720.85,INR,227754.16,482,Yes,60,Yes,Success,High,0
TXN002991,CUST0090,Hyderabad,MER013,Food,2026-04-25 11:33:00,Debit Card,Android,31513.36,INR,114604.64,467,No,92,Yes,Pending,Medium,0
TXN002992,CUST0277,Mumbai,MER275,Entertainment,2026-10-01 07:03:00,NetBanking,Web,50325.55,INR,195748.22,458,No,83,No,Failed,High,0
TXN002993,CUST1154,Hyderabad,MER221,Food,2026-01-22 23:44:00,Credit Card,iPhone,37584.46,INR,201320.61,809,No,83,Yes,Pending,Medium,0
TXN002994,CUST0163,Delhi,MER297,Travel,2026-05-30 10:17:00,Credit Card,iPhone,15073.82,INR,116675.42,674,Yes,83,No,Success,Low,0
TXN002995,CUST0877,Hyderabad,MER147,Bills,2026-08-20 19:32:00,UPI,Web,54736.3,INR,399888.99,377,No,78,Yes,Pending,Low,1
TXN002996,CUST0881,Hyderabad,MER183,Entertainment,2026-08-04 20:38:00,Debit Card,iPhone,496.49,INR,170569.44,618,Yes,5,Yes,Success,Medium,0
TXN002997,CUST0267,Hyderabad,MER153,Entertainment,2026-09-09 13:00:00,Credit Card,Android,66383.71,INR,455755.54,622,Yes,92,Yes,Failed,High,0
TXN002998,CUST0938,Mumbai,MER029,Bills,2026-10-09 16:56:00,Credit Card,Android,50615.2,INR,55394.54,706,No,100,No,Pending,Low,0
TXN002999,CUST1090,Hyderabad,MER034,Food,2026-10-24 06:46:00,Wallet,Android,3457.76,INR,107486.11,558,Yes,82,Yes,Failed,Low,0
TXN003000,CUST0939,Hyderabad,MER132,Travel,2026-04-23 21:47:00,NetBanking,Web,71286.46,INR,153996.19,723,No,18,No,Pending,High,0
TXN003001,CUST0656,Mumbai,MER146,Bills,2026-11-20 14:08:00,Wallet,Web,68592.23,INR,425036.5,381,Yes,53,Yes,Success,High,1
TXN003002,CUST0722,Mumbai,MER282,Healthcare,2026-09-20 13:44:00,Wallet,iPhone,28063.16,INR,180215.98,874,No,41,Yes,Success,Medium,0
TXN003003,CUST0336,Bengaluru,MER085,Travel,2026-01-19 02:34:00,UPI,iPhone,54278.36,INR,461892.16,580,Yes,3,Yes,Pending,Low,0
TXN003004,CUST0572,Delhi,MER148,Travel,2026-03-24 23:25:00,Credit Card,Web,45240.1,INR,351409.51,653,No,68,No,Failed,High,0
TXN003005,CUST0111,Delhi,MER242,Bills,2026-02-17 03:24:00,Debit Card,Web,48273.63,INR,318592.36,702,No,80,No,Success,High,0
TXN003006,CUST0606,Pune,MER289,Food,2026-05-30 07:15:00,Wallet,Web,60414.18,INR,449047.12,376,Yes,5,No,Pending,Medium,1
TXN003007,CUST1041,Mumbai,MER297,Healthcare,2026-04-01 03:49:00,UPI,iPhone,21881.71,INR,318391.33,434,Yes,17,Yes,Failed,Medium,0
TXN003008,CUST0963,Pune,MER093,Shopping,2026-07-07 18:24:00,NetBanking,Android,37953.92,INR,1880.69,672,No,73,Yes,Failed,High,0
TXN003009,CUST0719,Hyderabad,MER180,Food,2026-08-25 21:31:00,Credit Card,Android,55758.59,INR,144123.9,571,No,8,No,Pending,Low,1
TXN003010,CUST0444,Pune,MER123,Healthcare,2026-04-30 16:54:00,NetBanking,Web,38568.15,INR,146937.28,630,No,70,No,Failed,High,0
TXN003011,CUST0253,Mumbai,MER268,Travel,2026-01-27 16:43:00,UPI,Android,1560.82,INR,92061.59,615,Yes,13,Yes,Failed,Medium,0
TXN003012,CUST1134,Bengaluru,MER299,Travel,2026-10-07 08:01:00,Wallet,Web,19707.94,INR,485822.27,353,No,8,No,Success,Medium,0
TXN003013,CUST0041,Hyderabad,MER067,Bills,2026-09-01 11:27:00,Credit Card,Android,1904.87,INR,222448.6,483,No,92,Yes,Success,Medium,0
TXN003014,CUST1016,Bengaluru,MER269,Food,2026-04-03 23:08:00,Wallet,Android,25116.57,INR,241150.47,547,No,78,No,Failed,High,0
TXN003015,CUST0391,Bengaluru,MER223,Travel,2026-05-22 13:24:00,NetBanking,Android,24674.3,INR,405569.56,607,No,36,No,Success,High,0
TXN003016,CUST1039,Delhi,MER232,Entertainment,2026-11-21 03:31:00,NetBanking,Android,60491.28,INR,264126.63,709,Yes,96,Yes,Success,Medium,0
TXN003017,CUST1183,Delhi,MER085,Bills,2026-12-05 01:31:00,Debit Card,iPhone,60249.35,INR,426279.11,856,No,13,No,Pending,Medium,0
TXN003018,CUST0420,Pune,MER229,Healthcare,2026-12-09 12:39:00,Credit Card,Android,55098.39,INR,396696.45,518,No,64,No,Failed,Low,1
TXN003019,CUST0195,Hyderabad,MER195,Shopping,2026-08-18 12:56:00,UPI,Android,46227.23,INR,57167.18,320,Yes,6,Yes,Failed,High,0
TXN003020,CUST1154,Delhi,MER268,Entertainment,2026-11-30 05:32:00,Wallet,Android,31822.81,INR,384456.49,659,Yes,82,Yes,Failed,Low,0
TXN003021,CUST0864,Mumbai,MER049,Healthcare,2026-09-12 22:14:00,UPI,iPhone,38464.94,INR,450269.25,807,No,77,Yes,Success,High,0
TXN003022,CUST0344,Hyderabad,MER147,Entertainment,2026-11-03 18:15:00,Wallet,Android,41730.52,INR,90313.99,827,No,41,Yes,Success,Low,0
TXN003023,CUST0533,Mumbai,MER276,Bills,2026-02-18 18:53:00,UPI,iPhone,56019.6,INR,163260.62,497,Yes,40,No,Failed,High,1
TXN003024,CUST0236,Bengaluru,MER290,Bills,2026-08-29 05:04:00,Debit Card,iPhone,45660.89,INR,484567.39,888,No,23,No,Pending,Low,0
TXN003025,CUST1177,Mumbai,MER253,Bills,2026-12-09 16:47:00,UPI,iPhone,41473.73,INR,225782.97,534,No,68,No,Success,High,1
TXN003026,CUST0225,Bengaluru,MER080,Shopping,2026-02-02 06:50:00,UPI,Android,33363.5,INR,468911.77,391,No,58,Yes,Success,Medium,0
TXN003027,CUST0569,Delhi,MER213,Bills,2026-12-13 08:16:00,UPI,Web,26647.52,INR,204682.86,712,No,88,No,Success,Low,0
TXN003028,CUST0554,Mumbai,MER140,Food,2026-10-07 21:00:00,UPI,Android,53999.64,INR,493633.68,701,No,44,No,Failed,High,1
TXN003029,CUST0809,Delhi,MER235,Travel,2026-09-22 00:10:00,Credit Card,Web,22821.26,INR,321799.19,791,No,11,Yes,Failed,Low,0
TXN003030,CUST0044,Mumbai,MER124,Travel,2026-01-20 20:21:00,NetBanking,iPhone,32502.88,INR,445709.0,736,Yes,16,No,Pending,Medium,0
TXN003031,CUST0201,Hyderabad,MER172,Travel,2026-11-06 09:21:00,Wallet,Android,47742.36,INR,418343.88,312,No,27,No,Success,High,0
TXN003032,CUST1082,Pune,MER214,Travel,2026-07-30 17:28:00,Credit Card,Android,44738.9,INR,467342.27,686,Yes,46,Yes,Failed,Low,0
TXN003033,CUST0816,Pune,MER204,Healthcare,2026-01-20 20:56:00,Credit Card,iPhone,64399.09,INR,423834.77,770,Yes,43,Yes,Failed,Low,1
TXN003034,CUST1176,Hyderabad,MER227,Healthcare,2026-06-06 19:52:00,Credit Card,Android,8989.47,INR,297616.72,591,No,57,Yes,Pending,High,0
TXN003035,CUST0945,Delhi,MER216,Food,2026-11-11 04:59:00,Credit Card,Android,29055.44,INR,302938.04,823,Yes,3,No,Pending,High,0
TXN003036,CUST1154,Bengaluru,MER261,Healthcare,2026-02-25 18:04:00,Debit Card,Android,23336.56,INR,228179.39,712,No,69,No,Success,Medium,0
TXN003037,CUST0480,Pune,MER019,Healthcare,2026-09-17 14:32:00,Wallet,Android,73988.73,INR,449791.49,563,No,43,No,Success,Low,0
TXN003038,CUST0443,Hyderabad,MER232,Travel,2026-09-22 15:04:00,UPI,Android,60934.69,INR,417809.67,691,No,98,Yes,Failed,Low,1
TXN003039,CUST0374,Delhi,MER208,Shopping,2026-12-08 14:07:00,NetBanking,Web,40186.9,INR,415098.51,421,Yes,58,Yes,Failed,Medium,0
TXN003040,CUST0344,Mumbai,MER055,Shopping,2026-11-26 23:31:00,NetBanking,iPhone,4214.13,INR,319704.22,780,Yes,29,Yes,Pending,High,0
TXN003041,CUST0153,Mumbai,MER196,Healthcare,2026-10-20 11:35:00,UPI,Android,4723.85,INR,138608.36,750,Yes,39,No,Pending,Medium,0
TXN003042,CUST0711,Bengaluru,MER034,Shopping,2026-02-05 18:26:00,NetBanking,Android,21121.03,INR,308497.42,459,No,72,Yes,Pending,High,0
TXN003043,CUST0889,Bengaluru,MER028,Food,2026-08-16 01:22:00,NetBanking,iPhone,73277.69,INR,478650.07,351,No,67,Yes,Failed,Medium,0
TXN003044,CUST0797,Pune,MER053,Bills,2026-10-04 10:20:00,Wallet,Web,64512.93,INR,76904.07,584,Yes,1,No,Failed,Low,0
TXN003045,CUST1063,Delhi,MER284,Travel,2026-04-12 23:49:00,UPI,iPhone,41792.85,INR,311915.0,791,No,92,No,Pending,Medium,0
TXN003046,CUST0069,Mumbai,MER031,Travel,2026-01-31 09:44:00,Debit Card,Android,13264.43,INR,373460.81,832,No,12,No,Failed,High,0
TXN003047,CUST0312,Delhi,MER156,Entertainment,2026-12-05 13:37:00,Wallet,iPhone,41887.78,INR,132720.22,402,No,76,No,Pending,Low,0
TXN003048,CUST1173,Pune,MER043,Food,2026-02-19 14:52:00,Wallet,Android,13602.61,INR,106913.64,437,Yes,57,No,Pending,Medium,0
TXN003049,CUST0627,Mumbai,MER217,Healthcare,2026-03-04 17:36:00,Credit Card,Web,4133.78,INR,329701.61,669,No,34,Yes,Pending,Medium,0
TXN003050,CUST0188,Mumbai,MER268,Entertainment,2026-01-02 12:33:00,UPI,Android,19219.98,INR,157361.41,647,No,52,No,Success,High,0
TXN003051,CUST1118,Delhi,MER189,Travel,2026-02-27 04:42:00,Credit Card,iPhone,72422.19,INR,181446.32,816,Yes,79,No,Success,Low,0
TXN003052,CUST0655,Mumbai,MER113,Travel,2026-04-12 11:50:00,Credit Card,iPhone,34724.16,INR,349635.89,398,Yes,73,No,Pending,Medium,0
TXN003053,CUST0896,Mumbai,MER283,Food,2026-06-28 16:57:00,Credit Card,Android,59374.26,INR,187519.14,312,No,91,No,Pending,Medium,0
TXN003054,CUST0625,Bengaluru,MER088,Healthcare,2026-11-21 21:10:00,Debit Card,Android,57851.85,INR,238452.05,854,Yes,67,No,Success,Medium,0
TXN003055,CUST1181,Mumbai,MER232,Food,2026-10-06 22:44:00,Wallet,Android,55105.64,INR,315388.22,669,No,93,Yes,Failed,Low,0
TXN003056,CUST1103,Mumbai,MER070,Bills,2026-02-22 06:50:00,Credit Card,Web,39277.77,INR,332532.07,718,No,48,Yes,Success,Low,0
TXN003057,CUST0921,Pune,MER111,Shopping,2026-10-07 05:57:00,UPI,iPhone,27769.52,INR,468668.44,754,No,44,No,Pending,High,0
TXN003058,CUST0434,Hyderabad,MER046,Travel,2026-06-10 01:06:00,NetBanking,Web,38209.1,INR,269026.49,308,Yes,89,No,Success,High,0
TXN003059,CUST1128,Pune,MER091,Entertainment,2026-02-24 15:01:00,Credit Card,Web,13839.65,INR,434572.63,699,No,58,No,Success,High,0
TXN003060,CUST0553,Delhi,MER171,Food,2026-02-27 17:16:00,Debit Card,iPhone,36514.32,INR,78188.88,473,Yes,2,Yes,Failed,Medium,0
TXN003061,CUST0270,Bengaluru,MER290,Entertainment,2026-09-25 04:01:00,Wallet,Android,62337.48,INR,105639.85,358,No,10,No,Success,High,0
TXN003062,CUST0415,Bengaluru,MER135,Shopping,2026-01-28 00:42:00,UPI,iPhone,32450.56,INR,329353.61,841,Yes,67,Yes,Pending,Low,0
TXN003063,CUST1193,Bengaluru,MER194,Food,2026-04-22 10:59:00,Credit Card,iPhone,5313.83,INR,253917.08,807,Yes,97,Yes,Success,Medium,0
TXN003064,CUST0738,Hyderabad,MER171,Entertainment,2026-12-14 03:29:00,Wallet,Android,48826.61,INR,158673.26,335,No,79,No,Success,Low,0
TXN003065,CUST1083,Bengaluru,MER299,Entertainment,2026-10-16 22:33:00,UPI,Web,16085.02,INR,483138.47,861,No,98,Yes,Pending,Low,0
TXN003066,CUST0943,Pune,MER145,Healthcare,2026-09-29 01:59:00,Credit Card,Android,6900.32,INR,352291.23,326,Yes,100,No,Pending,Low,0
TXN003067,CUST1144,Bengaluru,MER147,Shopping,2026-10-12 17:40:00,Debit Card,Android,38079.35,INR,401306.94,799,Yes,100,Yes,Success,Low,0
TXN003068,CUST1013,Hyderabad,MER214,Travel,2026-11-11 13:40:00,NetBanking,Android,32376.39,INR,388112.61,374,Yes,88,Yes,Failed,Low,0
TXN003069,CUST0493,Pune,MER241,Healthcare,2026-06-27 18:03:00,Debit Card,iPhone,38445.52,INR,256794.23,567,Yes,16,Yes,Pending,Low,0
TXN003070,CUST0968,Delhi,MER237,Travel,2026-08-06 20:46:00,UPI,Web,4946.69,INR,476879.29,533,Yes,16,Yes,Failed,Medium,0
TXN003071,CUST0794,Pune,MER112,Food,2026-02-17 17:57:00,Credit Card,Android,46441.42,INR,67332.63,801,Yes,58,Yes,Failed,Low,0
TXN003072,CUST0645,Bengaluru,MER279,Healthcare,2026-02-03 10:58:00,UPI,Web,52749.73,INR,159415.2,470,Yes,54,Yes,Success,Medium,0
TXN003073,CUST0929,Mumbai,MER203,Food,2026-07-21 10:14:00,NetBanking,Android,8743.82,INR,5832.32,652,Yes,13,Yes,Success,Low,0
TXN003074,CUST0371,Delhi,MER033,Travel,2026-05-25 12:39:00,Credit Card,Android,34487.08,INR,98289.21,318,Yes,28,No,Success,Low,0
TXN003075,CUST1147,Pune,MER160,Food,2026-01-28 05:10:00,Debit Card,iPhone,2261.84,INR,308449.22,384,Yes,52,Yes,Failed,Medium,0
TXN003076,CUST0075,Delhi,MER187,Food,2026-09-11 10:41:00,NetBanking,Web,10729.07,INR,4593.12,509,No,30,Yes,Success,Medium,0
TXN003077,CUST0384,Hyderabad,MER068,Shopping,2026-01-25 20:14:00,UPI,iPhone,2061.14,INR,421698.39,890,No,49,Yes,Failed,Low,0
TXN003078,CUST0153,Delhi,MER052,Travel,2026-03-22 14:05:00,Credit Card,Android,2681.45,INR,296249.36,753,Yes,8,Yes,Failed,Low,0
TXN003079,CUST0413,Delhi,MER291,Entertainment,2026-09-05 16:19:00,Wallet,iPhone,35842.36,INR,169379.55,542,Yes,29,No,Success,High,0
TXN003080,CUST0570,Mumbai,MER114,Healthcare,2026-02-06 20:07:00,NetBanking,iPhone,73522.97,INR,436922.82,319,Yes,4,No,Success,Medium,0
TXN003081,CUST0739,Pune,MER048,Entertainment,2026-04-23 21:31:00,Wallet,Web,10638.14,INR,121342.93,424,No,51,No,Success,Low,0
TXN003082,CUST0759,Delhi,MER262,Entertainment,2026-09-03 22:46:00,Debit Card,iPhone,16901.67,INR,430313.64,594,Yes,8,Yes,Pending,Low,0
TXN003083,CUST0438,Mumbai,MER002,Food,2026-05-17 15:26:00,Debit Card,Android,57213.02,INR,300423.4,860,Yes,52,Yes,Pending,Low,0
TXN003084,CUST0704,Pune,MER297,Travel,2026-05-22 22:50:00,Wallet,iPhone,63876.24,INR,317364.83,321,No,52,Yes,Failed,High,0
TXN003085,CUST1056,Delhi,MER101,Entertainment,2026-08-08 22:40:00,Wallet,iPhone,11978.55,INR,213063.0,871,No,22,Yes,Success,Low,0
TXN003086,CUST1139,Hyderabad,MER042,Food,2026-10-29 14:42:00,Credit Card,iPhone,19296.71,INR,391714.39,647,Yes,37,No,Failed,Medium,0
TXN003087,CUST0293,Hyderabad,MER059,Entertainment,2026-11-27 04:25:00,NetBanking,iPhone,6647.28,INR,468893.39,645,Yes,9,No,Failed,High,0
TXN003088,CUST1147,Pune,MER026,Travel,2026-08-17 16:40:00,NetBanking,Android,27627.85,INR,490051.35,896,No,40,No,Success,Medium,1
TXN003089,CUST0277,Hyderabad,MER072,Healthcare,2026-04-03 13:17:00,Credit Card,iPhone,31865.9,INR,314964.75,338,Yes,73,Yes,Failed,Medium,0
TXN003090,CUST0541,Hyderabad,MER153,Bills,2026-01-16 00:03:00,Credit Card,Android,4270.36,INR,209752.9,750,No,15,No,Success,Medium,0
TXN003091,CUST0348,Delhi,MER166,Travel,2026-08-29 13:39:00,UPI,Android,976.3,INR,128048.29,395,No,54,Yes,Success,High,0
TXN003092,CUST0613,Pune,MER252,Shopping,2026-04-07 19:29:00,UPI,Android,2131.8,INR,194795.52,759,Yes,45,No,Pending,Low,0
TXN003093,CUST0419,Mumbai,MER208,Healthcare,2026-08-18 14:07:00,UPI,Android,41537.14,INR,380659.36,856,Yes,75,No,Pending,High,0
TXN003094,CUST0125,Hyderabad,MER146,Bills,2026-04-12 03:14:00,Wallet,iPhone,73170.55,INR,188635.82,774,No,49,Yes,Failed,Low,0
TXN003095,CUST0119,Pune,MER157,Travel,2026-10-17 04:39:00,NetBanking,Web,41639.94,INR,282827.9,664,No,2,Yes,Pending,Medium,0
TXN003096,CUST0706,Delhi,MER055,Shopping,2026-03-28 19:19:00,NetBanking,Web,9003.06,INR,429302.55,630,No,19,Yes,Success,Low,0
TXN003097,CUST0839,Delhi,MER289,Food,2026-07-15 09:57:00,UPI,Web,70413.55,INR,396036.15,841,Yes,100,No,Success,High,0
TXN003098,CUST0088,Delhi,MER100,Food,2026-06-07 16:10:00,Wallet,Android,64221.61,INR,444890.25,854,Yes,7,Yes,Pending,High,0
TXN003099,CUST0883,Hyderabad,MER238,Bills,2026-08-04 17:05:00,Credit Card,Web,21727.4,INR,344626.67,366,Yes,95,Yes,Failed,Low,0
TXN003100,CUST0072,Bengaluru,MER182,Bills,2026-04-17 18:20:00,Debit Card,iPhone,63347.99,INR,468167.17,584,Yes,56,Yes,Failed,Low,0
TXN003101,CUST0965,Mumbai,MER283,Entertainment,2026-04-22 02:46:00,Credit Card,Android,38247.41,INR,386081.86,625,No,53,No,Failed,High,0
TXN003102,CUST0335,Bengaluru,MER194,Travel,2026-09-26 06:47:00,Wallet,Android,23598.49,INR,82868.38,787,Yes,22,No,Success,Medium,0
TXN003103,CUST0162,Bengaluru,MER021,Shopping,2026-05-29 22:30:00,Wallet,iPhone,56708.33,INR,341935.32,411,No,9,Yes,Failed,Low,1
TXN003104,CUST1062,Mumbai,MER077,Healthcare,2026-10-12 01:14:00,NetBanking,iPhone,1598.87,INR,192940.48,860,Yes,83,No,Success,Medium,0
TXN003105,CUST0965,Pune,MER082,Entertainment,2026-04-08 14:02:00,Credit Card,Android,60780.03,INR,214452.23,546,No,33,Yes,Failed,Low,0
TXN003106,CUST0155,Bengaluru,MER135,Travel,2026-04-15 13:57:00,UPI,Android,40067.78,INR,172884.65,793,Yes,56,Yes,Failed,Low,0
TXN003107,CUST0588,Hyderabad,MER196,Travel,2026-01-10 03:57:00,Wallet,Android,4922.16,INR,128413.9,851,No,97,Yes,Pending,Medium,0
TXN003108,CUST0663,Delhi,MER214,Shopping,2026-06-14 14:11:00,Credit Card,Android,23416.45,INR,326301.69,705,No,76,Yes,Failed,Medium,0
TXN003109,CUST0039,Pune,MER280,Entertainment,2026-07-10 07:16:00,NetBanking,iPhone,17369.94,INR,112572.93,499,Yes,16,No,Pending,High,0
TXN003110,CUST0214,Hyderabad,MER192,Bills,2026-01-04 13:24:00,NetBanking,Web,27455.81,INR,484021.29,570,Yes,66,Yes,Pending,Low,0
TXN003111,CUST0379,Bengaluru,MER270,Travel,2026-06-07 08:53:00,UPI,iPhone,21112.0,INR,103407.5,686,Yes,70,No,Success,Medium,0
TXN003112,CUST1156,Mumbai,MER048,Healthcare,2026-02-01 02:05:00,Credit Card,iPhone,62590.72,INR,455538.53,455,Yes,67,Yes,Failed,Medium,1
TXN003113,CUST1075,Mumbai,MER142,Healthcare,2026-02-10 18:11:00,UPI,iPhone,526.51,INR,143827.97,722,No,75,Yes,Pending,Medium,0
TXN003114,CUST0834,Bengaluru,MER050,Travel,2026-11-16 14:14:00,Credit Card,Web,14835.18,INR,238056.78,434,Yes,82,No,Pending,High,0
TXN003115,CUST0708,Mumbai,MER297,Travel,2026-05-13 21:48:00,NetBanking,Web,7762.82,INR,125286.1,479,Yes,26,No,Failed,Low,0
TXN003116,CUST0501,Bengaluru,MER160,Food,2026-11-29 17:30:00,Wallet,Web,30618.52,INR,228083.25,313,Yes,66,No,Failed,High,0
TXN003117,CUST0514,Bengaluru,MER261,Food,2026-01-02 09:12:00,Debit Card,Web,74557.49,INR,16110.75,390,No,62,Yes,Success,High,0
TXN003118,CUST0454,Bengaluru,MER277,Shopping,2026-11-26 18:11:00,NetBanking,Android,38314.43,INR,470942.1,359,Yes,24,No,Pending,High,0
TXN003119,CUST0714,Mumbai,MER163,Travel,2026-10-29 07:06:00,Wallet,Web,7248.51,INR,258774.78,452,Yes,100,Yes,Success,Medium,0
TXN003120,CUST1048,Hyderabad,MER051,Entertainment,2026-02-01 03:05:00,Debit Card,iPhone,12571.15,INR,400085.39,463,Yes,7,No,Failed,High,0
TXN003121,CUST0573,Hyderabad,MER252,Food,2026-01-31 19:42:00,Debit Card,Web,2221.3,INR,491828.76,454,Yes,33,No,Failed,Low,0
TXN003122,CUST1151,Mumbai,MER215,Travel,2026-04-14 18:05:00,NetBanking,iPhone,74391.67,INR,154477.73,637,No,24,Yes,Failed,High,0
TXN003123,CUST0144,Hyderabad,MER114,Travel,2026-10-18 10:57:00,Wallet,iPhone,48497.59,INR,484462.08,325,No,98,Yes,Pending,High,0
TXN003124,CUST0835,Bengaluru,MER292,Healthcare,2026-01-18 22:14:00,Wallet,iPhone,51500.1,INR,386529.79,598,Yes,90,No,Pending,High,0
TXN003125,CUST0851,Hyderabad,MER125,Entertainment,2026-03-31 18:44:00,Wallet,Web,18840.57,INR,417316.62,680,No,100,Yes,Pending,Medium,0
TXN003126,CUST0928,Hyderabad,MER254,Healthcare,2026-05-12 20:52:00,NetBanking,Android,26528.84,INR,344308.17,583,No,65,Yes,Failed,Low,0
TXN003127,CUST1051,Mumbai,MER226,Shopping,2026-04-24 14:46:00,NetBanking,Web,40188.52,INR,452082.06,494,No,5,No,Success,Medium,0
TXN003128,CUST0720,Hyderabad,MER255,Entertainment,2026-01-23 15:50:00,Credit Card,Android,20038.08,INR,493061.08,829,Yes,80,No,Pending,High,1
TXN003129,CUST0816,Pune,MER002,Travel,2026-06-09 12:41:00,Wallet,Android,41000.86,INR,382264.24,598,Yes,29,Yes,Failed,Low,0
TXN003130,CUST0322,Hyderabad,MER282,Food,2026-07-06 14:21:00,Wallet,iPhone,36823.69,INR,160191.76,423,Yes,68,No,Success,High,0
TXN003131,CUST1016,Bengaluru,MER106,Healthcare,2026-10-15 21:16:00,Credit Card,Web,61917.76,INR,40958.78,430,No,5,Yes,Pending,Medium,0
TXN003132,CUST0088,Pune,MER207,Shopping,2026-06-13 05:23:00,Debit Card,iPhone,59579.71,INR,160352.24,608,No,28,Yes,Pending,Low,0
TXN003133,CUST0007,Delhi,MER202,Food,2026-11-14 06:50:00,Debit Card,iPhone,72941.31,INR,239943.64,835,No,15,Yes,Pending,Medium,0
TXN003134,CUST0884,Hyderabad,MER060,Bills,2026-11-16 21:21:00,UPI,Web,517.08,INR,172093.4,381,No,49,No,Success,High,0
TXN003135,CUST0768,Hyderabad,MER238,Entertainment,2026-08-03 18:22:00,UPI,Web,12356.0,INR,43226.26,518,Yes,98,No,Pending,Medium,0
TXN003136,CUST0742,Delhi,MER202,Food,2026-05-20 23:51:00,NetBanking,Android,24623.99,INR,134892.59,484,No,3,No,Success,Low,0
TXN003137,CUST0636,Bengaluru,MER223,Healthcare,2026-05-26 17:29:00,Wallet,Web,65333.06,INR,26039.33,418,No,97,No,Pending,High,0
TXN003138,CUST0041,Mumbai,MER215,Travel,2026-12-08 09:32:00,Debit Card,Web,2734.08,INR,223011.32,641,Yes,18,No,Success,High,0
TXN003139,CUST0338,Mumbai,MER107,Food,2026-08-07 16:39:00,Debit Card,iPhone,65990.04,INR,108508.85,371,Yes,11,Yes,Failed,High,0
TXN003140,CUST0063,Pune,MER244,Travel,2026-05-05 18:01:00,Wallet,iPhone,24279.18,INR,391039.28,870,No,17,Yes,Success,Medium,0
TXN003141,CUST0714,Hyderabad,MER270,Travel,2026-06-10 22:46:00,UPI,Web,48054.81,INR,340824.29,411,Yes,37,Yes,Success,Medium,0
TXN003142,CUST0778,Hyderabad,MER185,Healthcare,2026-08-27 23:57:00,Credit Card,Web,36436.43,INR,65181.33,435,No,77,No,Failed,Low,0
TXN003143,CUST0966,Delhi,MER169,Bills,2026-08-01 03:01:00,UPI,Android,35104.23,INR,16023.82,613,No,34,Yes,Success,High,0
TXN003144,CUST0611,Mumbai,MER287,Entertainment,2026-07-12 08:32:00,Credit Card,iPhone,52870.64,INR,420387.07,757,No,74,No,Success,Low,0
TXN003145,CUST1119,Bengaluru,MER219,Healthcare,2026-08-09 00:45:00,NetBanking,iPhone,50638.33,INR,301659.31,308,No,67,No,Success,High,0
TXN003146,CUST1105,Mumbai,MER166,Healthcare,2026-01-14 21:32:00,NetBanking,iPhone,68470.13,INR,305342.48,588,No,34,No,Failed,Low,0
TXN003147,CUST0742,Delhi,MER140,Shopping,2026-09-22 10:52:00,Credit Card,iPhone,34363.95,INR,280799.4,365,Yes,78,No,Failed,Medium,0
TXN003148,CUST0974,Delhi,MER029,Bills,2026-04-26 15:16:00,UPI,Web,62044.55,INR,123598.36,426,No,49,Yes,Success,Medium,1
TXN003149,CUST0064,Mumbai,MER161,Bills,2026-07-10 11:44:00,NetBanking,Web,40969.45,INR,344929.44,319,No,69,No,Failed,Medium,0
TXN003150,CUST0734,Pune,MER055,Travel,2026-07-29 14:42:00,NetBanking,Android,51.82,INR,419181.37,477,No,51,No,Pending,Medium,0
TXN003151,CUST0808,Mumbai,MER048,Bills,2026-10-11 03:42:00,Wallet,Android,51877.15,INR,259868.09,485,No,53,No,Pending,High,1
TXN003152,CUST0477,Mumbai,MER288,Bills,2026-03-17 14:17:00,NetBanking,Android,30848.95,INR,121653.27,502,Yes,96,No,Success,Medium,0
TXN003153,CUST0056,Bengaluru,MER130,Bills,2026-05-25 08:43:00,Debit Card,iPhone,51369.27,INR,283943.84,763,Yes,100,No,Success,Medium,0
TXN003154,CUST0509,Delhi,MER289,Entertainment,2026-05-03 12:14:00,Debit Card,Android,22284.79,INR,66846.06,776,No,22,Yes,Pending,High,0
TXN003155,CUST0362,Bengaluru,MER128,Shopping,2026-12-01 04:37:00,NetBanking,Android,2374.7,INR,266785.04,324,Yes,3,No,Success,Medium,0
TXN003156,CUST0727,Hyderabad,MER269,Bills,2026-08-14 08:49:00,Wallet,Web,24114.5,INR,20674.93,381,Yes,28,Yes,Success,Medium,0
TXN003157,CUST0558,Pune,MER161,Entertainment,2026-06-16 02:05:00,Debit Card,Web,9994.8,INR,345065.99,448,No,55,No,Success,High,0
TXN003158,CUST1169,Mumbai,MER124,Travel,2026-03-29 00:36:00,Debit Card,iPhone,60813.32,INR,469384.83,618,Yes,3,Yes,Pending,Medium,0
TXN003159,CUST0807,Hyderabad,MER043,Bills,2026-11-13 07:45:00,Credit Card,Web,19252.19,INR,420775.13,672,Yes,94,No,Failed,Low,0
TXN003160,CUST0629,Pune,MER250,Travel,2026-09-01 08:16:00,Credit Card,Web,1061.46,INR,204562.84,443,Yes,33,No,Failed,High,0
TXN003161,CUST0131,Mumbai,MER032,Travel,2026-10-05 00:21:00,NetBanking,iPhone,66992.98,INR,368976.26,721,No,87,Yes,Failed,Medium,0
TXN003162,CUST1051,Bengaluru,MER089,Entertainment,2026-07-05 17:37:00,NetBanking,Android,22717.56,INR,446413.48,515,No,28,No,Pending,Medium,0
TXN003163,CUST0881,Mumbai,MER273,Entertainment,2026-11-11 09:22:00,Wallet,Web,61919.85,INR,323613.2,808,Yes,98,Yes,Pending,Medium,1
TXN003164,CUST0150,Mumbai,MER132,Food,2026-06-18 15:29:00,Debit Card,Web,72663.2,INR,45016.73,624,Yes,48,Yes,Pending,Medium,0
TXN003165,CUST0646,Delhi,MER214,Entertainment,2026-05-08 21:53:00,UPI,Android,3903.27,INR,30668.76,323,No,14,Yes,Pending,High,0
TXN003166,CUST0448,Hyderabad,MER080,Shopping,2026-03-28 19:10:00,UPI,Android,26171.39,INR,60297.85,847,No,49,No,Success,High,0
TXN003167,CUST0262,Bengaluru,MER009,Entertainment,2026-04-27 15:50:00,Debit Card,Web,58697.25,INR,9415.62,898,Yes,100,Yes,Success,High,1
TXN003168,CUST0968,Bengaluru,MER255,Travel,2026-01-06 11:52:00,Debit Card,Web,26631.95,INR,95285.7,327,Yes,31,No,Pending,High,0
TXN003169,CUST0382,Bengaluru,MER082,Bills,2026-02-21 18:27:00,UPI,iPhone,57272.5,INR,340996.95,676,No,93,No,Success,High,1
TXN003170,CUST0788,Delhi,MER227,Healthcare,2026-09-09 17:55:00,Credit Card,Android,22628.97,INR,297554.9,894,No,27,Yes,Success,High,0
TXN003171,CUST1105,Bengaluru,MER261,Shopping,2026-10-05 09:13:00,Wallet,Web,51159.26,INR,220505.58,491,Yes,87,No,Failed,Low,1
TXN003172,CUST0913,Bengaluru,MER102,Food,2026-09-06 08:26:00,UPI,Web,54458.64,INR,301652.57,742,No,81,No,Failed,High,0
TXN003173,CUST0924,Delhi,MER175,Bills,2026-02-27 07:04:00,Debit Card,Web,51893.12,INR,373472.04,778,Yes,27,Yes,Failed,Low,1
TXN003174,CUST0731,Bengaluru,MER232,Shopping,2026-01-20 11:05:00,NetBanking,Web,70448.25,INR,435471.66,435,Yes,63,No,Pending,Low,0
TXN003175,CUST1199,Pune,MER237,Shopping,2026-03-17 18:54:00,NetBanking,Android,3442.51,INR,316760.94,565,No,62,No,Success,High,0
TXN003176,CUST0524,Delhi,MER007,Entertainment,2026-06-23 21:54:00,Credit Card,Web,12597.66,INR,51519.63,795,Yes,70,Yes,Success,Low,0
TXN003177,CUST0815,Hyderabad,MER093,Healthcare,2026-09-05 23:48:00,UPI,Web,13581.96,INR,197997.75,558,Yes,56,Yes,Pending,Medium,0
TXN003178,CUST0991,Pune,MER015,Bills,2026-09-10 19:34:00,NetBanking,Android,31144.86,INR,173937.31,753,No,54,No,Success,High,0
TXN003179,CUST0395,Pune,MER003,Food,2026-09-26 03:43:00,Wallet,Android,53049.5,INR,318134.04,837,Yes,23,Yes,Failed,Low,0
TXN003180,CUST1009,Delhi,MER036,Entertainment,2026-05-20 12:19:00,Wallet,Web,74187.98,INR,348171.07,515,Yes,71,No,Success,Medium,0
TXN003181,CUST0482,Pune,MER204,Bills,2026-02-21 01:54:00,Credit Card,Android,11144.58,INR,425800.07,607,No,95,No,Failed,Medium,0
TXN003182,CUST0806,Pune,MER221,Bills,2026-08-23 10:26:00,Credit Card,iPhone,8693.78,INR,454035.71,841,Yes,10,No,Success,High,0
TXN003183,CUST0330,Bengaluru,MER014,Healthcare,2026-08-29 13:18:00,Debit Card,iPhone,8858.51,INR,310705.95,845,Yes,93,Yes,Pending,Low,0
TXN003184,CUST0801,Delhi,MER239,Entertainment,2026-11-13 17:15:00,Wallet,Web,34218.39,INR,166190.08,679,No,97,No,Failed,High,0
TXN003185,CUST0461,Hyderabad,MER237,Entertainment,2026-04-27 13:57:00,NetBanking,Web,1616.19,INR,460752.48,800,Yes,3,Yes,Pending,Medium,0
TXN003186,CUST0824,Delhi,MER084,Travel,2026-10-08 16:20:00,UPI,Web,39703.44,INR,3225.0,623,Yes,25,No,Success,Low,0
TXN003187,CUST0357,Pune,MER238,Food,2026-01-01 18:44:00,UPI,Android,19795.09,INR,196932.03,779,No,44,No,Failed,Medium,0
TXN003188,CUST0890,Delhi,MER046,Bills,2026-03-18 18:09:00,NetBanking,Android,15190.0,INR,171407.89,406,No,19,Yes,Success,Low,0
TXN003189,CUST0336,Pune,MER244,Travel,2026-05-22 08:55:00,Credit Card,Web,63204.69,INR,124850.02,329,Yes,96,No,Pending,High,1
TXN003190,CUST1056,Hyderabad,MER041,Food,2026-03-02 12:51:00,Debit Card,Web,74178.23,INR,11328.3,611,Yes,8,No,Failed,High,1
TXN003191,CUST0190,Pune,MER069,Bills,2026-02-08 23:08:00,Wallet,Web,62173.31,INR,53745.78,878,Yes,85,No,Failed,Medium,0
TXN003192,CUST0684,Mumbai,MER215,Bills,2026-03-15 12:53:00,Wallet,Android,73063.73,INR,37273.07,762,Yes,51,No,Pending,High,0
TXN003193,CUST0630,Pune,MER149,Bills,2026-11-19 17:14:00,Credit Card,iPhone,32497.14,INR,437558.43,618,No,71,No,Success,High,0
TXN003194,CUST0703,Mumbai,MER163,Bills,2026-06-11 17:59:00,Wallet,Web,35006.68,INR,291887.84,883,No,92,No,Success,High,0
TXN003195,CUST0791,Pune,MER115,Entertainment,2026-02-28 15:35:00,Credit Card,Web,62225.48,INR,240730.18,330,Yes,34,Yes,Pending,Medium,0
TXN003196,CUST0158,Delhi,MER050,Healthcare,2026-08-11 01:34:00,Wallet,Web,53441.98,INR,334047.09,527,Yes,29,Yes,Pending,Medium,0
TXN003197,CUST0690,Bengaluru,MER215,Food,2026-09-13 14:19:00,UPI,iPhone,36585.05,INR,319677.88,652,Yes,30,No,Success,Medium,0
TXN003198,CUST1188,Pune,MER223,Travel,2026-07-19 08:29:00,NetBanking,Android,9445.35,INR,161135.58,718,No,7,Yes,Success,High,0
TXN003199,CUST0172,Bengaluru,MER111,Shopping,2026-12-05 23:42:00,Credit Card,iPhone,40145.29,INR,408021.73,509,No,32,No,Failed,High,0
TXN003200,CUST1070,Hyderabad,MER227,Healthcare,2026-08-18 00:14:00,Credit Card,iPhone,4611.53,INR,244133.65,601,No,13,No,Failed,Medium,0
TXN003201,CUST1006,Delhi,MER124,Food,2026-08-13 17:28:00,Wallet,iPhone,10835.54,INR,250388.32,433,Yes,18,No,Pending,Low,0
TXN003202,CUST0353,Bengaluru,MER172,Food,2026-06-03 03:28:00,Credit Card,Web,54708.0,INR,355068.94,341,No,45,No,Pending,Low,0
TXN003203,CUST0422,Mumbai,MER053,Travel,2026-05-03 22:09:00,NetBanking,Android,28334.48,INR,66186.63,873,No,51,No,Success,Medium,0
TXN003204,CUST0906,Delhi,MER134,Bills,2026-06-04 20:33:00,Debit Card,Web,546.39,INR,91870.36,432,No,52,No,Pending,Medium,0
TXN003205,CUST0365,Pune,MER245,Shopping,2026-01-27 06:27:00,Wallet,Android,70507.23,INR,124520.87,447,No,42,No,Pending,Medium,1
TXN003206,CUST0670,Pune,MER012,Shopping,2026-10-21 07:14:00,Wallet,iPhone,2206.81,INR,341792.19,839,Yes,63,No,Failed,Medium,0
TXN003207,CUST0236,Mumbai,MER280,Entertainment,2026-04-01 22:07:00,UPI,Android,40110.42,INR,228612.42,347,No,69,Yes,Success,Medium,0
TXN003208,CUST0262,Delhi,MER186,Travel,2026-04-15 11:17:00,NetBanking,Web,45506.44,INR,60229.76,315,Yes,47,Yes,Failed,Low,0
TXN003209,CUST0723,Delhi,MER209,Food,2026-10-21 23:16:00,Debit Card,Android,36550.47,INR,52497.57,892,Yes,5,Yes,Failed,High,0
TXN003210,CUST0163,Mumbai,MER296,Healthcare,2026-10-26 07:39:00,Credit Card,iPhone,58195.16,INR,260368.96,588,Yes,87,Yes,Success,Medium,0
TXN003211,CUST0907,Hyderabad,MER054,Shopping,2026-05-21 05:43:00,NetBanking,iPhone,35622.44,INR,98123.09,304,Yes,88,No,Failed,Medium,0
TXN003212,CUST0517,Pune,MER270,Food,2026-08-28 05:06:00,Credit Card,Android,36569.25,INR,396872.68,850,Yes,22,Yes,Failed,Medium,0
TXN003213,CUST0668,Bengaluru,MER152,Food,2026-02-26 06:30:00,NetBanking,Android,62112.23,INR,232827.18,557,No,17,No,Pending,Medium,0
TXN003214,CUST1075,Pune,MER087,Travel,2026-07-20 07:09:00,Wallet,iPhone,41641.2,INR,210470.95,723,Yes,2,Yes,Failed,High,0
TXN003215,CUST0247,Bengaluru,MER283,Healthcare,2026-01-05 22:02:00,UPI,Web,40790.36,INR,124467.02,300,No,25,No,Pending,Low,0
TXN003216,CUST1073,Hyderabad,MER083,Entertainment,2026-08-27 17:07:00,Credit Card,Android,40970.68,INR,454266.91,495,Yes,59,Yes,Success,High,0
TXN003217,CUST1170,Mumbai,MER086,Travel,2026-11-14 21:15:00,NetBanking,iPhone,4707.84,INR,189852.4,700,Yes,15,No,Failed,Low,0
TXN003218,CUST0139,Bengaluru,MER288,Food,2026-06-12 03:26:00,UPI,Web,26142.81,INR,447489.45,765,Yes,80,Yes,Pending,High,0
TXN003219,CUST0317,Bengaluru,MER210,Travel,2026-05-01 22:13:00,NetBanking,Android,23132.85,INR,153869.35,471,No,26,No,Pending,High,0
TXN003220,CUST0182,Pune,MER073,Entertainment,2026-03-25 15:09:00,Credit Card,iPhone,20214.4,INR,182258.08,837,No,59,Yes,Pending,High,0
TXN003221,CUST0442,Bengaluru,MER050,Bills,2026-01-30 17:25:00,NetBanking,Android,16595.49,INR,175722.23,868,No,47,Yes,Success,High,0
TXN003222,CUST0177,Delhi,MER300,Healthcare,2026-09-01 15:56:00,UPI,Web,47725.67,INR,429282.38,604,Yes,55,No,Pending,Medium,0
TXN003223,CUST0087,Mumbai,MER238,Healthcare,2026-10-12 06:17:00,NetBanking,Web,47048.75,INR,341432.38,398,No,43,No,Pending,Low,0
TXN003224,CUST0248,Hyderabad,MER083,Healthcare,2026-04-12 18:51:00,Debit Card,Web,60723.37,INR,151124.93,795,No,76,No,Success,Low,0
TXN003225,CUST0377,Bengaluru,MER265,Bills,2026-05-07 04:35:00,NetBanking,Android,43232.25,INR,490045.38,805,Yes,3,Yes,Pending,High,0
TXN003226,CUST0043,Pune,MER292,Bills,2026-04-14 20:19:00,Credit Card,Web,49656.99,INR,332528.22,629,No,42,Yes,Pending,High,0
TXN003227,CUST0766,Hyderabad,MER257,Food,2026-09-13 15:56:00,NetBanking,iPhone,9681.0,INR,212749.36,313,Yes,14,No,Pending,High,0
TXN003228,CUST0433,Hyderabad,MER079,Shopping,2026-09-14 05:11:00,Credit Card,iPhone,42168.2,INR,310718.26,592,No,87,Yes,Success,Low,0
TXN003229,CUST1172,Pune,MER202,Entertainment,2026-06-13 06:48:00,Credit Card,iPhone,72982.53,INR,347511.21,735,Yes,80,No,Failed,High,1
TXN003230,CUST0589,Bengaluru,MER246,Bills,2026-04-16 03:58:00,Wallet,iPhone,36354.63,INR,122165.2,355,Yes,43,No,Success,High,0
TXN003231,CUST0194,Pune,MER019,Entertainment,2026-09-09 12:14:00,Wallet,Android,40254.07,INR,134250.29,771,No,81,Yes,Pending,Low,0
TXN003232,CUST0316,Mumbai,MER100,Food,2026-04-26 01:31:00,NetBanking,iPhone,61501.5,INR,437940.65,767,Yes,28,No,Pending,High,0
TXN003233,CUST0775,Delhi,MER231,Shopping,2026-09-22 22:27:00,Debit Card,iPhone,56322.99,INR,70252.39,821,No,72,No,Failed,High,0
TXN003234,CUST0873,Hyderabad,MER137,Healthcare,2026-06-23 15:40:00,NetBanking,Android,27019.53,INR,329263.45,617,No,15,Yes,Success,Low,0
TXN003235,CUST0535,Hyderabad,MER136,Shopping,2026-11-05 22:23:00,Credit Card,Android,4050.23,INR,143571.37,821,No,18,No,Pending,High,0
TXN003236,CUST0933,Pune,MER147,Food,2026-09-09 00:21:00,Debit Card,iPhone,73183.73,INR,18577.94,694,Yes,98,Yes,Failed,Low,1
TXN003237,CUST0217,Pune,MER268,Food,2026-08-04 00:12:00,Wallet,Web,32066.39,INR,61192.37,847,No,47,No,Failed,High,0
TXN003238,CUST1075,Pune,MER098,Travel,2026-11-19 00:54:00,Credit Card,iPhone,20970.08,INR,39201.92,771,No,93,Yes,Success,High,0
TXN003239,CUST0773,Hyderabad,MER236,Shopping,2026-12-09 13:08:00,Credit Card,iPhone,455.54,INR,26749.39,570,Yes,76,No,Pending,Low,0
TXN003240,CUST0458,Hyderabad,MER294,Shopping,2026-06-21 05:47:00,Debit Card,Web,32897.93,INR,103541.5,613,No,50,Yes,Pending,High,0
TXN003241,CUST0186,Bengaluru,MER247,Bills,2026-05-20 11:34:00,Debit Card,Web,31355.04,INR,158878.61,357,No,25,Yes,Pending,Medium,0
TXN003242,CUST0138,Hyderabad,MER289,Entertainment,2026-01-14 05:01:00,UPI,iPhone,47593.27,INR,97664.11,366,Yes,54,Yes,Failed,Medium,0
TXN003243,CUST1089,Delhi,MER173,Healthcare,2026-05-14 17:58:00,NetBanking,iPhone,52274.52,INR,212306.1,628,No,73,Yes,Pending,Low,0
TXN003244,CUST0072,Hyderabad,MER266,Travel,2026-06-14 05:05:00,Credit Card,Android,31193.73,INR,390864.7,547,No,75,No,Success,Low,0
TXN003245,CUST0672,Bengaluru,MER089,Travel,2026-03-06 05:45:00,Debit Card,Web,55248.55,INR,258649.66,485,No,45,No,Failed,Low,0
TXN003246,CUST0953,Delhi,MER107,Shopping,2026-02-07 09:16:00,Debit Card,Web,68781.4,INR,63654.51,721,Yes,18,No,Pending,Low,0
TXN003247,CUST0526,Pune,MER067,Healthcare,2026-09-28 17:45:00,UPI,Android,11556.32,INR,481183.22,302,No,50,Yes,Failed,Medium,0
TXN003248,CUST0851,Pune,MER093,Entertainment,2026-11-19 19:00:00,Wallet,Android,15603.76,INR,123573.54,675,No,36,Yes,Pending,Medium,0
TXN003249,CUST1121,Hyderabad,MER020,Travel,2026-05-01 10:20:00,Credit Card,Android,47881.05,INR,180633.33,390,No,87,Yes,Failed,Low,0
TXN003250,CUST0781,Bengaluru,MER188,Food,2026-04-06 20:12:00,Debit Card,Web,35624.08,INR,182468.25,697,Yes,82,Yes,Pending,Low,0
TXN003251,CUST0315,Mumbai,MER132,Food,2026-11-21 14:45:00,Debit Card,Web,25048.44,INR,466469.04,542,Yes,98,No,Success,Low,0
TXN003252,CUST0749,Bengaluru,MER070,Bills,2026-05-13 10:51:00,Credit Card,Android,74506.07,INR,134710.93,818,No,5,No,Failed,High,1
TXN003253,CUST0449,Delhi,MER188,Shopping,2026-05-27 07:22:00,Credit Card,Web,59607.25,INR,185946.69,868,Yes,68,Yes,Pending,Medium,0
TXN003254,CUST0609,Bengaluru,MER200,Healthcare,2026-07-24 02:07:00,UPI,Android,66224.33,INR,437240.82,668,No,92,Yes,Success,High,0
TXN003255,CUST0258,Hyderabad,MER199,Food,2026-07-30 10:41:00,Debit Card,Android,267.28,INR,152687.08,766,No,4,Yes,Failed,Medium,0
TXN003256,CUST0803,Delhi,MER166,Healthcare,2026-08-05 17:24:00,NetBanking,Web,1183.64,INR,483234.56,339,No,42,No,Pending,Medium,0
TXN003257,CUST0336,Mumbai,MER087,Shopping,2026-03-08 03:33:00,UPI,iPhone,64903.66,INR,120875.31,362,No,31,Yes,Pending,Low,0
TXN003258,CUST0962,Pune,MER127,Bills,2026-10-04 06:29:00,Credit Card,iPhone,65057.92,INR,296275.86,393,No,92,Yes,Success,Low,0
TXN003259,CUST0296,Mumbai,MER081,Healthcare,2026-05-30 16:44:00,UPI,iPhone,41078.08,INR,1987.45,434,No,43,No,Success,Low,0
TXN003260,CUST0350,Delhi,MER123,Food,2026-02-24 03:02:00,Credit Card,Web,19608.36,INR,66618.98,357,Yes,4,Yes,Success,Low,0
TXN003261,CUST0351,Bengaluru,MER083,Shopping,2026-08-30 03:12:00,Credit Card,iPhone,33580.32,INR,31624.58,900,No,73,Yes,Pending,Low,0
TXN003262,CUST0661,Hyderabad,MER060,Entertainment,2026-12-09 14:25:00,Wallet,iPhone,25187.08,INR,92712.91,587,No,53,No,Failed,Medium,0
TXN003263,CUST0931,Hyderabad,MER297,Shopping,2026-03-20 11:20:00,Wallet,Android,4219.22,INR,452647.42,303,Yes,1,No,Success,High,0
TXN003264,CUST0487,Hyderabad,MER029,Travel,2026-06-26 15:20:00,Credit Card,Android,4050.46,INR,360939.16,642,No,61,Yes,Failed,Low,0
TXN003265,CUST0406,Hyderabad,MER096,Healthcare,2026-02-23 00:05:00,Debit Card,iPhone,36751.44,INR,406014.4,858,No,91,No,Failed,Low,0
TXN003266,CUST0616,Mumbai,MER258,Travel,2026-01-24 07:29:00,Debit Card,iPhone,40800.98,INR,83922.11,463,Yes,24,Yes,Pending,Low,0
TXN003267,CUST0170,Mumbai,MER257,Shopping,2026-03-06 07:10:00,Credit Card,Android,14775.56,INR,169587.82,328,No,19,No,Pending,Low,0
TXN003268,CUST0087,Pune,MER143,Shopping,2026-01-28 02:12:00,Credit Card,iPhone,57860.39,INR,169858.53,464,Yes,76,Yes,Failed,Medium,0
TXN003269,CUST1070,Bengaluru,MER113,Healthcare,2026-09-15 03:09:00,Credit Card,Web,29102.53,INR,322412.57,335,No,54,Yes,Pending,High,0
TXN003270,CUST0941,Delhi,MER058,Shopping,2026-12-03 02:33:00,Credit Card,iPhone,51873.72,INR,276855.55,539,Yes,92,No,Pending,High,1
TXN003271,CUST0045,Delhi,MER125,Food,2026-07-30 22:03:00,Debit Card,iPhone,70746.66,INR,281135.02,670,No,8,Yes,Failed,Medium,0
TXN003272,CUST0392,Pune,MER003,Bills,2026-01-02 15:08:00,NetBanking,iPhone,9700.7,INR,437114.28,371,No,78,No,Pending,Medium,0
TXN003273,CUST0956,Delhi,MER087,Entertainment,2026-08-14 15:38:00,UPI,iPhone,29548.3,INR,274308.43,675,No,47,Yes,Pending,High,0
TXN003274,CUST0286,Hyderabad,MER001,Entertainment,2026-03-04 21:11:00,Debit Card,Android,57837.64,INR,339066.24,677,No,81,Yes,Success,High,0
TXN003275,CUST0728,Hyderabad,MER092,Entertainment,2026-04-21 10:06:00,UPI,Android,50102.53,INR,211987.55,717,No,54,Yes,Pending,High,0
TXN003276,CUST1165,Hyderabad,MER155,Bills,2026-01-13 21:21:00,Credit Card,Android,62058.76,INR,212723.61,573,Yes,37,No,Success,High,0
TXN003277,CUST0555,Mumbai,MER072,Bills,2026-08-19 19:17:00,UPI,iPhone,11708.09,INR,494283.82,605,Yes,90,Yes,Failed,Low,0
TXN003278,CUST0546,Mumbai,MER062,Food,2026-08-10 14:52:00,UPI,iPhone,25905.35,INR,338235.29,721,Yes,84,Yes,Pending,High,0
TXN003279,CUST0160,Mumbai,MER084,Shopping,2026-03-01 12:06:00,Wallet,iPhone,27399.43,INR,293644.9,588,No,71,No,Success,Medium,0
TXN003280,CUST0781,Delhi,MER145,Travel,2026-07-04 07:47:00,Wallet,Web,32885.02,INR,468297.64,538,Yes,60,Yes,Failed,High,0
TXN003281,CUST0142,Pune,MER056,Travel,2026-04-18 03:51:00,Debit Card,Web,5968.27,INR,385914.64,680,No,78,No,Success,Low,0
TXN003282,CUST0630,Bengaluru,MER011,Food,2026-04-12 18:00:00,Debit Card,Web,8453.04,INR,35718.81,355,Yes,57,Yes,Pending,Low,0
TXN003283,CUST1168,Mumbai,MER016,Shopping,2026-07-26 23:06:00,NetBanking,Android,51584.76,INR,9121.87,724,No,8,No,Success,Low,0
TXN003284,CUST0563,Mumbai,MER039,Food,2026-10-19 12:45:00,Debit Card,iPhone,5522.37,INR,393137.23,522,Yes,47,No,Pending,Medium,0
TXN003285,CUST0882,Hyderabad,MER184,Entertainment,2026-02-12 03:32:00,Debit Card,Android,2936.48,INR,133174.61,533,No,10,No,Failed,Low,0
TXN003286,CUST0270,Hyderabad,MER243,Food,2026-09-07 12:14:00,Credit Card,Android,42519.24,INR,172037.92,535,No,15,Yes,Failed,Low,0
TXN003287,CUST0890,Mumbai,MER242,Food,2026-04-04 05:26:00,Credit Card,iPhone,8828.79,INR,308552.08,569,Yes,5,No,Success,High,0
TXN003288,CUST0522,Hyderabad,MER096,Shopping,2026-05-07 14:47:00,Credit Card,Android,64278.41,INR,424829.84,336,No,26,No,Success,Low,1
TXN003289,CUST0660,Pune,MER280,Entertainment,2026-04-22 11:27:00,Debit Card,Web,10939.01,INR,374059.93,607,Yes,71,No,Pending,Low,0
TXN003290,CUST0651,Mumbai,MER121,Bills,2026-01-15 04:34:00,UPI,Web,55481.91,INR,8452.29,896,Yes,10,Yes,Pending,Medium,0
TXN003291,CUST1035,Pune,MER085,Entertainment,2026-11-10 15:18:00,NetBanking,iPhone,57949.01,INR,470804.95,413,Yes,85,Yes,Pending,High,1
TXN003292,CUST0158,Delhi,MER132,Healthcare,2026-02-24 14:55:00,Debit Card,iPhone,33570.88,INR,318325.46,605,No,6,Yes,Failed,Medium,0
TXN003293,CUST0498,Bengaluru,MER222,Entertainment,2026-08-05 17:05:00,Wallet,iPhone,19559.7,INR,447223.48,861,Yes,11,Yes,Failed,Low,0
TXN003294,CUST0278,Hyderabad,MER076,Shopping,2026-03-10 19:43:00,UPI,Web,71415.54,INR,213607.41,782,No,80,Yes,Pending,Medium,1
TXN003295,CUST0024,Hyderabad,MER002,Healthcare,2026-09-09 15:29:00,Credit Card,iPhone,34174.65,INR,480358.44,815,Yes,82,No,Success,High,0
TXN003296,CUST0199,Delhi,MER233,Healthcare,2026-03-06 23:00:00,UPI,Web,52102.26,INR,90965.08,554,No,50,Yes,Pending,Medium,0
TXN003297,CUST0914,Mumbai,MER167,Entertainment,2026-02-12 15:32:00,Credit Card,iPhone,48227.04,INR,322561.41,710,Yes,88,No,Pending,Medium,1
TXN003298,CUST0041,Bengaluru,MER139,Food,2026-09-03 04:19:00,Credit Card,Web,58195.85,INR,14455.98,881,Yes,85,No,Failed,Medium,0
TXN003299,CUST1083,Hyderabad,MER118,Travel,2026-03-21 13:39:00,NetBanking,Web,16242.18,INR,324437.4,654,Yes,51,No,Pending,Medium,0
TXN003300,CUST0018,Delhi,MER182,Food,2026-07-11 13:21:00,UPI,Web,48214.71,INR,19422.08,349,Yes,71,Yes,Success,Medium,0
TXN003301,CUST0099,Bengaluru,MER259,Food,2026-05-08 23:19:00,Debit Card,iPhone,46937.5,INR,464135.22,619,Yes,75,No,Success,Low,0
TXN003302,CUST0804,Pune,MER191,Food,2026-09-12 13:24:00,Credit Card,Web,19608.47,INR,318211.54,898,Yes,57,No,Success,High,0
TXN003303,CUST0225,Delhi,MER275,Travel,2026-05-31 09:20:00,Wallet,Web,8841.45,INR,132500.14,314,Yes,18,Yes,Failed,Medium,0
TXN003304,CUST0192,Pune,MER245,Bills,2026-06-09 19:02:00,Debit Card,iPhone,20945.66,INR,12622.02,341,No,25,No,Failed,High,0
TXN003305,CUST0913,Delhi,MER068,Travel,2026-08-15 00:35:00,Debit Card,Android,65312.47,INR,358377.9,553,No,5,Yes,Pending,Low,0
TXN003306,CUST1138,Hyderabad,MER227,Shopping,2026-11-18 07:18:00,Wallet,iPhone,15983.89,INR,475806.71,508,No,10,No,Success,Medium,0
TXN003307,CUST1012,Delhi,MER104,Healthcare,2026-12-07 02:08:00,Credit Card,iPhone,49611.19,INR,1518.5,407,Yes,8,No,Pending,Low,0
TXN003308,CUST1106,Pune,MER002,Food,2026-01-02 02:43:00,Credit Card,Web,57196.22,INR,72510.11,305,Yes,31,No,Success,Medium,0
TXN003309,CUST0051,Bengaluru,MER238,Shopping,2026-06-28 01:31:00,NetBanking,Web,741.99,INR,403513.11,662,Yes,52,No,Success,High,0
TXN003310,CUST0534,Delhi,MER137,Healthcare,2026-01-18 11:13:00,Debit Card,Android,1405.35,INR,392254.29,595,No,92,Yes,Failed,High,0
TXN003311,CUST0955,Hyderabad,MER068,Bills,2026-02-08 02:29:00,UPI,iPhone,10615.44,INR,135015.12,338,Yes,93,No,Success,High,0
TXN003312,CUST0845,Delhi,MER170,Healthcare,2026-02-21 17:49:00,UPI,Web,63701.94,INR,265670.22,624,No,70,No,Failed,High,0
TXN003313,CUST0394,Bengaluru,MER231,Shopping,2026-05-09 06:14:00,Credit Card,Web,43218.32,INR,481731.31,845,Yes,23,Yes,Pending,Medium,0
TXN003314,CUST0623,Delhi,MER131,Travel,2026-09-24 11:35:00,Credit Card,Web,41743.24,INR,338249.99,751,Yes,49,Yes,Pending,Low,0
TXN003315,CUST0457,Hyderabad,MER157,Bills,2026-05-23 20:22:00,Credit Card,Android,38416.54,INR,264785.08,523,No,24,Yes,Success,Low,0
TXN003316,CUST0998,Bengaluru,MER176,Travel,2026-11-05 08:45:00,Credit Card,iPhone,21427.6,INR,200347.85,380,No,9,Yes,Success,Medium,0
TXN003317,CUST1072,Bengaluru,MER210,Food,2026-02-02 06:24:00,UPI,iPhone,36905.61,INR,472767.88,737,No,65,No,Pending,High,0
TXN003318,CUST0757,Hyderabad,MER185,Healthcare,2026-02-17 14:54:00,NetBanking,Android,12021.68,INR,278839.18,637,No,90,Yes,Pending,High,0
TXN003319,CUST0690,Pune,MER120,Healthcare,2026-07-20 10:38:00,Wallet,Android,22554.73,INR,263975.73,503,No,49,No,Pending,Low,0
TXN003320,CUST0603,Bengaluru,MER272,Bills,2026-01-16 20:32:00,Credit Card,Web,39247.67,INR,355857.82,638,Yes,24,Yes,Success,Medium,0
TXN003321,CUST0982,Pune,MER239,Healthcare,2026-10-18 12:13:00,UPI,Web,49716.49,INR,22181.26,598,No,67,No,Success,Low,0
TXN003322,CUST0463,Mumbai,MER142,Shopping,2026-01-26 15:30:00,Credit Card,Web,26931.33,INR,264378.93,557,No,35,Yes,Pending,Low,0
TXN003323,CUST1067,Pune,MER156,Entertainment,2026-06-28 22:23:00,Debit Card,Android,14963.64,INR,441889.93,324,No,40,Yes,Pending,Low,0
TXN003324,CUST0729,Pune,MER029,Bills,2026-07-05 02:08:00,Wallet,iPhone,3455.86,INR,223783.55,640,No,1,Yes,Failed,Low,0
TXN003325,CUST0786,Pune,MER113,Bills,2026-11-09 14:48:00,Wallet,Android,72885.59,INR,109421.19,698,Yes,35,Yes,Failed,Medium,1
TXN003326,CUST0191,Hyderabad,MER115,Travel,2026-08-13 05:06:00,Debit Card,iPhone,21077.44,INR,208455.9,365,No,66,Yes,Pending,Medium,0
TXN003327,CUST1118,Delhi,MER039,Bills,2026-07-12 01:18:00,Credit Card,Web,48950.66,INR,225351.08,670,No,61,Yes,Success,Medium,0
TXN003328,CUST0801,Pune,MER041,Bills,2026-09-01 19:55:00,Debit Card,Android,5142.27,INR,298137.7,613,Yes,93,Yes,Success,High,0
TXN003329,CUST1047,Mumbai,MER169,Healthcare,2026-08-27 09:30:00,Wallet,Android,44121.11,INR,223608.45,555,No,62,No,Failed,Medium,0
TXN003330,CUST0610,Hyderabad,MER063,Shopping,2026-05-06 10:43:00,UPI,Android,19567.87,INR,226400.25,306,Yes,69,Yes,Failed,Medium,0
TXN003331,CUST0701,Mumbai,MER292,Travel,2026-11-29 10:40:00,Wallet,iPhone,59826.69,INR,181610.57,483,No,48,No,Failed,High,0
TXN003332,CUST0625,Bengaluru,MER262,Healthcare,2026-03-31 20:35:00,NetBanking,iPhone,61874.07,INR,181263.13,666,No,31,No,Pending,Medium,1
TXN003333,CUST0101,Bengaluru,MER135,Bills,2026-01-13 05:49:00,Debit Card,iPhone,47135.93,INR,442834.46,806,No,46,Yes,Pending,High,0
TXN003334,CUST0140,Bengaluru,MER240,Bills,2026-10-09 06:19:00,NetBanking,Android,73383.07,INR,417575.75,363,No,31,No,Pending,Low,0
TXN003335,CUST0724,Bengaluru,MER120,Shopping,2026-08-26 04:21:00,Debit Card,Android,64963.88,INR,13301.65,896,No,92,Yes,Pending,Medium,0
TXN003336,CUST0362,Delhi,MER032,Travel,2026-08-13 00:29:00,Debit Card,Web,23318.68,INR,382561.29,608,No,66,No,Pending,High,0
TXN003337,CUST0096,Bengaluru,MER232,Bills,2026-03-14 14:03:00,Debit Card,Web,66743.09,INR,87875.36,469,No,57,No,Success,Low,0
TXN003338,CUST0397,Hyderabad,MER275,Food,2026-05-05 07:00:00,Wallet,Android,26334.44,INR,419609.31,713,Yes,9,No,Success,Medium,0
TXN003339,CUST1081,Hyderabad,MER102,Food,2026-04-17 05:28:00,UPI,Web,69931.9,INR,320264.15,520,Yes,73,Yes,Failed,Medium,0
TXN003340,CUST0247,Hyderabad,MER087,Shopping,2026-09-29 21:02:00,Wallet,Web,31166.04,INR,362465.85,835,No,62,No,Success,High,0
TXN003341,CUST0640,Hyderabad,MER292,Entertainment,2026-08-18 08:59:00,Credit Card,Android,5718.23,INR,129559.04,714,No,57,Yes,Pending,Medium,0
TXN003342,CUST0189,Delhi,MER266,Entertainment,2026-07-27 19:33:00,Debit Card,iPhone,7705.45,INR,305232.59,641,No,69,No,Pending,Low,0
TXN003343,CUST0310,Bengaluru,MER258,Food,2026-01-10 10:15:00,NetBanking,Android,14437.26,INR,146864.76,371,Yes,100,No,Success,Medium,0
TXN003344,CUST0586,Hyderabad,MER050,Food,2026-05-06 22:11:00,Debit Card,Web,25597.04,INR,495944.42,485,Yes,72,Yes,Pending,Medium,0
TXN003345,CUST0004,Hyderabad,MER014,Bills,2026-06-16 02:25:00,Wallet,Web,6336.7,INR,214291.62,502,Yes,27,Yes,Failed,Medium,0
TXN003346,CUST0396,Hyderabad,MER152,Travel,2026-05-07 23:41:00,Debit Card,Android,23467.29,INR,427769.6,669,Yes,32,Yes,Pending,Low,0
TXN003347,CUST0615,Hyderabad,MER231,Shopping,2026-10-08 01:57:00,NetBanking,Android,2499.15,INR,146824.73,666,No,61,Yes,Success,Low,0
TXN003348,CUST1092,Mumbai,MER190,Healthcare,2026-03-13 10:13:00,Credit Card,Android,52722.08,INR,34419.91,572,Yes,43,No,Failed,Medium,0
TXN003349,CUST0965,Bengaluru,MER262,Healthcare,2026-09-07 22:22:00,Credit Card,iPhone,60349.52,INR,250775.63,540,No,81,No,Pending,Medium,0
TXN003350,CUST0240,Pune,MER207,Travel,2026-10-01 15:30:00,Credit Card,iPhone,53957.33,INR,429858.2,497,Yes,82,Yes,Failed,High,0
TXN003351,CUST1189,Delhi,MER076,Healthcare,2026-08-11 00:44:00,Credit Card,Android,58827.38,INR,45700.38,479,No,58,No,Success,High,1
TXN003352,CUST0990,Bengaluru,MER087,Food,2026-07-29 15:51:00,NetBanking,Web,57095.72,INR,104316.86,791,Yes,16,Yes,Success,Low,0
TXN003353,CUST1035,Mumbai,MER021,Food,2026-05-15 09:04:00,UPI,Web,16180.48,INR,475364.67,676,No,39,No,Failed,Low,0
TXN003354,CUST0125,Hyderabad,MER263,Food,2026-12-12 21:24:00,Credit Card,Android,32604.55,INR,155868.83,331,Yes,42,No,Failed,High,0
TXN003355,CUST0411,Pune,MER141,Travel,2026-12-01 02:34:00,Credit Card,iPhone,1290.55,INR,1485.12,666,No,34,Yes,Success,Low,0
TXN003356,CUST0705,Delhi,MER295,Shopping,2026-08-14 12:50:00,NetBanking,Android,55157.83,INR,289384.74,785,Yes,77,No,Pending,High,1
TXN003357,CUST0482,Hyderabad,MER150,Food,2026-06-28 10:36:00,Wallet,iPhone,3558.47,INR,477177.39,882,Yes,3,No,Pending,Medium,0
TXN003358,CUST0815,Pune,MER292,Food,2026-11-20 23:39:00,UPI,iPhone,40661.65,INR,412424.73,313,Yes,97,Yes,Failed,High,0
TXN003359,CUST0037,Bengaluru,MER198,Shopping,2026-03-18 12:51:00,NetBanking,iPhone,16267.34,INR,182595.45,500,No,78,No,Success,Low,0
TXN003360,CUST0848,Pune,MER060,Shopping,2026-03-13 12:35:00,Debit Card,Android,4430.43,INR,402243.07,329,No,29,Yes,Failed,Medium,0
TXN003361,CUST1149,Bengaluru,MER288,Entertainment,2026-09-08 15:38:00,NetBanking,Android,55881.51,INR,432212.45,607,No,6,No,Failed,Medium,0
TXN003362,CUST0661,Delhi,MER050,Entertainment,2026-05-28 06:46:00,NetBanking,Web,41361.56,INR,105948.92,589,Yes,43,No,Pending,Medium,0
TXN003363,CUST1159,Mumbai,MER190,Travel,2026-07-26 08:49:00,UPI,Web,7498.69,INR,1733.56,825,Yes,89,No,Failed,Medium,0
TXN003364,CUST0738,Mumbai,MER038,Healthcare,2026-11-29 17:31:00,Debit Card,Web,33056.82,INR,252640.15,687,Yes,34,Yes,Pending,Medium,0
TXN003365,CUST1055,Bengaluru,MER074,Shopping,2026-10-09 16:22:00,NetBanking,Web,10847.4,INR,162904.26,826,Yes,78,Yes,Success,Medium,1
TXN003366,CUST0423,Pune,MER079,Food,2026-05-15 01:34:00,NetBanking,Web,1797.56,INR,205347.49,613,No,27,Yes,Failed,Medium,0
TXN003367,CUST0160,Mumbai,MER132,Food,2026-09-21 03:58:00,NetBanking,iPhone,39047.23,INR,345989.35,420,No,2,No,Success,High,0
TXN003368,CUST0792,Pune,MER254,Food,2026-01-01 20:34:00,UPI,iPhone,5410.82,INR,257838.02,666,No,94,Yes,Pending,High,0
TXN003369,CUST0514,Bengaluru,MER054,Food,2026-11-15 11:07:00,NetBanking,iPhone,10154.61,INR,339513.87,469,No,42,Yes,Pending,High,0
TXN003370,CUST0740,Hyderabad,MER041,Shopping,2026-04-08 21:56:00,UPI,Android,28901.33,INR,331918.14,877,No,8,Yes,Success,High,0
TXN003371,CUST0683,Mumbai,MER131,Food,2026-06-30 16:19:00,Wallet,Android,14322.89,INR,56230.7,615,Yes,21,No,Pending,Low,0
TXN003372,CUST0278,Hyderabad,MER040,Travel,2026-02-14 22:43:00,Wallet,iPhone,44926.39,INR,498121.38,877,No,67,Yes,Pending,High,0
TXN003373,CUST0338,Mumbai,MER113,Entertainment,2026-01-09 08:22:00,UPI,iPhone,4544.88,INR,227923.54,690,No,48,No,Pending,Medium,0
TXN003374,CUST1124,Mumbai,MER199,Healthcare,2026-04-22 22:22:00,UPI,iPhone,67928.17,INR,121181.61,588,No,22,Yes,Pending,Low,1
TXN003375,CUST0115,Delhi,MER103,Healthcare,2026-09-03 08:52:00,NetBanking,Web,56252.52,INR,7792.02,676,Yes,79,No,Success,High,1
TXN003376,CUST0474,Hyderabad,MER079,Shopping,2026-12-13 20:09:00,Wallet,iPhone,48087.98,INR,90384.67,326,No,24,No,Failed,Low,0
TXN003377,CUST0163,Delhi,MER236,Healthcare,2026-07-05 07:08:00,UPI,iPhone,71507.81,INR,170446.36,393,No,76,No,Pending,Medium,0
TXN003378,CUST0506,Delhi,MER072,Travel,2026-02-04 23:06:00,Wallet,Android,12576.62,INR,64979.26,612,Yes,34,No,Pending,High,0
TXN003379,CUST0332,Pune,MER080,Healthcare,2026-01-28 16:42:00,Wallet,Android,12884.35,INR,192595.32,408,Yes,93,No,Success,Low,0
TXN003380,CUST1005,Bengaluru,MER057,Travel,2026-02-08 20:16:00,Debit Card,iPhone,23441.38,INR,479443.85,688,Yes,93,No,Success,Low,0
TXN003381,CUST0575,Pune,MER113,Food,2026-01-06 12:53:00,UPI,Android,16416.62,INR,106255.97,588,No,39,No,Success,Low,0
TXN003382,CUST0980,Bengaluru,MER015,Shopping,2026-05-03 06:24:00,NetBanking,Android,21164.09,INR,369753.64,789,No,4,Yes,Failed,Low,0
TXN003383,CUST0969,Bengaluru,MER299,Entertainment,2026-07-08 15:36:00,Wallet,Web,55541.85,INR,92731.95,712,No,83,No,Success,Low,0
TXN003384,CUST0918,Hyderabad,MER149,Healthcare,2026-08-15 16:02:00,Wallet,iPhone,15892.59,INR,84778.41,757,No,25,Yes,Pending,Medium,1
TXN003385,CUST0908,Pune,MER055,Healthcare,2026-11-11 10:04:00,Debit Card,iPhone,37962.1,INR,157774.83,664,Yes,17,Yes,Success,Low,0
TXN003386,CUST0991,Pune,MER145,Travel,2026-02-16 19:36:00,Debit Card,Web,10819.63,INR,362763.09,541,Yes,27,Yes,Failed,Low,0
TXN003387,CUST0153,Hyderabad,MER208,Entertainment,2026-11-11 01:21:00,NetBanking,Web,15930.42,INR,236363.02,614,No,75,No,Success,Medium,0
TXN003388,CUST1080,Bengaluru,MER170,Food,2026-10-16 06:54:00,UPI,Android,8603.35,INR,185666.23,858,No,17,Yes,Pending,Low,0
TXN003389,CUST0756,Bengaluru,MER206,Food,2026-03-08 04:18:00,Wallet,iPhone,68514.55,INR,65983.56,712,Yes,93,No,Failed,High,0
TXN003390,CUST0771,Bengaluru,MER106,Bills,2026-01-26 04:35:00,Debit Card,iPhone,40338.64,INR,323828.68,808,No,4,Yes,Failed,High,0
TXN003391,CUST1020,Bengaluru,MER133,Entertainment,2026-04-22 16:56:00,Debit Card,Android,52034.57,INR,31162.95,799,No,100,No,Success,Medium,0
TXN003392,CUST0420,Hyderabad,MER200,Bills,2026-01-19 23:46:00,Debit Card,iPhone,23026.85,INR,269827.75,706,No,15,Yes,Pending,High,0
TXN003393,CUST0346,Hyderabad,MER226,Entertainment,2026-03-22 04:39:00,Debit Card,iPhone,5720.07,INR,232361.69,727,No,67,No,Failed,High,0
TXN003394,CUST0497,Pune,MER265,Healthcare,2026-02-08 01:36:00,Debit Card,iPhone,9424.53,INR,248258.38,591,Yes,28,No,Failed,High,0
TXN003395,CUST0898,Bengaluru,MER234,Entertainment,2026-10-21 21:02:00,UPI,Web,57565.7,INR,230680.8,362,No,57,Yes,Failed,High,0
TXN003396,CUST0432,Pune,MER011,Food,2026-06-26 13:25:00,Credit Card,Android,47999.67,INR,388335.36,568,Yes,20,No,Success,Medium,0
TXN003397,CUST0376,Bengaluru,MER284,Shopping,2026-05-20 01:04:00,Wallet,Web,44089.54,INR,64461.87,353,No,47,No,Pending,High,0
TXN003398,CUST0215,Hyderabad,MER241,Shopping,2026-08-20 01:41:00,NetBanking,iPhone,12210.47,INR,216103.97,459,No,40,Yes,Pending,Medium,0
TXN003399,CUST1035,Mumbai,MER079,Food,2026-03-09 07:07:00,Credit Card,Android,16217.65,INR,138325.21,303,No,38,No,Success,Medium,0
TXN003400,CUST0127,Pune,MER143,Healthcare,2026-06-17 23:08:00,Wallet,Android,12161.69,INR,311831.55,762,Yes,57,Yes,Failed,Low,0
TXN003401,CUST0330,Pune,MER294,Shopping,2026-05-22 21:27:00,NetBanking,Android,4139.83,INR,394820.55,360,No,94,Yes,Failed,High,0
TXN003402,CUST1164,Hyderabad,MER059,Entertainment,2026-09-20 10:33:00,Debit Card,Web,26066.13,INR,260398.44,579,No,17,Yes,Failed,Medium,0
TXN003403,CUST0212,Pune,MER018,Entertainment,2026-03-04 03:04:00,UPI,Web,43536.41,INR,285293.86,803,No,96,Yes,Failed,Low,0
TXN003404,CUST0382,Pune,MER186,Food,2026-09-11 14:20:00,Wallet,iPhone,71074.31,INR,63179.86,685,No,76,Yes,Pending,Medium,0
TXN003405,CUST0725,Mumbai,MER042,Shopping,2026-09-05 02:57:00,Credit Card,iPhone,2079.15,INR,449512.99,483,Yes,64,Yes,Failed,Low,0
TXN003406,CUST0933,Hyderabad,MER087,Travel,2026-02-22 05:06:00,NetBanking,iPhone,5918.65,INR,127645.18,640,Yes,94,No,Failed,Medium,0
TXN003407,CUST0068,Pune,MER249,Bills,2026-11-19 20:12:00,Wallet,Web,12346.18,INR,433362.73,761,Yes,65,Yes,Success,Low,0
TXN003408,CUST0717,Mumbai,MER298,Travel,2026-12-11 01:21:00,Credit Card,Web,4799.22,INR,112038.13,468,Yes,27,No,Failed,Medium,0
TXN003409,CUST1074,Pune,MER204,Entertainment,2026-03-30 03:58:00,Credit Card,iPhone,3336.81,INR,140049.86,708,No,53,Yes,Failed,Low,0
TXN003410,CUST0812,Delhi,MER167,Entertainment,2026-04-24 05:29:00,Credit Card,iPhone,69471.53,INR,293185.67,501,No,8,Yes,Success,Medium,0
TXN003411,CUST0790,Bengaluru,MER018,Shopping,2026-06-22 10:12:00,Wallet,Android,50281.98,INR,26177.82,737,No,34,No,Success,High,1
TXN003412,CUST1003,Hyderabad,MER017,Travel,2026-08-13 23:41:00,Wallet,iPhone,56122.35,INR,462390.88,333,No,2,Yes,Failed,Medium,0
TXN003413,CUST0924,Mumbai,MER141,Bills,2026-09-01 01:07:00,Debit Card,iPhone,58393.12,INR,491098.93,706,Yes,38,No,Success,Low,0
TXN003414,CUST0829,Delhi,MER202,Entertainment,2026-03-27 16:15:00,Credit Card,Android,43894.41,INR,336970.6,796,Yes,98,Yes,Success,Medium,0
TXN003415,CUST0712,Bengaluru,MER088,Entertainment,2026-06-15 08:01:00,Credit Card,Web,38160.84,INR,39511.93,598,Yes,98,Yes,Success,High,0
TXN003416,CUST1119,Delhi,MER037,Healthcare,2026-06-11 07:41:00,Debit Card,iPhone,10669.57,INR,483356.54,699,Yes,63,No,Failed,High,0
TXN003417,CUST0530,Delhi,MER267,Healthcare,2026-11-11 01:38:00,Credit Card,iPhone,36352.54,INR,217011.66,811,Yes,31,No,Success,High,0
TXN003418,CUST0399,Hyderabad,MER262,Travel,2026-05-23 20:32:00,UPI,iPhone,15092.67,INR,416768.64,890,Yes,50,No,Pending,Medium,0
TXN003419,CUST1111,Pune,MER247,Healthcare,2026-05-15 10:17:00,Wallet,iPhone,28703.1,INR,120052.23,325,Yes,24,Yes,Failed,Medium,0
TXN003420,CUST0838,Pune,MER144,Bills,2026-11-15 02:43:00,UPI,Web,1033.77,INR,78538.82,336,Yes,29,No,Success,Medium,0
TXN003421,CUST0968,Delhi,MER231,Travel,2026-07-01 14:45:00,NetBanking,Android,10668.11,INR,289813.43,447,No,93,No,Pending,Medium,0
TXN003422,CUST0854,Mumbai,MER127,Entertainment,2026-09-23 09:15:00,Credit Card,iPhone,19517.01,INR,365750.32,823,Yes,19,No,Success,High,0
TXN003423,CUST1055,Pune,MER177,Healthcare,2026-07-02 21:31:00,UPI,Web,35360.25,INR,455079.17,726,Yes,86,Yes,Pending,High,0
TXN003424,CUST1095,Bengaluru,MER032,Shopping,2026-01-08 01:37:00,NetBanking,Android,61418.07,INR,116331.16,481,No,19,No,Failed,Medium,1
TXN003425,CUST0737,Bengaluru,MER133,Travel,2026-05-22 21:19:00,Wallet,Android,62183.13,INR,398832.59,795,Yes,24,Yes,Success,Medium,1
TXN003426,CUST0656,Pune,MER050,Bills,2026-08-14 04:31:00,NetBanking,Android,74750.27,INR,388880.44,490,No,33,No,Success,Low,1
TXN003427,CUST0141,Hyderabad,MER003,Healthcare,2026-05-26 06:20:00,Credit Card,iPhone,52852.52,INR,416788.6,632,Yes,29,Yes,Pending,Medium,0
TXN003428,CUST0699,Hyderabad,MER166,Travel,2026-08-22 12:42:00,NetBanking,iPhone,31968.63,INR,198162.73,612,No,9,Yes,Pending,Low,0
TXN003429,CUST0008,Hyderabad,MER080,Travel,2026-09-26 06:25:00,NetBanking,Android,15930.51,INR,291892.56,389,No,52,No,Failed,Low,0
TXN003430,CUST1042,Delhi,MER033,Bills,2026-06-16 19:10:00,Wallet,Web,58150.47,INR,437129.61,663,Yes,77,No,Failed,High,0
TXN003431,CUST0377,Mumbai,MER102,Bills,2026-04-11 00:42:00,Debit Card,Web,33222.58,INR,354911.18,655,Yes,38,Yes,Failed,High,0
TXN003432,CUST0516,Mumbai,MER152,Healthcare,2026-02-07 17:09:00,Wallet,Android,359.69,INR,215482.78,422,No,60,No,Failed,High,0
TXN003433,CUST0298,Pune,MER096,Entertainment,2026-04-20 18:42:00,Credit Card,Web,67553.16,INR,54749.63,791,Yes,66,Yes,Pending,High,1
TXN003434,CUST0477,Delhi,MER228,Travel,2026-02-07 20:23:00,Wallet,iPhone,65543.17,INR,51367.05,480,No,70,Yes,Pending,High,0
TXN003435,CUST0422,Mumbai,MER087,Bills,2026-02-06 19:36:00,UPI,iPhone,24533.06,INR,157722.35,630,Yes,28,No,Pending,Medium,0
TXN003436,CUST0462,Pune,MER226,Food,2026-08-09 10:27:00,UPI,iPhone,54895.22,INR,115886.45,500,No,34,No,Pending,Low,0
TXN003437,CUST0433,Mumbai,MER260,Travel,2026-04-28 20:04:00,Debit Card,Android,52623.99,INR,242897.56,720,Yes,89,Yes,Success,Medium,0
TXN003438,CUST0522,Delhi,MER283,Entertainment,2026-01-16 03:06:00,Credit Card,Web,69229.94,INR,465663.68,654,No,16,No,Pending,High,1
TXN003439,CUST1054,Pune,MER219,Entertainment,2026-03-06 01:52:00,Debit Card,iPhone,73508.14,INR,298864.07,500,Yes,39,No,Success,High,0
TXN003440,CUST0445,Bengaluru,MER223,Food,2026-10-14 10:13:00,Credit Card,iPhone,31378.87,INR,233506.95,597,No,11,No,Success,Medium,0
TXN003441,CUST0494,Mumbai,MER232,Entertainment,2026-01-08 05:21:00,Wallet,Web,61956.03,INR,396849.1,542,No,61,Yes,Success,Medium,1
TXN003442,CUST0768,Mumbai,MER040,Travel,2026-02-09 07:52:00,Wallet,Web,52565.62,INR,407835.62,609,Yes,85,No,Pending,Medium,0
TXN003443,CUST0915,Mumbai,MER027,Shopping,2026-02-02 10:19:00,NetBanking,iPhone,10549.2,INR,85681.94,500,Yes,79,Yes,Pending,Medium,0
TXN003444,CUST0927,Delhi,MER286,Bills,2026-09-09 07:29:00,Debit Card,iPhone,66667.4,INR,482321.03,314,Yes,78,Yes,Pending,Medium,0
TXN003445,CUST0928,Delhi,MER168,Food,2026-04-05 20:15:00,Wallet,Android,25852.12,INR,217793.72,602,Yes,70,No,Success,Low,0
TXN003446,CUST0776,Hyderabad,MER173,Shopping,2026-05-06 20:43:00,Wallet,iPhone,45233.37,INR,409443.74,358,No,12,No,Success,Medium,0
TXN003447,CUST0804,Mumbai,MER210,Entertainment,2026-09-24 05:41:00,UPI,Android,70032.54,INR,255216.92,629,Yes,65,Yes,Success,Low,0
TXN003448,CUST0876,Hyderabad,MER263,Travel,2026-11-22 12:14:00,Debit Card,Android,70542.44,INR,466804.88,848,No,80,Yes,Pending,Medium,1
TXN003449,CUST0742,Bengaluru,MER201,Entertainment,2026-10-19 13:53:00,NetBanking,Android,66155.51,INR,71737.84,576,Yes,63,No,Success,Medium,0
TXN003450,CUST0199,Pune,MER237,Food,2026-10-22 01:13:00,Wallet,iPhone,30405.35,INR,430745.96,650,No,45,Yes,Pending,Medium,0
TXN003451,CUST1164,Bengaluru,MER173,Healthcare,2026-10-11 10:06:00,Credit Card,Web,69394.94,INR,132570.96,722,Yes,8,No,Pending,Low,0
TXN003452,CUST0567,Pune,MER229,Healthcare,2026-03-16 09:51:00,NetBanking,iPhone,39047.79,INR,456273.99,387,No,73,Yes,Failed,Low,0
TXN003453,CUST0068,Bengaluru,MER206,Bills,2026-11-03 19:03:00,Wallet,Android,68302.35,INR,156329.6,446,No,64,No,Success,Medium,0
TXN003454,CUST0326,Hyderabad,MER239,Food,2026-03-15 04:53:00,Debit Card,iPhone,1713.81,INR,460530.88,741,No,30,Yes,Failed,High,0
TXN003455,CUST0657,Pune,MER001,Healthcare,2026-01-11 06:03:00,Wallet,Web,66116.75,INR,328139.75,400,No,3,No,Success,Low,0
TXN003456,CUST0211,Delhi,MER022,Shopping,2026-02-13 02:06:00,UPI,iPhone,21051.16,INR,25886.06,456,Yes,18,Yes,Pending,Low,0
TXN003457,CUST0432,Bengaluru,MER015,Food,2026-03-07 07:04:00,NetBanking,Web,61722.95,INR,178592.27,365,Yes,39,No,Failed,High,1
TXN003458,CUST0113,Delhi,MER190,Shopping,2026-02-16 01:47:00,Credit Card,iPhone,62176.06,INR,252505.07,328,No,79,No,Failed,Medium,0
TXN003459,CUST0772,Bengaluru,MER145,Shopping,2026-02-19 15:54:00,Wallet,Android,52674.48,INR,98594.54,551,No,94,No,Failed,Low,1
TXN003460,CUST0596,Bengaluru,MER103,Food,2026-07-23 13:57:00,Credit Card,iPhone,42813.48,INR,45508.63,342,Yes,55,Yes,Failed,High,0
TXN003461,CUST0539,Bengaluru,MER022,Travel,2026-05-14 07:22:00,NetBanking,Android,57826.4,INR,437338.4,597,Yes,63,No,Pending,High,1
TXN003462,CUST0479,Pune,MER233,Food,2026-07-19 04:10:00,Credit Card,Android,73559.41,INR,313151.18,844,Yes,12,No,Pending,Low,1
TXN003463,CUST0451,Pune,MER271,Bills,2026-06-17 22:57:00,NetBanking,Android,66345.01,INR,337905.56,327,Yes,20,Yes,Pending,High,0
TXN003464,CUST1183,Hyderabad,MER004,Entertainment,2026-02-21 03:08:00,Debit Card,iPhone,18089.87,INR,304466.26,624,Yes,46,No,Failed,Medium,0
TXN003465,CUST0388,Delhi,MER150,Bills,2026-09-10 15:57:00,Credit Card,Web,49458.51,INR,195955.37,879,No,21,No,Success,High,0
TXN003466,CUST0538,Bengaluru,MER074,Food,2026-03-24 02:15:00,UPI,iPhone,11777.62,INR,317204.07,377,No,42,Yes,Pending,Low,0
TXN003467,CUST0392,Bengaluru,MER187,Bills,2026-02-20 09:42:00,NetBanking,iPhone,45120.95,INR,308241.14,648,Yes,74,Yes,Success,Medium,0
TXN003468,CUST1065,Mumbai,MER228,Bills,2026-04-27 11:51:00,Credit Card,iPhone,63764.42,INR,270580.03,353,Yes,89,No,Pending,Medium,0
TXN003469,CUST0351,Mumbai,MER286,Shopping,2026-07-19 11:06:00,Debit Card,Web,29352.94,INR,166268.82,486,Yes,10,Yes,Pending,Low,0
TXN003470,CUST0746,Delhi,MER156,Shopping,2026-07-20 10:56:00,Debit Card,iPhone,73650.06,INR,297722.24,304,No,35,Yes,Failed,Low,0
TXN003471,CUST0955,Pune,MER097,Entertainment,2026-02-19 00:44:00,Credit Card,Android,59894.38,INR,361564.69,762,No,43,Yes,Success,Medium,0
TXN003472,CUST1085,Mumbai,MER294,Food,2026-01-10 11:39:00,Credit Card,Android,58307.4,INR,4112.21,580,Yes,93,Yes,Success,High,0
TXN003473,CUST0139,Pune,MER077,Healthcare,2026-06-15 06:05:00,Credit Card,Web,36519.14,INR,171441.8,758,No,46,Yes,Success,Medium,0
TXN003474,CUST0115,Hyderabad,MER219,Entertainment,2026-09-29 03:02:00,Credit Card,Android,16111.11,INR,351271.57,485,Yes,45,Yes,Failed,Medium,0
TXN003475,CUST0357,Pune,MER085,Bills,2026-04-15 00:14:00,Wallet,Android,32217.67,INR,50228.33,512,Yes,39,No,Pending,High,0
TXN003476,CUST0753,Hyderabad,MER180,Bills,2026-02-28 02:46:00,UPI,Web,26084.56,INR,477238.82,633,Yes,75,No,Failed,Low,0
TXN003477,CUST0900,Hyderabad,MER101,Bills,2026-10-05 00:21:00,NetBanking,Web,56307.93,INR,489561.11,479,No,54,No,Pending,Medium,0
TXN003478,CUST1020,Hyderabad,MER214,Healthcare,2026-05-11 09:08:00,Debit Card,Web,40763.95,INR,248834.31,304,No,16,No,Failed,Low,0
TXN003479,CUST1191,Hyderabad,MER144,Shopping,2026-01-25 06:08:00,UPI,iPhone,29735.46,INR,293362.91,305,No,79,Yes,Failed,Medium,0
TXN003480,CUST0340,Hyderabad,MER135,Bills,2026-08-11 05:22:00,Wallet,Web,37740.9,INR,179197.89,858,Yes,100,No,Pending,Medium,1
TXN003481,CUST0799,Mumbai,MER260,Entertainment,2026-10-12 19:02:00,Credit Card,Web,30554.26,INR,186269.02,602,Yes,54,Yes,Failed,Medium,1
TXN003482,CUST0334,Pune,MER081,Travel,2026-05-02 20:02:00,Credit Card,Android,24.36,INR,93036.88,529,Yes,23,No,Failed,High,0
TXN003483,CUST0276,Hyderabad,MER194,Travel,2026-04-29 00:44:00,UPI,iPhone,61511.77,INR,256235.97,569,No,81,Yes,Failed,High,0
TXN003484,CUST0674,Delhi,MER190,Healthcare,2026-08-06 19:58:00,Credit Card,Web,7333.93,INR,492433.11,620,Yes,81,Yes,Failed,High,0
TXN003485,CUST0137,Hyderabad,MER178,Travel,2026-12-10 16:41:00,Debit Card,Web,64780.03,INR,324223.09,647,Yes,18,No,Pending,High,1
TXN003486,CUST0015,Bengaluru,MER023,Food,2026-07-19 14:18:00,UPI,iPhone,24140.56,INR,334016.24,888,No,32,Yes,Success,Low,0
TXN003487,CUST0490,Mumbai,MER217,Food,2026-07-25 12:56:00,NetBanking,Web,21549.07,INR,359277.01,355,No,86,Yes,Failed,High,0
TXN003488,CUST0798,Pune,MER232,Entertainment,2026-04-09 00:13:00,UPI,Android,74647.19,INR,423601.19,670,No,47,Yes,Failed,High,1
TXN003489,CUST0345,Pune,MER009,Entertainment,2026-04-20 02:42:00,Credit Card,Android,74405.5,INR,338277.57,601,Yes,66,Yes,Pending,High,0
TXN003490,CUST0074,Hyderabad,MER281,Bills,2026-03-05 09:01:00,Debit Card,iPhone,69467.89,INR,18379.83,682,No,16,No,Success,High,0
TXN003491,CUST0758,Hyderabad,MER239,Food,2026-11-01 09:41:00,Wallet,Web,3630.78,INR,497658.44,330,No,12,No,Pending,Medium,0
TXN003492,CUST0206,Mumbai,MER278,Shopping,2026-10-14 23:13:00,NetBanking,Android,8473.64,INR,190558.78,620,No,76,No,Pending,Low,0
TXN003493,CUST0839,Bengaluru,MER068,Travel,2026-06-01 09:49:00,NetBanking,Web,36338.67,INR,56099.19,683,No,73,No,Pending,Low,0
TXN003494,CUST1073,Mumbai,MER255,Bills,2026-02-15 07:10:00,UPI,Android,32633.44,INR,85684.99,530,No,10,Yes,Success,High,0
TXN003495,CUST0786,Bengaluru,MER057,Shopping,2026-12-13 10:10:00,Wallet,Android,57214.93,INR,352246.47,567,Yes,72,No,Pending,High,1
TXN003496,CUST0735,Bengaluru,MER263,Entertainment,2026-09-20 13:29:00,Debit Card,Web,31745.65,INR,346662.04,548,No,91,No,Success,Low,0
TXN003497,CUST0180,Pune,MER119,Travel,2026-10-17 22:48:00,Wallet,Web,42095.92,INR,163574.23,463,Yes,26,Yes,Failed,Low,0
TXN003498,CUST0906,Pune,MER239,Food,2026-02-22 15:06:00,Wallet,Web,12498.52,INR,243094.92,726,Yes,32,No,Pending,High,0
TXN003499,CUST0141,Mumbai,MER089,Travel,2026-09-26 02:25:00,UPI,Web,3089.33,INR,469179.03,485,Yes,40,No,Pending,Medium,0
TXN003500,CUST0652,Pune,MER252,Healthcare,2026-10-10 15:28:00,NetBanking,Android,49417.5,INR,208276.56,561,No,61,Yes,Success,Medium,0
TXN003501,CUST0035,Pune,MER096,Healthcare,2026-04-18 06:44:00,Credit Card,Android,72929.76,INR,138221.73,399,No,6,Yes,Pending,High,0
TXN003502,CUST0196,Mumbai,MER254,Bills,2026-09-04 02:40:00,Debit Card,Android,62191.24,INR,129464.88,529,Yes,44,No,Pending,Low,0
TXN003503,CUST0187,Hyderabad,MER115,Travel,2026-03-31 12:57:00,Debit Card,Web,24920.38,INR,58494.11,718,Yes,98,Yes,Success,Low,0
TXN003504,CUST0320,Bengaluru,MER250,Healthcare,2026-06-02 08:31:00,NetBanking,iPhone,47120.24,INR,499645.34,713,Yes,11,Yes,Failed,Medium,0
TXN003505,CUST0337,Pune,MER264,Travel,2026-12-11 01:37:00,UPI,Android,671.69,INR,134646.22,768,No,56,No,Pending,High,0
TXN003506,CUST0437,Hyderabad,MER079,Healthcare,2026-02-16 13:20:00,UPI,Web,47717.47,INR,123374.22,640,Yes,82,Yes,Success,Low,0
TXN003507,CUST0773,Bengaluru,MER297,Shopping,2026-01-10 20:26:00,NetBanking,Android,20329.3,INR,410105.26,384,No,66,No,Failed,Medium,0
TXN003508,CUST0900,Mumbai,MER181,Shopping,2026-06-19 17:40:00,Credit Card,Web,50151.74,INR,449741.08,356,No,63,No,Failed,Low,0
TXN003509,CUST0473,Bengaluru,MER132,Healthcare,2026-01-01 16:33:00,Debit Card,iPhone,50923.01,INR,163455.67,590,No,34,No,Failed,High,0
TXN003510,CUST0599,Delhi,MER082,Shopping,2026-02-19 00:25:00,NetBanking,Web,60076.25,INR,267536.62,703,No,49,No,Success,High,0
TXN003511,CUST0513,Mumbai,MER043,Bills,2026-12-05 00:46:00,NetBanking,iPhone,45786.04,INR,78472.5,543,Yes,29,No,Pending,High,0
TXN003512,CUST0534,Bengaluru,MER113,Healthcare,2026-03-20 03:41:00,Wallet,iPhone,46316.71,INR,242372.65,435,No,95,Yes,Failed,Medium,0
TXN003513,CUST0237,Mumbai,MER163,Food,2026-09-18 21:33:00,Credit Card,Web,62692.08,INR,339022.52,581,Yes,24,No,Failed,Low,1
TXN003514,CUST0933,Mumbai,MER023,Bills,2026-04-19 07:47:00,UPI,Web,13548.47,INR,242025.28,521,No,7,Yes,Failed,Low,0
TXN003515,CUST1141,Bengaluru,MER251,Bills,2026-03-18 08:42:00,Credit Card,iPhone,12106.4,INR,80490.49,300,No,68,Yes,Pending,Medium,0
TXN003516,CUST1119,Mumbai,MER213,Travel,2026-02-27 22:23:00,UPI,Web,27440.66,INR,302205.08,678,Yes,94,Yes,Pending,High,0
TXN003517,CUST1185,Bengaluru,MER048,Healthcare,2026-02-14 14:07:00,UPI,Web,26012.97,INR,310557.04,485,Yes,64,Yes,Failed,Low,0
TXN003518,CUST0523,Mumbai,MER103,Entertainment,2026-12-01 07:40:00,NetBanking,Web,58506.49,INR,328297.55,626,No,25,No,Success,Low,1
TXN003519,CUST0203,Bengaluru,MER228,Travel,2026-08-16 17:13:00,UPI,iPhone,21298.74,INR,26192.53,878,Yes,24,No,Success,Medium,0
TXN003520,CUST0066,Pune,MER042,Entertainment,2026-09-27 14:17:00,Wallet,Android,58142.67,INR,56684.26,497,Yes,18,No,Pending,Low,0
TXN003521,CUST1020,Mumbai,MER157,Shopping,2026-06-24 19:21:00,NetBanking,Android,304.89,INR,419665.67,329,No,16,Yes,Success,Low,0
TXN003522,CUST1106,Bengaluru,MER222,Healthcare,2026-01-29 10:32:00,UPI,Android,27448.01,INR,152340.77,414,Yes,61,Yes,Failed,Medium,0
TXN003523,CUST0077,Hyderabad,MER197,Healthcare,2026-08-01 05:31:00,UPI,iPhone,48865.81,INR,72529.38,853,Yes,11,Yes,Pending,Medium,0
TXN003524,CUST0219,Hyderabad,MER208,Shopping,2026-11-08 02:28:00,UPI,Android,36985.43,INR,439734.63,349,Yes,48,No,Failed,Low,0
TXN003525,CUST0240,Mumbai,MER114,Food,2026-05-22 14:48:00,Credit Card,iPhone,56362.07,INR,421961.56,676,Yes,4,Yes,Success,Low,0
TXN003526,CUST1101,Delhi,MER242,Shopping,2026-03-29 01:46:00,NetBanking,iPhone,28957.45,INR,496869.95,542,No,58,Yes,Pending,High,0
TXN003527,CUST0750,Bengaluru,MER039,Bills,2026-03-24 14:26:00,UPI,Android,41017.91,INR,54470.35,379,Yes,25,No,Success,Medium,0
TXN003528,CUST0232,Pune,MER072,Healthcare,2026-08-30 16:04:00,NetBanking,Android,72910.11,INR,372224.28,510,Yes,7,Yes,Failed,Low,1
TXN003529,CUST0076,Hyderabad,MER233,Entertainment,2026-04-18 08:11:00,NetBanking,Web,17450.98,INR,466408.51,658,Yes,20,Yes,Failed,Medium,0
TXN003530,CUST0571,Hyderabad,MER193,Travel,2026-10-23 13:08:00,UPI,iPhone,63667.5,INR,301353.3,604,No,46,Yes,Success,Medium,0
TXN003531,CUST0578,Mumbai,MER105,Bills,2026-02-27 23:10:00,Debit Card,iPhone,25387.76,INR,212645.39,693,Yes,22,No,Pending,Medium,0
TXN003532,CUST0902,Bengaluru,MER007,Shopping,2026-10-20 23:59:00,Debit Card,iPhone,29250.25,INR,469905.11,446,No,93,Yes,Pending,Low,0
TXN003533,CUST0534,Mumbai,MER188,Shopping,2026-08-09 00:21:00,Wallet,Web,27014.43,INR,27246.77,578,Yes,62,Yes,Pending,High,0
TXN003534,CUST0388,Delhi,MER262,Healthcare,2026-06-26 21:08:00,Credit Card,Android,69522.53,INR,55155.04,347,Yes,45,No,Failed,Low,1
TXN003535,CUST0189,Pune,MER163,Shopping,2026-10-23 13:23:00,Credit Card,iPhone,66601.09,INR,3410.59,655,Yes,87,No,Success,High,0
TXN003536,CUST0125,Bengaluru,MER213,Healthcare,2026-01-10 17:44:00,NetBanking,Web,34908.99,INR,121239.74,839,No,46,Yes,Failed,Medium,0
TXN003537,CUST0919,Delhi,MER230,Healthcare,2026-07-25 18:23:00,Wallet,iPhone,24065.08,INR,67359.92,599,Yes,81,Yes,Pending,Medium,0
TXN003538,CUST0978,Delhi,MER207,Healthcare,2026-04-04 03:21:00,NetBanking,iPhone,15990.46,INR,443215.54,840,No,8,No,Pending,High,0
TXN003539,CUST0372,Delhi,MER120,Food,2026-10-04 11:29:00,NetBanking,Android,65552.72,INR,167441.72,305,No,57,No,Failed,Low,0
TXN003540,CUST0456,Mumbai,MER146,Bills,2026-06-25 14:43:00,UPI,Web,8081.87,INR,357231.17,876,Yes,60,No,Success,Low,0
TXN003541,CUST0018,Mumbai,MER189,Healthcare,2026-08-22 05:54:00,Wallet,Android,32944.05,INR,159765.86,872,No,45,No,Success,Medium,0
TXN003542,CUST1153,Mumbai,MER193,Food,2026-03-22 13:23:00,UPI,Android,15309.16,INR,144966.88,717,No,14,No,Success,High,0
TXN003543,CUST0592,Pune,MER030,Travel,2026-06-05 14:24:00,Wallet,iPhone,42337.92,INR,265762.49,314,No,73,Yes,Success,High,0
TXN003544,CUST0546,Pune,MER037,Food,2026-06-16 01:07:00,UPI,Android,54755.8,INR,442440.25,554,No,4,No,Success,High,0
TXN003545,CUST0117,Bengaluru,MER239,Bills,2026-10-19 03:46:00,Credit Card,iPhone,19850.61,INR,108856.73,408,No,74,Yes,Failed,Medium,0
TXN003546,CUST0848,Pune,MER044,Food,2026-01-06 21:46:00,Wallet,Web,45729.12,INR,305019.86,753,No,38,Yes,Success,High,0
TXN003547,CUST1052,Mumbai,MER068,Shopping,2026-08-18 06:34:00,Wallet,iPhone,51684.21,INR,372090.9,373,Yes,49,Yes,Success,High,1
TXN003548,CUST0084,Pune,MER256,Food,2026-10-29 22:56:00,UPI,Android,68282.38,INR,4079.4,453,Yes,17,Yes,Success,High,0
TXN003549,CUST0086,Delhi,MER050,Entertainment,2026-01-14 00:27:00,UPI,Android,29694.51,INR,380923.41,859,Yes,94,No,Pending,Low,0
TXN003550,CUST0783,Hyderabad,MER224,Healthcare,2026-07-08 15:46:00,Wallet,Android,59232.2,INR,20793.39,412,No,79,No,Success,Low,0
TXN003551,CUST0470,Mumbai,MER287,Travel,2026-09-28 18:24:00,Credit Card,iPhone,59365.32,INR,56924.79,690,No,99,Yes,Pending,Medium,0
TXN003552,CUST0887,Hyderabad,MER075,Food,2026-01-23 21:44:00,Wallet,Android,38025.08,INR,433947.8,459,No,33,No,Pending,Medium,0
TXN003553,CUST0322,Delhi,MER081,Entertainment,2026-01-31 10:45:00,NetBanking,Web,23724.59,INR,482240.58,445,No,34,Yes,Failed,High,0
TXN003554,CUST0674,Pune,MER088,Shopping,2026-02-21 13:45:00,Debit Card,Web,35006.06,INR,383908.08,728,Yes,32,No,Success,Low,0
TXN003555,CUST0657,Delhi,MER258,Bills,2026-07-01 05:17:00,UPI,Web,8670.34,INR,480883.88,457,Yes,20,Yes,Failed,Low,0
TXN003556,CUST0030,Mumbai,MER055,Healthcare,2026-06-01 05:07:00,Wallet,iPhone,51771.59,INR,416019.34,773,No,40,Yes,Success,High,0
TXN003557,CUST0400,Bengaluru,MER032,Food,2026-12-02 09:20:00,Debit Card,Web,55922.13,INR,216766.94,332,No,54,No,Failed,Medium,0
TXN003558,CUST0321,Bengaluru,MER223,Entertainment,2026-04-24 13:18:00,NetBanking,Web,13114.11,INR,35965.02,342,No,92,No,Success,Medium,0
TXN003559,CUST0672,Delhi,MER165,Entertainment,2026-07-02 19:40:00,Debit Card,Web,22349.44,INR,153037.34,716,No,60,No,Pending,Low,0
TXN003560,CUST0923,Pune,MER177,Travel,2026-04-03 17:18:00,Credit Card,iPhone,18398.9,INR,251490.68,895,Yes,82,Yes,Pending,Medium,0
TXN003561,CUST0356,Hyderabad,MER194,Bills,2026-04-27 15:48:00,Debit Card,Web,57736.09,INR,267613.13,596,Yes,64,No,Pending,Medium,1
TXN003562,CUST0564,Pune,MER097,Entertainment,2026-01-11 22:44:00,UPI,Android,73558.84,INR,321957.02,607,Yes,50,No,Failed,High,0
TXN003563,CUST0413,Bengaluru,MER284,Travel,2026-03-20 07:23:00,Credit Card,Android,22055.54,INR,153523.08,640,Yes,28,No,Failed,Medium,0
TXN003564,CUST0272,Bengaluru,MER213,Shopping,2026-10-08 11:33:00,Wallet,Web,38611.84,INR,184925.34,452,Yes,29,Yes,Success,Low,0
TXN003565,CUST0813,Pune,MER040,Shopping,2026-09-02 15:56:00,Wallet,iPhone,17472.37,INR,485436.96,401,No,12,Yes,Success,Medium,0
TXN003566,CUST0315,Mumbai,MER036,Shopping,2026-03-30 14:25:00,NetBanking,iPhone,56157.14,INR,81068.55,375,Yes,46,No,Pending,Medium,0
TXN003567,CUST0132,Hyderabad,MER104,Healthcare,2026-06-13 06:57:00,Debit Card,Android,25354.11,INR,185192.82,749,Yes,16,No,Success,Low,0
TXN003568,CUST0190,Pune,MER016,Entertainment,2026-07-30 12:48:00,Debit Card,iPhone,49172.14,INR,111258.97,336,Yes,59,No,Success,Low,0
TXN003569,CUST1159,Delhi,MER075,Bills,2026-08-23 04:44:00,Wallet,Web,56256.12,INR,95159.63,308,Yes,49,Yes,Success,Medium,0
TXN003570,CUST0206,Pune,MER159,Travel,2026-01-29 19:43:00,UPI,iPhone,60742.73,INR,170512.98,815,No,11,No,Success,Medium,0
TXN003571,CUST0598,Mumbai,MER114,Food,2026-10-17 03:06:00,Wallet,Web,63792.75,INR,497420.3,563,No,15,No,Success,High,0
TXN003572,CUST0130,Hyderabad,MER255,Shopping,2026-09-16 00:31:00,Credit Card,Web,55033.03,INR,270567.17,620,No,7,No,Pending,Medium,0
TXN003573,CUST1143,Bengaluru,MER150,Bills,2026-11-16 08:24:00,Debit Card,Android,49254.89,INR,398434.84,795,Yes,84,No,Failed,High,0
TXN003574,CUST1113,Mumbai,MER096,Shopping,2026-05-04 17:48:00,Debit Card,Web,34379.48,INR,148253.6,586,Yes,16,Yes,Success,Low,0
TXN003575,CUST0819,Pune,MER057,Bills,2026-06-12 05:02:00,NetBanking,iPhone,22529.5,INR,400304.58,680,Yes,73,Yes,Pending,Medium,0
TXN003576,CUST0779,Hyderabad,MER066,Entertainment,2026-06-06 23:09:00,NetBanking,Android,33025.11,INR,424944.12,520,Yes,73,No,Success,High,0
TXN003577,CUST0262,Delhi,MER180,Travel,2026-08-05 13:50:00,Debit Card,Web,62631.29,INR,92467.65,678,No,89,Yes,Failed,Medium,1
TXN003578,CUST0360,Delhi,MER081,Shopping,2026-05-12 20:31:00,NetBanking,Web,50121.12,INR,420295.45,332,Yes,29,Yes,Pending,Low,1
TXN003579,CUST1005,Mumbai,MER106,Shopping,2026-07-22 20:44:00,Credit Card,iPhone,4707.05,INR,71892.54,601,Yes,16,No,Success,Medium,0
TXN003580,CUST0452,Bengaluru,MER254,Healthcare,2026-06-23 03:49:00,UPI,iPhone,32166.94,INR,465973.02,536,No,88,Yes,Failed,High,0
TXN003581,CUST0116,Delhi,MER143,Healthcare,2026-11-23 10:38:00,Credit Card,iPhone,50185.16,INR,217176.18,795,Yes,79,No,Failed,Low,0
TXN003582,CUST0256,Hyderabad,MER043,Travel,2026-01-01 01:43:00,NetBanking,Web,50505.21,INR,71458.59,862,No,85,No,Pending,Medium,1
TXN003583,CUST0986,Delhi,MER053,Shopping,2026-03-22 21:53:00,Wallet,Web,11504.69,INR,220429.76,440,Yes,89,No,Pending,Medium,0
TXN003584,CUST0213,Mumbai,MER280,Shopping,2026-11-08 09:24:00,Wallet,Web,2729.0,INR,165485.44,581,No,11,No,Failed,High,0
TXN003585,CUST0172,Pune,MER164,Bills,2026-10-03 12:52:00,NetBanking,iPhone,17758.26,INR,156775.8,329,Yes,50,Yes,Success,High,0
TXN003586,CUST0021,Mumbai,MER210,Travel,2026-03-03 19:34:00,Credit Card,Web,3115.77,INR,185293.58,425,No,22,Yes,Pending,High,0
TXN003587,CUST0818,Pune,MER103,Entertainment,2026-11-22 20:49:00,UPI,iPhone,6690.75,INR,367603.67,546,No,11,No,Pending,Medium,0
TXN003588,CUST0408,Pune,MER003,Bills,2026-08-24 02:29:00,Debit Card,iPhone,51127.5,INR,407622.14,761,No,61,No,Success,High,0
TXN003589,CUST0710,Pune,MER257,Travel,2026-02-05 08:23:00,Wallet,Android,66650.34,INR,101119.32,479,No,29,Yes,Pending,Medium,0
TXN003590,CUST0724,Hyderabad,MER259,Bills,2026-05-28 01:01:00,UPI,iPhone,14780.03,INR,499813.78,491,No,3,No,Pending,Medium,0
TXN003591,CUST0792,Bengaluru,MER183,Food,2026-07-07 17:26:00,Debit Card,Web,32087.69,INR,74843.45,383,Yes,54,No,Failed,Medium,0
TXN003592,CUST0522,Hyderabad,MER139,Food,2026-08-25 02:45:00,Debit Card,Android,64466.36,INR,91137.28,578,Yes,87,No,Success,High,0
TXN003593,CUST0431,Delhi,MER299,Bills,2026-01-19 05:38:00,UPI,Android,32707.65,INR,441051.23,865,Yes,1,No,Success,Medium,0
TXN003594,CUST1130,Pune,MER111,Entertainment,2026-09-04 11:44:00,NetBanking,Web,47420.8,INR,320826.44,788,Yes,73,Yes,Pending,High,0
TXN003595,CUST0217,Bengaluru,MER274,Bills,2026-11-15 16:02:00,NetBanking,Android,43186.07,INR,49065.68,640,Yes,13,Yes,Failed,High,0
TXN003596,CUST0017,Pune,MER262,Food,2026-07-09 07:09:00,Wallet,Web,27165.73,INR,220328.52,627,Yes,17,No,Success,Medium,0
TXN003597,CUST0264,Bengaluru,MER116,Travel,2026-07-05 19:38:00,UPI,iPhone,44790.67,INR,436279.31,645,Yes,63,No,Success,Low,0
TXN003598,CUST0944,Delhi,MER292,Travel,2026-02-12 03:11:00,Credit Card,iPhone,15482.9,INR,69674.01,800,No,24,No,Failed,High,0
TXN003599,CUST0758,Pune,MER048,Healthcare,2026-11-16 17:21:00,Credit Card,iPhone,18542.91,INR,219209.66,734,No,15,No,Success,High,0
TXN003600,CUST0196,Delhi,MER129,Healthcare,2026-09-10 09:31:00,Credit Card,iPhone,8246.19,INR,86905.4,395,Yes,37,Yes,Success,Medium,0
TXN003601,CUST0824,Pune,MER243,Shopping,2026-08-04 19:34:00,Wallet,Web,1781.46,INR,480640.71,751,No,58,No,Pending,High,0
TXN003602,CUST0624,Delhi,MER276,Travel,2026-02-11 20:00:00,NetBanking,iPhone,22197.08,INR,109617.82,871,Yes,14,Yes,Failed,Medium,0
TXN003603,CUST0965,Delhi,MER021,Shopping,2026-01-22 03:32:00,Credit Card,Android,38267.57,INR,170880.36,512,No,98,No,Failed,Low,0
TXN003604,CUST0662,Hyderabad,MER289,Bills,2026-09-09 02:58:00,Credit Card,Web,40918.72,INR,245703.54,572,No,62,No,Success,Low,0
TXN003605,CUST0489,Bengaluru,MER128,Shopping,2026-11-11 13:02:00,UPI,Android,23108.09,INR,212542.5,769,Yes,79,No,Failed,Medium,0
TXN003606,CUST0088,Hyderabad,MER256,Entertainment,2026-01-18 22:25:00,Credit Card,Web,27514.0,INR,117315.12,684,No,88,No,Failed,Medium,0
TXN003607,CUST1145,Delhi,MER104,Healthcare,2026-06-20 19:14:00,UPI,Web,23368.28,INR,386260.11,414,Yes,91,Yes,Success,Low,0
TXN003608,CUST0503,Delhi,MER262,Travel,2026-06-23 19:11:00,UPI,iPhone,50351.62,INR,99850.56,438,Yes,28,Yes,Pending,Low,0
TXN003609,CUST0893,Delhi,MER050,Healthcare,2026-12-06 08:46:00,Debit Card,iPhone,32796.96,INR,254878.58,820,No,92,No,Pending,High,0
TXN003610,CUST1026,Hyderabad,MER183,Bills,2026-09-13 01:40:00,NetBanking,iPhone,38409.14,INR,43565.79,599,Yes,59,No,Failed,Low,0
TXN003611,CUST0770,Bengaluru,MER091,Travel,2026-08-21 12:19:00,NetBanking,iPhone,48555.02,INR,49120.54,851,Yes,18,No,Pending,High,0
TXN003612,CUST1111,Bengaluru,MER293,Healthcare,2026-04-20 20:02:00,Credit Card,Android,72162.7,INR,11416.7,491,No,43,Yes,Pending,Low,0
TXN003613,CUST0536,Pune,MER050,Shopping,2026-10-02 20:28:00,Credit Card,Android,74702.97,INR,367432.49,716,No,13,Yes,Success,Medium,0
TXN003614,CUST0766,Hyderabad,MER224,Food,2026-04-01 13:14:00,NetBanking,iPhone,13350.05,INR,431577.96,372,Yes,70,No,Pending,High,0
TXN003615,CUST0979,Pune,MER155,Shopping,2026-03-17 00:07:00,NetBanking,iPhone,42551.08,INR,271830.19,707,Yes,19,No,Failed,Medium,0
TXN003616,CUST0402,Delhi,MER154,Entertainment,2026-04-27 19:46:00,Wallet,Android,28268.71,INR,496509.33,532,Yes,45,Yes,Pending,High,0
TXN003617,CUST0623,Bengaluru,MER296,Healthcare,2026-09-17 16:14:00,Debit Card,Android,47027.3,INR,489950.36,367,Yes,7,Yes,Pending,Medium,0
TXN003618,CUST0098,Pune,MER090,Shopping,2026-02-07 20:46:00,Wallet,Android,43281.8,INR,108247.65,557,Yes,32,No,Pending,Low,0
TXN003619,CUST0306,Delhi,MER033,Shopping,2026-11-19 00:20:00,Wallet,Android,16345.33,INR,401136.9,886,No,51,Yes,Success,Medium,0
TXN003620,CUST0603,Mumbai,MER091,Food,2026-01-13 18:23:00,UPI,iPhone,58779.14,INR,68757.19,573,Yes,11,No,Success,Medium,0
TXN003621,CUST1005,Bengaluru,MER216,Travel,2026-01-30 04:36:00,Credit Card,Android,57501.8,INR,137655.73,361,No,76,No,Success,High,0
TXN003622,CUST0654,Pune,MER203,Bills,2026-03-04 12:20:00,Wallet,Android,67527.1,INR,138899.58,795,Yes,55,No,Pending,High,0
TXN003623,CUST0334,Mumbai,MER227,Healthcare,2026-05-16 10:53:00,Wallet,iPhone,67632.29,INR,49168.18,774,Yes,23,Yes,Pending,High,0
TXN003624,CUST0177,Hyderabad,MER195,Entertainment,2026-09-28 11:21:00,Wallet,Android,42813.76,INR,333263.03,801,Yes,1,Yes,Success,High,0
TXN003625,CUST0330,Delhi,MER157,Shopping,2026-03-08 15:24:00,Wallet,Web,32902.78,INR,495220.02,597,Yes,1,Yes,Success,High,0
TXN003626,CUST0082,Hyderabad,MER147,Bills,2026-11-23 23:35:00,Debit Card,Web,40891.49,INR,154450.86,389,No,70,No,Pending,High,0
TXN003627,CUST0397,Mumbai,MER004,Travel,2026-09-20 18:17:00,NetBanking,Android,38349.97,INR,84265.66,866,No,65,No,Success,High,0
TXN003628,CUST1006,Bengaluru,MER189,Shopping,2026-04-30 07:18:00,Wallet,Web,51385.04,INR,347132.08,695,No,28,Yes,Pending,Low,0
TXN003629,CUST0590,Mumbai,MER010,Healthcare,2026-02-10 15:23:00,Credit Card,Android,19564.35,INR,75897.87,654,No,48,Yes,Failed,Low,0
TXN003630,CUST0627,Mumbai,MER192,Entertainment,2026-10-04 20:14:00,UPI,Web,10376.51,INR,141341.49,622,No,95,No,Success,Low,0
TXN003631,CUST0869,Hyderabad,MER091,Travel,2026-10-22 03:58:00,Debit Card,iPhone,21499.54,INR,219758.16,302,Yes,72,Yes,Pending,High,0
TXN003632,CUST0125,Pune,MER074,Shopping,2026-04-26 02:20:00,NetBanking,Web,4472.95,INR,264560.58,738,No,15,No,Pending,High,0
TXN003633,CUST0797,Bengaluru,MER245,Healthcare,2026-03-31 01:27:00,Credit Card,Web,17961.87,INR,383134.38,551,Yes,93,Yes,Pending,Medium,0
TXN003634,CUST0817,Bengaluru,MER298,Healthcare,2026-02-24 11:40:00,Debit Card,Web,61423.89,INR,62257.41,758,Yes,72,No,Pending,Low,0
TXN003635,CUST0291,Mumbai,MER171,Food,2026-06-28 19:46:00,NetBanking,Web,68330.57,INR,316272.54,541,No,70,No,Success,High,0
TXN003636,CUST1188,Bengaluru,MER268,Food,2026-05-18 05:24:00,NetBanking,iPhone,47392.59,INR,461867.56,713,Yes,86,Yes,Success,Medium,0
TXN003637,CUST0719,Pune,MER278,Bills,2026-06-18 19:51:00,Credit Card,Web,13254.69,INR,77976.18,744,Yes,69,Yes,Success,Medium,0
TXN003638,CUST0910,Bengaluru,MER212,Bills,2026-09-02 04:34:00,Credit Card,Web,30323.86,INR,301275.2,377,Yes,78,Yes,Failed,High,0
TXN003639,CUST0882,Bengaluru,MER294,Healthcare,2026-03-24 21:26:00,Credit Card,Android,43225.48,INR,181413.88,797,No,6,No,Success,Medium,0
TXN003640,CUST0483,Mumbai,MER078,Shopping,2026-07-22 11:18:00,Wallet,iPhone,10538.64,INR,94714.97,658,Yes,68,No,Pending,Low,0
TXN003641,CUST0806,Pune,MER109,Travel,2026-07-31 06:55:00,Debit Card,Android,46066.07,INR,200707.88,673,No,24,No,Failed,Medium,0
TXN003642,CUST0302,Hyderabad,MER268,Shopping,2026-01-13 13:38:00,UPI,iPhone,63638.88,INR,70795.78,606,Yes,66,No,Pending,Low,0
TXN003643,CUST1047,Hyderabad,MER223,Entertainment,2026-12-06 15:18:00,NetBanking,Android,2045.68,INR,392280.14,574,No,89,Yes,Failed,Low,0
TXN003644,CUST0957,Mumbai,MER177,Entertainment,2026-08-10 03:11:00,Wallet,iPhone,65345.08,INR,137335.32,593,No,31,No,Failed,High,0
TXN003645,CUST0126,Hyderabad,MER256,Entertainment,2026-12-01 06:02:00,NetBanking,Web,42408.87,INR,318367.7,767,Yes,20,Yes,Success,High,0
TXN003646,CUST0776,Pune,MER166,Travel,2026-03-28 06:26:00,UPI,Android,32207.42,INR,74732.07,311,Yes,59,No,Pending,Low,0
TXN003647,CUST0964,Hyderabad,MER289,Travel,2026-11-08 19:12:00,NetBanking,Web,64207.92,INR,20311.8,626,Yes,33,No,Success,High,0
TXN003648,CUST0021,Pune,MER223,Healthcare,2026-11-21 08:40:00,UPI,Android,28312.9,INR,381075.07,338,No,44,Yes,Success,Low,0
TXN003649,CUST0166,Delhi,MER188,Healthcare,2026-11-19 01:56:00,Debit Card,Web,30202.68,INR,110302.81,899,Yes,19,No,Failed,Medium,0
TXN003650,CUST0375,Mumbai,MER093,Travel,2026-02-04 22:07:00,Debit Card,Web,26707.03,INR,486316.85,616,No,99,Yes,Success,High,0
TXN003651,CUST0175,Hyderabad,MER206,Healthcare,2026-08-07 08:13:00,Credit Card,Android,60131.21,INR,468944.12,544,Yes,41,No,Pending,Medium,0
TXN003652,CUST0028,Delhi,MER223,Healthcare,2026-05-15 11:16:00,UPI,Android,44052.55,INR,419899.97,513,No,15,Yes,Success,High,0
TXN003653,CUST1030,Pune,MER033,Bills,2026-10-29 06:18:00,Credit Card,Android,63872.58,INR,343731.09,891,Yes,68,Yes,Success,Medium,1
TXN003654,CUST1064,Bengaluru,MER298,Healthcare,2026-05-25 08:52:00,Credit Card,Web,23561.47,INR,288566.8,540,Yes,100,Yes,Pending,Medium,0
TXN003655,CUST1030,Delhi,MER025,Shopping,2026-05-20 13:32:00,UPI,Web,4249.46,INR,467905.89,409,Yes,20,No,Success,Medium,0
TXN003656,CUST1082,Bengaluru,MER216,Shopping,2026-04-06 22:00:00,NetBanking,Web,52633.03,INR,34913.03,578,No,2,Yes,Pending,Medium,0
TXN003657,CUST0143,Bengaluru,MER096,Bills,2026-08-22 13:13:00,UPI,Web,26503.6,INR,476495.58,559,No,40,No,Success,Medium,0
TXN003658,CUST0057,Pune,MER191,Bills,2026-01-03 11:14:00,NetBanking,Web,29945.31,INR,499636.39,578,No,14,No,Success,Low,0
TXN003659,CUST0453,Delhi,MER027,Bills,2026-05-24 17:13:00,Debit Card,iPhone,10406.86,INR,216949.89,356,No,4,No,Pending,Low,0
TXN003660,CUST0938,Hyderabad,MER169,Bills,2026-07-15 19:36:00,NetBanking,Android,62585.33,INR,413213.91,787,Yes,75,Yes,Pending,Medium,0
TXN003661,CUST0312,Bengaluru,MER022,Entertainment,2026-03-11 10:18:00,Debit Card,Android,36573.79,INR,42241.89,880,No,3,Yes,Success,Low,0
TXN003662,CUST0558,Hyderabad,MER037,Shopping,2026-03-10 04:34:00,Debit Card,Web,34178.57,INR,326505.32,472,Yes,13,Yes,Pending,High,0
TXN003663,CUST0854,Mumbai,MER121,Bills,2026-06-13 20:19:00,Credit Card,Web,3707.67,INR,465970.63,411,Yes,32,Yes,Pending,High,0
TXN003664,CUST0758,Mumbai,MER128,Bills,2026-07-14 10:15:00,UPI,Android,18267.64,INR,155035.66,522,Yes,95,Yes,Pending,Medium,0
TXN003665,CUST0747,Hyderabad,MER164,Bills,2026-11-24 06:32:00,NetBanking,iPhone,19834.9,INR,207551.82,844,Yes,96,No,Pending,Low,0
TXN003666,CUST1140,Bengaluru,MER180,Entertainment,2026-10-02 09:36:00,Credit Card,Web,2372.46,INR,58803.81,780,No,7,Yes,Failed,Medium,0
TXN003667,CUST0683,Hyderabad,MER277,Food,2026-07-23 19:45:00,UPI,iPhone,16580.94,INR,227593.05,580,Yes,37,Yes,Failed,High,0
TXN003668,CUST0234,Delhi,MER139,Bills,2026-05-28 22:40:00,UPI,Web,56831.8,INR,329250.45,649,No,15,No,Success,Low,0
TXN003669,CUST0745,Hyderabad,MER073,Bills,2026-05-23 07:38:00,Wallet,Web,299.59,INR,277089.09,597,No,86,No,Success,High,0
TXN003670,CUST1017,Hyderabad,MER222,Shopping,2026-08-09 02:07:00,NetBanking,iPhone,51379.82,INR,309523.59,346,Yes,85,Yes,Failed,Medium,1
TXN003671,CUST1150,Pune,MER220,Travel,2026-03-09 04:36:00,Wallet,iPhone,69208.01,INR,486272.23,822,No,79,Yes,Pending,High,0
TXN003672,CUST0329,Bengaluru,MER265,Travel,2026-05-28 01:17:00,Credit Card,Web,29418.14,INR,168240.66,361,No,97,Yes,Success,Low,0
TXN003673,CUST0409,Pune,MER101,Shopping,2026-06-06 21:54:00,UPI,Android,49376.39,INR,473174.05,304,Yes,63,No,Failed,Low,0
TXN003674,CUST1184,Mumbai,MER229,Travel,2026-09-30 09:24:00,Credit Card,Android,22296.88,INR,385139.19,412,No,98,No,Success,High,0
TXN003675,CUST0349,Delhi,MER268,Healthcare,2026-05-05 04:47:00,NetBanking,iPhone,52426.07,INR,331102.32,423,Yes,82,No,Pending,High,0
TXN003676,CUST1081,Hyderabad,MER158,Bills,2026-04-10 17:06:00,UPI,iPhone,51066.75,INR,98457.7,788,Yes,74,No,Success,High,1
TXN003677,CUST0900,Hyderabad,MER293,Food,2026-05-21 03:00:00,UPI,Web,36543.01,INR,449207.21,596,No,20,No,Success,Low,0
TXN003678,CUST0534,Delhi,MER161,Food,2026-08-02 00:03:00,Credit Card,iPhone,37962.78,INR,53130.77,432,No,31,No,Pending,Medium,0
TXN003679,CUST0179,Hyderabad,MER025,Entertainment,2026-09-01 00:42:00,Wallet,iPhone,474.7,INR,303812.45,420,No,40,No,Success,Low,0
TXN003680,CUST0368,Pune,MER050,Shopping,2026-05-19 18:42:00,NetBanking,Android,36929.22,INR,138768.4,411,No,88,No,Success,Medium,0
TXN003681,CUST0974,Hyderabad,MER266,Shopping,2026-01-03 14:57:00,NetBanking,Android,66084.18,INR,101602.0,373,No,65,Yes,Success,High,1
TXN003682,CUST0767,Hyderabad,MER053,Entertainment,2026-04-19 21:30:00,Debit Card,Android,452.37,INR,156502.58,667,Yes,36,No,Failed,High,0
TXN003683,CUST0786,Bengaluru,MER019,Bills,2026-03-05 15:46:00,NetBanking,iPhone,58114.69,INR,213743.5,379,Yes,69,No,Success,High,0
TXN003684,CUST1108,Delhi,MER272,Travel,2026-11-09 05:46:00,Wallet,Web,38903.12,INR,85782.19,500,Yes,77,Yes,Failed,Low,0
TXN003685,CUST0514,Delhi,MER002,Travel,2026-01-08 23:20:00,UPI,iPhone,59077.43,INR,336111.84,567,No,92,Yes,Pending,High,0
TXN003686,CUST1052,Hyderabad,MER119,Travel,2026-01-20 05:01:00,UPI,Android,46108.26,INR,246997.34,686,Yes,92,Yes,Failed,Low,0
TXN003687,CUST0455,Hyderabad,MER166,Food,2026-04-06 06:56:00,Credit Card,Android,12491.24,INR,458483.11,695,Yes,43,Yes,Failed,Medium,0
TXN003688,CUST0289,Mumbai,MER215,Entertainment,2026-11-28 15:21:00,Debit Card,iPhone,17552.12,INR,295262.93,353,No,27,No,Success,Medium,0
TXN003689,CUST0711,Bengaluru,MER223,Shopping,2026-02-22 19:36:00,Wallet,Android,63263.3,INR,317094.36,363,Yes,79,No,Success,Medium,1
TXN003690,CUST0644,Pune,MER133,Entertainment,2026-09-12 13:51:00,Credit Card,Android,19159.35,INR,458514.39,696,No,12,Yes,Pending,High,1
TXN003691,CUST0860,Delhi,MER026,Entertainment,2026-10-05 03:29:00,Credit Card,Web,64099.54,INR,180992.25,595,Yes,55,Yes,Success,Medium,0
TXN003692,CUST1178,Mumbai,MER086,Travel,2026-07-09 13:29:00,Debit Card,Android,9554.89,INR,180640.05,773,Yes,69,No,Pending,Medium,0
TXN003693,CUST1158,Mumbai,MER080,Shopping,2026-01-24 05:27:00,Wallet,iPhone,27558.86,INR,433729.95,629,Yes,77,No,Pending,Medium,0
TXN003694,CUST0645,Pune,MER084,Healthcare,2026-11-05 00:28:00,NetBanking,Web,34392.36,INR,443773.79,641,No,26,Yes,Failed,Medium,0
TXN003695,CUST0930,Pune,MER108,Food,2026-09-25 16:13:00,UPI,Android,30599.93,INR,84658.34,373,Yes,29,No,Failed,Low,0
TXN003696,CUST0537,Mumbai,MER038,Shopping,2026-04-15 13:58:00,NetBanking,Android,48082.59,INR,412438.58,643,No,87,No,Failed,Medium,0
TXN003697,CUST0474,Bengaluru,MER218,Healthcare,2026-03-14 21:20:00,NetBanking,Web,42301.07,INR,64470.11,454,No,37,Yes,Success,High,0
TXN003698,CUST0696,Mumbai,MER033,Shopping,2026-01-23 23:59:00,Wallet,Android,64286.72,INR,340458.28,593,No,54,Yes,Failed,High,0
TXN003699,CUST0311,Delhi,MER241,Food,2026-05-11 07:42:00,Wallet,iPhone,54287.32,INR,208194.08,407,Yes,70,Yes,Pending,Low,0
TXN003700,CUST0042,Mumbai,MER092,Food,2026-09-18 14:14:00,Credit Card,Android,2936.43,INR,291481.9,672,Yes,23,Yes,Failed,High,0
TXN003701,CUST0314,Bengaluru,MER182,Shopping,2026-02-05 22:38:00,Debit Card,Android,38411.6,INR,467803.99,719,Yes,81,Yes,Failed,High,0
TXN003702,CUST0605,Delhi,MER164,Travel,2026-11-27 18:34:00,Wallet,Android,74935.34,INR,168701.73,337,No,42,Yes,Pending,Medium,1
TXN003703,CUST1012,Bengaluru,MER257,Food,2026-10-06 19:30:00,UPI,Web,36647.7,INR,63204.52,661,Yes,27,Yes,Failed,High,0
TXN003704,CUST0359,Hyderabad,MER098,Shopping,2026-05-10 08:55:00,Debit Card,iPhone,22402.52,INR,305803.87,341,Yes,25,No,Pending,High,0
TXN003705,CUST0699,Hyderabad,MER043,Healthcare,2026-06-15 15:46:00,Credit Card,Android,52933.33,INR,100926.4,861,Yes,46,No,Failed,Medium,1
TXN003706,CUST1146,Hyderabad,MER224,Entertainment,2026-10-11 07:58:00,Credit Card,Web,10340.69,INR,191096.34,486,Yes,43,No,Failed,Low,0
TXN003707,CUST1094,Hyderabad,MER261,Healthcare,2026-01-29 12:11:00,NetBanking,Web,74058.68,INR,187165.54,793,No,64,No,Pending,High,1
TXN003708,CUST1075,Pune,MER292,Entertainment,2026-02-14 21:41:00,NetBanking,iPhone,45510.6,INR,281417.84,771,No,50,Yes,Success,Low,0
TXN003709,CUST0018,Pune,MER073,Shopping,2026-02-03 03:33:00,Debit Card,iPhone,72242.1,INR,57426.2,634,No,28,No,Success,Medium,1
TXN003710,CUST0970,Pune,MER067,Healthcare,2026-10-10 05:37:00,NetBanking,Web,15343.39,INR,201514.47,744,No,69,No,Pending,High,0
TXN003711,CUST0789,Mumbai,MER035,Food,2026-09-17 08:57:00,Wallet,iPhone,20158.33,INR,431752.83,386,No,90,No,Failed,Low,0
TXN003712,CUST0595,Mumbai,MER041,Food,2026-05-04 18:12:00,Debit Card,iPhone,59033.85,INR,248139.66,346,Yes,88,Yes,Pending,Low,0
TXN003713,CUST0085,Bengaluru,MER280,Healthcare,2026-10-05 22:02:00,Debit Card,Web,34581.95,INR,192139.02,762,Yes,43,No,Success,Medium,0
TXN003714,CUST0537,Bengaluru,MER142,Shopping,2026-03-02 19:51:00,UPI,Android,67623.5,INR,173462.66,861,No,6,No,Success,High,1
TXN003715,CUST1049,Pune,MER283,Food,2026-09-06 08:31:00,Debit Card,Android,72670.65,INR,326986.97,898,Yes,41,Yes,Failed,High,1
TXN003716,CUST0123,Bengaluru,MER179,Food,2026-08-31 04:53:00,UPI,Web,7805.05,INR,121825.96,572,No,81,No,Pending,Low,1
TXN003717,CUST0850,Delhi,MER037,Travel,2026-03-04 12:51:00,Wallet,iPhone,72771.3,INR,226665.18,627,No,89,Yes,Pending,High,0
TXN003718,CUST0698,Mumbai,MER204,Food,2026-11-05 11:23:00,Debit Card,Android,55490.3,INR,127498.92,849,Yes,59,No,Pending,High,1
TXN003719,CUST0486,Bengaluru,MER205,Healthcare,2026-08-26 03:31:00,Debit Card,Web,20747.97,INR,93686.42,742,Yes,3,Yes,Pending,High,0
TXN003720,CUST0629,Hyderabad,MER200,Food,2026-12-07 16:40:00,Debit Card,Android,41178.56,INR,389892.54,849,Yes,78,No,Success,Low,0
TXN003721,CUST0959,Bengaluru,MER008,Healthcare,2026-06-08 11:53:00,Credit Card,iPhone,620.62,INR,433525.3,403,No,80,Yes,Success,Medium,0
TXN003722,CUST0241,Hyderabad,MER029,Travel,2026-09-02 04:46:00,Debit Card,Android,25631.42,INR,120382.75,785,Yes,69,No,Success,Medium,0
TXN003723,CUST0981,Delhi,MER282,Bills,2026-03-07 13:29:00,Debit Card,Android,67361.09,INR,234125.89,804,Yes,5,Yes,Failed,Low,1
TXN003724,CUST0409,Mumbai,MER173,Bills,2026-07-29 11:46:00,Wallet,iPhone,18024.67,INR,223074.63,557,Yes,25,Yes,Success,Low,0
TXN003725,CUST1031,Mumbai,MER149,Healthcare,2026-10-01 06:30:00,Debit Card,Android,26771.53,INR,71366.81,742,Yes,12,No,Failed,Low,0
TXN003726,CUST0061,Mumbai,MER160,Entertainment,2026-07-26 22:40:00,UPI,Android,1340.98,INR,38961.02,690,No,26,No,Failed,Medium,0
TXN003727,CUST0858,Mumbai,MER169,Food,2026-09-29 22:24:00,Debit Card,iPhone,6615.12,INR,85213.44,827,Yes,28,Yes,Failed,High,0
TXN003728,CUST0658,Mumbai,MER229,Healthcare,2026-07-26 20:21:00,Credit Card,Web,16240.9,INR,128573.87,716,No,57,No,Failed,High,0
TXN003729,CUST0710,Mumbai,MER062,Entertainment,2026-08-10 03:45:00,Wallet,Android,18007.93,INR,489663.01,696,No,1,No,Failed,Low,0
TXN003730,CUST0157,Delhi,MER144,Food,2026-02-26 15:20:00,Debit Card,iPhone,10792.13,INR,489999.67,815,Yes,2,No,Failed,Low,0
TXN003731,CUST1019,Pune,MER098,Entertainment,2026-04-09 01:33:00,NetBanking,Android,8046.71,INR,127093.37,316,No,17,No,Pending,High,0
TXN003732,CUST0847,Delhi,MER086,Bills,2026-12-06 12:50:00,Credit Card,Web,29777.02,INR,37995.93,715,No,88,No,Failed,Low,0
TXN003733,CUST0986,Bengaluru,MER222,Bills,2026-08-28 23:25:00,Debit Card,iPhone,29076.23,INR,240191.88,490,No,77,No,Pending,Low,0
TXN003734,CUST0477,Mumbai,MER113,Travel,2026-06-27 17:50:00,NetBanking,Web,377.39,INR,368587.76,863,Yes,13,No,Success,Low,0
TXN003735,CUST0992,Pune,MER291,Bills,2026-01-26 16:08:00,Debit Card,Web,48080.79,INR,142274.92,396,No,16,No,Pending,Medium,0
TXN003736,CUST0852,Pune,MER107,Healthcare,2026-04-14 02:18:00,NetBanking,iPhone,26614.41,INR,487367.22,453,No,4,No,Pending,Low,0
TXN003737,CUST0642,Hyderabad,MER037,Shopping,2026-10-11 12:10:00,UPI,Android,63054.06,INR,283239.26,689,No,9,No,Pending,Low,0
TXN003738,CUST0691,Hyderabad,MER271,Healthcare,2026-01-17 17:43:00,NetBanking,Web,46556.21,INR,168159.01,344,No,73,Yes,Success,Low,0
TXN003739,CUST0989,Pune,MER041,Travel,2026-01-18 22:29:00,Credit Card,iPhone,61050.4,INR,107073.25,442,Yes,68,No,Pending,High,0
TXN003740,CUST0286,Bengaluru,MER079,Food,2026-06-19 04:35:00,Credit Card,Android,62433.21,INR,99303.8,509,Yes,48,Yes,Success,Low,0
TXN003741,CUST0736,Pune,MER055,Entertainment,2026-02-13 16:17:00,Credit Card,Web,43234.33,INR,382504.63,896,No,98,No,Success,High,0
TXN003742,CUST1130,Hyderabad,MER200,Bills,2026-12-10 00:57:00,NetBanking,Android,61781.5,INR,123686.13,307,No,24,Yes,Pending,Medium,0
TXN003743,CUST0674,Pune,MER156,Shopping,2026-09-07 20:58:00,Debit Card,Web,60739.35,INR,189024.55,770,No,26,Yes,Failed,Low,0
TXN003744,CUST1141,Delhi,MER290,Healthcare,2026-08-17 00:10:00,UPI,Web,61508.43,INR,253363.58,749,Yes,7,Yes,Pending,High,0
TXN003745,CUST0010,Bengaluru,MER140,Travel,2026-12-02 17:21:00,Credit Card,Web,5953.56,INR,60700.53,596,Yes,75,Yes,Success,High,0
TXN003746,CUST0400,Pune,MER173,Food,2026-06-15 12:06:00,Debit Card,Web,72008.16,INR,479779.73,354,No,37,Yes,Success,Medium,0
TXN003747,CUST0341,Bengaluru,MER286,Entertainment,2026-01-03 04:11:00,Credit Card,Web,7279.43,INR,260521.59,570,Yes,53,Yes,Pending,Medium,0
TXN003748,CUST0837,Mumbai,MER140,Food,2026-07-09 04:33:00,NetBanking,iPhone,44400.86,INR,490892.3,417,No,30,Yes,Success,High,0
TXN003749,CUST0656,Hyderabad,MER151,Food,2026-01-14 17:04:00,Credit Card,iPhone,7800.42,INR,206050.75,462,Yes,54,No,Pending,Medium,0
TXN003750,CUST0738,Bengaluru,MER108,Healthcare,2026-05-08 09:40:00,UPI,iPhone,9180.63,INR,117899.96,804,Yes,16,No,Failed,Medium,0
TXN003751,CUST0981,Pune,MER098,Travel,2026-09-07 06:22:00,NetBanking,Android,53597.69,INR,396359.44,402,Yes,23,Yes,Failed,High,0
TXN003752,CUST0699,Pune,MER051,Healthcare,2026-05-14 20:28:00,NetBanking,Android,57932.04,INR,457934.34,354,Yes,37,No,Success,Low,0
TXN003753,CUST0512,Delhi,MER204,Healthcare,2026-03-01 08:23:00,NetBanking,Web,14365.21,INR,8358.23,577,Yes,69,Yes,Success,High,0
TXN003754,CUST0168,Hyderabad,MER254,Bills,2026-05-24 21:24:00,UPI,Android,18190.07,INR,227041.72,706,Yes,60,No,Failed,High,0
TXN003755,CUST1117,Pune,MER102,Healthcare,2026-03-25 13:49:00,Debit Card,iPhone,57865.01,INR,335077.41,754,Yes,45,Yes,Success,High,0
TXN003756,CUST0477,Pune,MER285,Food,2026-03-09 06:26:00,NetBanking,Android,61357.75,INR,470854.88,520,Yes,91,Yes,Pending,Medium,0
TXN003757,CUST0190,Delhi,MER120,Food,2026-04-10 18:30:00,Debit Card,iPhone,62897.06,INR,191513.3,775,No,19,No,Pending,Medium,1
TXN003758,CUST0033,Pune,MER047,Healthcare,2026-06-14 10:04:00,Wallet,Web,16595.45,INR,360329.45,531,Yes,36,No,Success,Low,0
TXN003759,CUST0183,Pune,MER102,Entertainment,2026-01-16 22:35:00,Credit Card,Android,19388.83,INR,222203.65,698,No,10,No,Success,Medium,0
TXN003760,CUST0824,Bengaluru,MER138,Bills,2026-04-24 03:52:00,NetBanking,Web,52719.04,INR,455923.95,331,No,17,No,Pending,Low,1
TXN003761,CUST1176,Hyderabad,MER072,Travel,2026-10-12 06:13:00,Debit Card,iPhone,38401.41,INR,448494.5,357,No,48,No,Success,Medium,0
TXN003762,CUST0170,Mumbai,MER293,Bills,2026-11-07 17:37:00,Credit Card,Web,37394.84,INR,482565.87,456,Yes,91,Yes,Failed,Low,0
TXN003763,CUST0604,Pune,MER245,Entertainment,2026-09-13 03:57:00,Credit Card,Android,71276.2,INR,35067.81,329,Yes,57,Yes,Pending,Medium,0
TXN003764,CUST0770,Mumbai,MER225,Travel,2026-02-06 08:40:00,NetBanking,iPhone,31772.39,INR,393554.8,889,Yes,45,No,Pending,High,0
TXN003765,CUST0625,Hyderabad,MER021,Shopping,2026-09-10 14:50:00,Wallet,Android,69201.35,INR,413653.51,462,No,41,No,Failed,Medium,0
TXN003766,CUST0878,Delhi,MER203,Bills,2026-06-02 18:27:00,Wallet,Android,64273.03,INR,168250.37,414,Yes,16,Yes,Success,Medium,0
TXN003767,CUST0037,Delhi,MER270,Healthcare,2026-03-11 19:39:00,Debit Card,Web,1365.82,INR,211958.35,490,No,24,No,Pending,Medium,0
TXN003768,CUST0161,Delhi,MER015,Entertainment,2026-09-17 08:46:00,Credit Card,Android,10310.85,INR,174261.39,825,No,69,Yes,Pending,Medium,0
TXN003769,CUST1058,Mumbai,MER006,Shopping,2026-03-16 07:55:00,Debit Card,Android,4937.23,INR,81364.61,807,No,28,Yes,Success,High,0
TXN003770,CUST0493,Mumbai,MER299,Healthcare,2026-07-25 19:07:00,Credit Card,Android,51751.19,INR,282985.15,587,Yes,7,Yes,Failed,Medium,1
TXN003771,CUST1162,Pune,MER055,Shopping,2026-01-16 10:19:00,Debit Card,iPhone,25865.25,INR,167081.36,300,Yes,46,No,Pending,Medium,0
TXN003772,CUST0096,Bengaluru,MER167,Healthcare,2026-01-21 12:00:00,Credit Card,Web,2814.94,INR,458622.92,877,Yes,35,No,Success,Medium,0
TXN003773,CUST1179,Pune,MER265,Travel,2026-10-07 18:03:00,NetBanking,iPhone,45355.52,INR,440564.97,843,Yes,49,Yes,Failed,High,0
TXN003774,CUST0398,Hyderabad,MER228,Entertainment,2026-06-22 22:44:00,UPI,iPhone,68205.9,INR,458671.02,768,No,24,No,Pending,High,0
TXN003775,CUST0369,Hyderabad,MER051,Shopping,2026-11-08 03:40:00,Debit Card,Web,42799.35,INR,270587.33,773,Yes,86,No,Success,High,0
TXN003776,CUST0336,Hyderabad,MER242,Food,2026-05-12 15:50:00,UPI,Web,10386.63,INR,402514.7,783,No,44,Yes,Failed,Medium,0
TXN003777,CUST1095,Pune,MER279,Entertainment,2026-12-13 18:48:00,NetBanking,Web,12244.51,INR,329972.46,694,No,67,No,Success,Low,0
TXN003778,CUST1182,Mumbai,MER270,Bills,2026-01-23 15:49:00,Wallet,iPhone,16945.33,INR,419119.61,382,No,22,Yes,Success,Low,0
TXN003779,CUST1102,Delhi,MER109,Healthcare,2026-11-20 01:50:00,Credit Card,Web,20750.69,INR,332211.45,376,No,3,No,Failed,Low,0
TXN003780,CUST0402,Delhi,MER226,Travel,2026-03-20 12:29:00,Wallet,Web,23410.76,INR,82116.56,532,Yes,7,Yes,Success,Medium,0
TXN003781,CUST0813,Bengaluru,MER146,Travel,2026-10-05 03:55:00,Credit Card,Android,23901.61,INR,488291.16,343,No,38,No,Pending,Medium,0
TXN003782,CUST0386,Pune,MER242,Healthcare,2026-12-06 07:34:00,UPI,Web,7647.28,INR,310575.37,884,No,51,No,Failed,Low,0
TXN003783,CUST0763,Pune,MER048,Food,2026-03-20 10:04:00,Debit Card,iPhone,34913.56,INR,364813.1,466,No,62,No,Success,Low,0
TXN003784,CUST0069,Mumbai,MER270,Food,2026-05-07 03:19:00,Wallet,Web,4275.31,INR,486996.98,651,No,3,Yes,Success,Medium,0
TXN003785,CUST0874,Hyderabad,MER122,Food,2026-12-11 02:30:00,Debit Card,Web,22350.26,INR,224963.95,460,No,48,No,Success,Low,0
TXN003786,CUST0654,Bengaluru,MER291,Travel,2026-10-27 10:02:00,NetBanking,Android,1650.24,INR,282661.13,322,No,25,No,Success,Low,0
TXN003787,CUST0060,Hyderabad,MER095,Food,2026-09-02 14:02:00,Credit Card,Android,55826.43,INR,445628.83,585,Yes,100,Yes,Success,High,0
TXN003788,CUST0749,Hyderabad,MER252,Bills,2026-08-11 13:55:00,Debit Card,iPhone,34923.83,INR,194595.88,858,No,27,Yes,Failed,Low,0
TXN003789,CUST0580,Mumbai,MER215,Entertainment,2026-07-24 10:55:00,NetBanking,Web,72571.38,INR,486302.44,336,No,57,No,Failed,High,1
TXN003790,CUST0694,Hyderabad,MER282,Shopping,2026-05-24 14:59:00,Debit Card,iPhone,70150.1,INR,44792.01,895,Yes,36,Yes,Failed,High,0
TXN003791,CUST0261,Bengaluru,MER287,Shopping,2026-02-03 04:55:00,Wallet,iPhone,18170.87,INR,73050.57,833,No,27,No,Success,Low,0
TXN003792,CUST0806,Mumbai,MER133,Entertainment,2026-01-25 17:50:00,Debit Card,iPhone,41316.57,INR,280334.99,789,No,57,No,Failed,Medium,0
TXN003793,CUST0159,Pune,MER099,Food,2026-07-10 17:40:00,NetBanking,iPhone,58321.13,INR,426429.83,483,No,63,No,Success,Medium,0
TXN003794,CUST0783,Hyderabad,MER145,Entertainment,2026-12-01 17:21:00,Credit Card,Android,50059.1,INR,165925.08,331,No,61,No,Failed,Low,0
TXN003795,CUST0429,Delhi,MER209,Shopping,2026-02-03 17:31:00,NetBanking,Web,10835.22,INR,202941.36,625,Yes,45,Yes,Success,Low,0
TXN003796,CUST0479,Bengaluru,MER065,Entertainment,2026-08-13 04:33:00,NetBanking,Web,4794.75,INR,421035.13,348,No,85,No,Failed,Low,0
TXN003797,CUST0840,Pune,MER053,Bills,2026-01-06 03:00:00,Debit Card,Web,69056.03,INR,119226.74,724,No,5,Yes,Pending,Medium,1
TXN003798,CUST0377,Hyderabad,MER158,Food,2026-09-26 16:26:00,Credit Card,iPhone,27732.01,INR,497450.54,683,No,20,No,Pending,Medium,0
TXN003799,CUST0401,Delhi,MER059,Bills,2026-07-17 16:47:00,Credit Card,Android,42101.43,INR,3836.69,484,Yes,60,Yes,Success,Low,0
TXN003800,CUST0123,Mumbai,MER043,Entertainment,2026-04-12 05:23:00,NetBanking,Web,48945.19,INR,26696.22,846,No,57,No,Failed,Medium,0
TXN003801,CUST0595,Mumbai,MER077,Healthcare,2026-03-07 16:59:00,Credit Card,Web,33509.73,INR,35077.57,430,Yes,71,Yes,Failed,Medium,0
TXN003802,CUST0538,Bengaluru,MER265,Travel,2026-05-11 11:06:00,NetBanking,Web,43519.45,INR,320926.22,836,No,50,No,Success,Low,0
TXN003803,CUST0647,Bengaluru,MER140,Shopping,2026-06-05 11:06:00,Credit Card,iPhone,43330.62,INR,54407.37,494,No,7,Yes,Failed,Medium,0
TXN003804,CUST0567,Delhi,MER289,Healthcare,2026-08-12 17:25:00,UPI,Web,29440.14,INR,31580.95,708,Yes,74,No,Failed,High,0
TXN003805,CUST0854,Mumbai,MER218,Shopping,2026-05-28 15:09:00,Debit Card,Web,14898.78,INR,447958.25,879,No,23,No,Failed,Medium,0
TXN003806,CUST0497,Pune,MER073,Entertainment,2026-07-12 22:32:00,Debit Card,Android,29175.22,INR,343978.64,343,Yes,59,No,Pending,Low,0
TXN003807,CUST0189,Pune,MER074,Travel,2026-01-14 20:34:00,Credit Card,Android,51417.02,INR,171275.92,398,Yes,83,No,Success,Low,0
TXN003808,CUST0665,Delhi,MER056,Entertainment,2026-05-22 03:49:00,Debit Card,Android,28758.48,INR,498126.18,800,Yes,1,No,Failed,Medium,0
TXN003809,CUST0095,Mumbai,MER091,Travel,2026-09-22 02:24:00,Wallet,Android,27896.74,INR,238429.34,593,No,66,No,Success,Low,0
TXN003810,CUST1090,Delhi,MER217,Shopping,2026-08-20 11:54:00,Credit Card,Android,31973.12,INR,388446.78,513,Yes,28,Yes,Pending,High,0
TXN003811,CUST0891,Hyderabad,MER121,Food,2026-09-29 23:17:00,Debit Card,Web,60606.78,INR,172084.28,478,Yes,80,No,Pending,Medium,0
TXN003812,CUST1118,Mumbai,MER071,Shopping,2026-03-17 00:20:00,UPI,Android,57158.72,INR,340494.76,381,Yes,46,No,Pending,High,0
TXN003813,CUST0345,Mumbai,MER011,Bills,2026-07-17 20:47:00,UPI,iPhone,46016.09,INR,56422.84,637,No,3,No,Failed,Low,0
TXN003814,CUST0382,Delhi,MER130,Entertainment,2026-10-25 20:49:00,Debit Card,iPhone,34305.94,INR,368327.98,780,No,84,No,Success,Low,0
TXN003815,CUST0851,Bengaluru,MER250,Travel,2026-02-12 15:22:00,UPI,Android,17307.22,INR,149942.79,696,No,41,No,Success,High,0
TXN003816,CUST0761,Bengaluru,MER110,Entertainment,2026-02-06 05:50:00,UPI,Web,70930.71,INR,8266.87,654,No,65,No,Success,Medium,0
TXN003817,CUST0970,Delhi,MER018,Travel,2026-06-28 17:20:00,UPI,Web,14296.52,INR,78152.42,613,Yes,15,Yes,Success,Low,0
TXN003818,CUST0333,Bengaluru,MER281,Food,2026-06-27 21:34:00,Credit Card,iPhone,41243.59,INR,487953.57,614,No,6,No,Pending,High,0
TXN003819,CUST0240,Bengaluru,MER208,Entertainment,2026-08-18 14:11:00,Debit Card,Android,61828.07,INR,372814.67,545,No,53,Yes,Success,High,0
TXN003820,CUST0150,Pune,MER062,Healthcare,2026-06-21 16:49:00,UPI,Web,25011.6,INR,23032.27,304,Yes,69,Yes,Success,Low,0
TXN003821,CUST0342,Pune,MER278,Healthcare,2026-03-27 13:46:00,NetBanking,Web,74111.0,INR,180320.65,350,Yes,38,No,Failed,Low,0
TXN003822,CUST0032,Pune,MER147,Bills,2026-11-11 07:53:00,NetBanking,Android,63699.8,INR,132516.9,776,No,73,Yes,Success,Medium,1
TXN003823,CUST0804,Hyderabad,MER166,Food,2026-09-26 01:10:00,Wallet,Web,14375.21,INR,265895.71,814,No,60,No,Success,Low,0
TXN003824,CUST0249,Hyderabad,MER011,Travel,2026-10-29 21:14:00,Debit Card,Android,34874.04,INR,77711.06,612,No,2,No,Success,Low,0
TXN003825,CUST0716,Mumbai,MER141,Food,2026-08-29 16:13:00,Wallet,Web,55654.51,INR,407008.05,621,No,39,No,Pending,Medium,0
TXN003826,CUST0521,Hyderabad,MER062,Shopping,2026-03-02 08:59:00,NetBanking,iPhone,28429.68,INR,5171.03,305,Yes,90,Yes,Success,Medium,0
TXN003827,CUST0556,Hyderabad,MER050,Food,2026-10-03 22:51:00,Wallet,Android,19746.66,INR,254312.59,482,Yes,24,Yes,Failed,High,0
TXN003828,CUST0458,Hyderabad,MER219,Travel,2026-08-22 19:36:00,Credit Card,Android,70616.45,INR,360618.35,575,No,6,Yes,Failed,Medium,0
TXN003829,CUST0756,Hyderabad,MER276,Bills,2026-10-24 14:33:00,Wallet,Android,8913.26,INR,22107.68,351,Yes,3,No,Pending,Low,0
TXN003830,CUST0781,Mumbai,MER138,Bills,2026-08-10 12:11:00,Credit Card,Web,63936.79,INR,108408.05,511,No,66,Yes,Failed,Low,1
TXN003831,CUST0797,Mumbai,MER045,Shopping,2026-09-12 14:43:00,Debit Card,Web,9647.03,INR,176140.34,838,Yes,84,Yes,Pending,Medium,0
TXN003832,CUST0944,Delhi,MER051,Entertainment,2026-03-19 04:23:00,UPI,Web,27802.88,INR,464558.61,528,Yes,25,No,Success,High,0
TXN003833,CUST0525,Hyderabad,MER275,Entertainment,2026-04-27 09:26:00,UPI,Android,55654.77,INR,334144.8,854,Yes,32,No,Pending,High,1
TXN003834,CUST0633,Mumbai,MER116,Travel,2026-12-13 06:49:00,Wallet,Web,22389.21,INR,140631.92,630,No,6,Yes,Failed,Medium,0
TXN003835,CUST0998,Pune,MER035,Food,2026-06-03 17:32:00,Debit Card,Android,18735.29,INR,201413.02,654,No,93,No,Success,Low,0
TXN003836,CUST0078,Bengaluru,MER080,Bills,2026-03-02 02:02:00,Wallet,iPhone,35484.16,INR,157461.66,300,No,89,Yes,Failed,Low,0
TXN003837,CUST0796,Pune,MER185,Bills,2026-05-27 16:50:00,UPI,Android,37917.5,INR,410109.87,869,Yes,71,Yes,Success,High,0
TXN003838,CUST1030,Hyderabad,MER156,Travel,2026-05-12 10:51:00,NetBanking,Android,1324.81,INR,12158.19,804,No,29,Yes,Pending,Medium,0
TXN003839,CUST1185,Mumbai,MER257,Entertainment,2026-08-04 10:43:00,Wallet,Web,14883.13,INR,48128.52,713,Yes,85,No,Failed,High,0
TXN003840,CUST0513,Delhi,MER141,Healthcare,2026-05-20 02:22:00,Debit Card,Web,29614.1,INR,342354.9,476,Yes,54,Yes,Failed,Medium,0
TXN003841,CUST0023,Mumbai,MER180,Healthcare,2026-01-22 12:05:00,NetBanking,iPhone,39662.58,INR,184751.32,551,No,96,No,Pending,Low,0
TXN003842,CUST0713,Mumbai,MER149,Healthcare,2026-11-30 01:48:00,NetBanking,Android,53933.14,INR,460729.7,490,No,93,Yes,Failed,Medium,0
TXN003843,CUST0097,Hyderabad,MER299,Entertainment,2026-08-17 00:46:00,Credit Card,Android,37965.44,INR,469932.52,813,Yes,72,Yes,Failed,High,0
TXN003844,CUST1006,Hyderabad,MER049,Food,2026-01-03 11:07:00,Credit Card,iPhone,35547.72,INR,22686.42,354,No,29,No,Success,Medium,0
TXN003845,CUST0536,Pune,MER243,Entertainment,2026-08-12 07:28:00,UPI,Web,23331.53,INR,136725.39,841,Yes,3,Yes,Success,Low,0
TXN003846,CUST0490,Pune,MER087,Entertainment,2026-02-12 18:08:00,Debit Card,Web,65738.14,INR,294795.36,561,Yes,11,Yes,Pending,Low,1
TXN003847,CUST0224,Delhi,MER286,Entertainment,2026-11-17 08:11:00,UPI,Web,62602.88,INR,75847.8,803,Yes,35,No,Success,High,0
TXN003848,CUST0592,Delhi,MER194,Food,2026-07-08 11:48:00,Debit Card,iPhone,33632.72,INR,280876.85,401,No,89,Yes,Success,Medium,0
TXN003849,CUST0999,Pune,MER054,Shopping,2026-07-07 15:08:00,Wallet,Web,70801.95,INR,497740.24,421,Yes,90,Yes,Pending,Low,0
TXN003850,CUST0269,Hyderabad,MER178,Bills,2026-02-14 03:50:00,NetBanking,iPhone,16724.07,INR,267811.23,894,No,70,Yes,Success,Medium,0
TXN003851,CUST1189,Pune,MER198,Entertainment,2026-11-04 22:52:00,NetBanking,Web,30249.47,INR,436280.73,768,No,87,Yes,Pending,High,0
TXN003852,CUST0728,Hyderabad,MER152,Healthcare,2026-09-24 23:59:00,Wallet,iPhone,60890.67,INR,420097.01,760,No,85,No,Pending,Medium,0
TXN003853,CUST1039,Pune,MER021,Bills,2026-04-26 19:37:00,UPI,Web,36793.42,INR,407666.7,837,Yes,25,Yes,Failed,Low,0
TXN003854,CUST0490,Delhi,MER240,Shopping,2026-09-09 15:54:00,UPI,Web,62842.93,INR,359729.45,744,No,72,No,Failed,Medium,1
TXN003855,CUST1116,Delhi,MER134,Bills,2026-01-02 02:23:00,Debit Card,Android,3933.75,INR,41597.31,770,Yes,18,Yes,Success,Low,0
TXN003856,CUST0899,Bengaluru,MER299,Travel,2026-10-18 21:02:00,NetBanking,Web,247.32,INR,443744.73,468,Yes,76,No,Failed,Medium,0
TXN003857,CUST0113,Bengaluru,MER268,Healthcare,2026-03-20 09:12:00,Wallet,Web,29888.35,INR,16909.43,896,Yes,89,Yes,Failed,Low,0
TXN003858,CUST0171,Delhi,MER145,Travel,2026-10-09 09:57:00,Debit Card,iPhone,14147.98,INR,312701.87,876,No,40,No,Success,High,0
TXN003859,CUST1109,Hyderabad,MER250,Food,2026-02-10 16:56:00,Wallet,Android,40955.56,INR,147279.62,841,No,75,No,Success,Medium,0
TXN003860,CUST0097,Bengaluru,MER129,Food,2026-06-02 00:36:00,Credit Card,Web,15168.94,INR,348271.19,701,No,23,No,Success,High,0
TXN003861,CUST1009,Pune,MER043,Entertainment,2026-03-31 18:45:00,Credit Card,Android,45522.03,INR,186720.51,707,No,58,Yes,Success,High,0
TXN003862,CUST0953,Pune,MER238,Food,2026-01-03 15:25:00,Debit Card,iPhone,64935.71,INR,358190.24,886,Yes,92,Yes,Failed,Low,1
TXN003863,CUST0046,Mumbai,MER089,Food,2026-03-30 05:11:00,UPI,Web,68255.97,INR,291728.59,707,Yes,41,Yes,Success,Medium,0
TXN003864,CUST0185,Hyderabad,MER122,Shopping,2026-02-02 17:32:00,Wallet,Web,28871.46,INR,129124.69,390,No,53,No,Failed,Medium,0
TXN003865,CUST0376,Mumbai,MER106,Shopping,2026-05-13 14:13:00,NetBanking,Android,24588.1,INR,208099.93,608,Yes,45,No,Failed,Low,0
TXN003866,CUST0410,Mumbai,MER263,Bills,2026-09-18 07:37:00,Debit Card,Web,1782.51,INR,200408.7,319,Yes,58,No,Failed,Low,0
TXN003867,CUST0650,Pune,MER033,Healthcare,2026-02-01 21:44:00,Wallet,iPhone,24431.67,INR,116270.41,565,No,3,No,Pending,Medium,0
TXN003868,CUST0983,Hyderabad,MER260,Entertainment,2026-02-06 01:48:00,Credit Card,iPhone,46007.51,INR,33188.7,650,Yes,36,No,Pending,Medium,0
TXN003869,CUST0648,Mumbai,MER178,Food,2026-07-27 19:12:00,UPI,Web,20617.46,INR,133478.05,659,Yes,67,No,Success,Medium,0
TXN003870,CUST0528,Hyderabad,MER187,Food,2026-10-11 20:46:00,Credit Card,Android,70368.19,INR,458864.14,387,Yes,5,No,Pending,High,0
TXN003871,CUST0880,Delhi,MER121,Healthcare,2026-04-07 14:03:00,Wallet,Web,43721.99,INR,13911.92,874,Yes,74,Yes,Pending,Low,0
TXN003872,CUST0195,Hyderabad,MER109,Travel,2026-07-26 06:34:00,Credit Card,Web,27190.67,INR,122693.71,700,Yes,41,Yes,Success,High,0
TXN003873,CUST0246,Pune,MER087,Entertainment,2026-04-17 16:57:00,NetBanking,Web,32148.63,INR,54962.64,823,Yes,1,Yes,Failed,Low,0
TXN003874,CUST0434,Bengaluru,MER088,Shopping,2026-05-13 13:09:00,UPI,iPhone,65325.06,INR,247441.75,391,No,58,No,Success,High,0
TXN003875,CUST0175,Pune,MER242,Travel,2026-08-12 03:56:00,Credit Card,Android,53653.17,INR,114970.51,634,Yes,32,Yes,Failed,Low,0
TXN003876,CUST0722,Hyderabad,MER086,Entertainment,2026-10-02 15:57:00,NetBanking,iPhone,6192.21,INR,360046.16,618,No,90,Yes,Failed,High,0
TXN003877,CUST0520,Pune,MER137,Bills,2026-08-31 03:58:00,Wallet,Android,69718.43,INR,378265.48,739,Yes,69,Yes,Success,High,0
TXN003878,CUST0791,Bengaluru,MER083,Food,2026-05-26 16:48:00,Credit Card,iPhone,48796.51,INR,65955.74,799,Yes,28,No,Pending,Medium,0
TXN003879,CUST0900,Mumbai,MER073,Entertainment,2026-03-01 02:53:00,Credit Card,Android,48296.41,INR,479043.07,558,Yes,56,Yes,Failed,High,0
TXN003880,CUST0325,Delhi,MER129,Food,2026-04-17 21:35:00,Debit Card,Android,54383.52,INR,466998.27,796,No,62,No,Pending,Low,0
TXN003881,CUST0185,Hyderabad,MER218,Shopping,2026-03-20 05:12:00,Debit Card,iPhone,20828.87,INR,39902.07,652,No,76,No,Pending,High,0
TXN003882,CUST0374,Delhi,MER112,Travel,2026-07-30 19:36:00,Credit Card,Web,2541.57,INR,64971.37,606,No,85,Yes,Failed,High,0
TXN003883,CUST0756,Delhi,MER003,Healthcare,2026-08-26 10:04:00,NetBanking,iPhone,28078.22,INR,241928.37,570,No,18,Yes,Pending,Medium,0
TXN003884,CUST0877,Hyderabad,MER092,Shopping,2026-10-16 06:00:00,UPI,Android,50167.0,INR,353252.81,477,Yes,4,No,Success,High,1
TXN003885,CUST0585,Bengaluru,MER244,Travel,2026-04-13 13:59:00,NetBanking,iPhone,62459.17,INR,292648.34,432,No,15,No,Success,High,0
TXN003886,CUST0012,Delhi,MER218,Healthcare,2026-02-18 14:37:00,UPI,Web,65365.1,INR,427811.37,820,Yes,3,No,Pending,High,0
TXN003887,CUST0374,Mumbai,MER019,Healthcare,2026-10-29 04:02:00,Credit Card,iPhone,64030.07,INR,89291.06,417,Yes,83,No,Success,Low,0
TXN003888,CUST1006,Bengaluru,MER042,Travel,2026-01-19 01:45:00,Credit Card,iPhone,47648.29,INR,432794.74,894,Yes,76,Yes,Success,Medium,0
TXN003889,CUST0344,Mumbai,MER246,Healthcare,2026-07-24 09:51:00,Credit Card,iPhone,6536.74,INR,418924.87,885,Yes,43,No,Success,Low,1
TXN003890,CUST0365,Mumbai,MER154,Food,2026-07-20 14:16:00,UPI,Web,32352.12,INR,234424.39,332,Yes,30,No,Pending,Low,0
TXN003891,CUST0101,Hyderabad,MER278,Shopping,2026-02-24 00:55:00,Debit Card,iPhone,36814.11,INR,7738.13,822,No,74,Yes,Pending,Low,0
TXN003892,CUST0734,Pune,MER096,Travel,2026-08-24 05:51:00,NetBanking,iPhone,40610.77,INR,458276.2,346,Yes,74,No,Pending,Medium,0
TXN003893,CUST0211,Hyderabad,MER057,Shopping,2026-08-01 03:46:00,UPI,Android,43347.01,INR,203472.02,812,No,32,No,Success,High,0
TXN003894,CUST0044,Pune,MER075,Shopping,2026-08-08 06:06:00,NetBanking,iPhone,25806.71,INR,253563.75,833,Yes,35,Yes,Pending,Low,0
TXN003895,CUST1108,Hyderabad,MER252,Food,2026-05-03 01:06:00,Debit Card,Web,73936.6,INR,430333.69,880,No,87,No,Failed,Low,0
TXN003896,CUST1018,Pune,MER023,Bills,2026-02-02 03:35:00,NetBanking,Android,59077.22,INR,371114.34,348,Yes,47,Yes,Success,Medium,1
TXN003897,CUST0235,Hyderabad,MER092,Travel,2026-04-07 17:46:00,UPI,iPhone,61111.26,INR,376895.99,388,No,42,No,Failed,Low,0
TXN003898,CUST0558,Mumbai,MER278,Bills,2026-01-21 13:27:00,Wallet,Android,61355.67,INR,33085.67,611,Yes,15,Yes,Pending,High,1
TXN003899,CUST0526,Bengaluru,MER059,Healthcare,2026-02-23 20:46:00,Wallet,iPhone,56993.37,INR,336035.49,643,Yes,61,Yes,Success,Medium,0
TXN003900,CUST1124,Pune,MER143,Travel,2026-02-02 02:38:00,Credit Card,iPhone,49071.17,INR,450734.97,323,Yes,90,Yes,Pending,High,0
TXN003901,CUST0221,Pune,MER210,Travel,2026-07-22 03:40:00,Credit Card,Android,4375.83,INR,137577.76,577,Yes,21,No,Failed,Medium,0
TXN003902,CUST0165,Bengaluru,MER257,Food,2026-08-22 15:32:00,NetBanking,iPhone,72400.21,INR,250792.03,638,No,9,No,Pending,Low,0
TXN003903,CUST0821,Bengaluru,MER286,Food,2026-11-21 22:49:00,Credit Card,iPhone,25989.69,INR,184225.53,562,Yes,4,No,Pending,Medium,0
TXN003904,CUST0143,Pune,MER003,Bills,2026-08-02 13:25:00,Debit Card,iPhone,3724.53,INR,306999.13,395,Yes,25,Yes,Success,Medium,0
TXN003905,CUST0345,Hyderabad,MER198,Shopping,2026-01-07 06:22:00,Credit Card,Web,35308.45,INR,25044.08,655,Yes,44,Yes,Pending,Medium,0
TXN003906,CUST0124,Hyderabad,MER230,Food,2026-01-21 21:27:00,NetBanking,Android,20871.12,INR,221364.58,684,No,13,Yes,Failed,High,0
TXN003907,CUST1107,Hyderabad,MER169,Travel,2026-09-21 17:13:00,Wallet,iPhone,12183.03,INR,290030.42,662,No,92,Yes,Pending,Low,0
TXN003908,CUST0891,Hyderabad,MER171,Shopping,2026-11-18 23:53:00,NetBanking,Android,6400.36,INR,128625.65,773,Yes,19,No,Pending,High,0
TXN003909,CUST0961,Bengaluru,MER193,Entertainment,2026-08-17 08:21:00,Credit Card,Android,38557.35,INR,30403.98,775,Yes,81,Yes,Success,Medium,0
TXN003910,CUST0951,Hyderabad,MER066,Travel,2026-09-19 13:06:00,Credit Card,iPhone,47069.17,INR,168372.94,843,Yes,11,Yes,Success,High,0
TXN003911,CUST0743,Pune,MER280,Food,2026-06-13 18:48:00,NetBanking,iPhone,33001.86,INR,156218.02,569,No,60,No,Pending,Low,0
TXN003912,CUST0285,Delhi,MER228,Bills,2026-04-25 21:27:00,Wallet,Android,4601.16,INR,92629.13,562,No,45,No,Failed,High,0
TXN003913,CUST0180,Bengaluru,MER201,Food,2026-04-03 13:48:00,NetBanking,Web,49850.31,INR,9901.09,368,No,4,Yes,Failed,Medium,0
TXN003914,CUST1171,Hyderabad,MER088,Entertainment,2026-09-28 17:08:00,Debit Card,Android,69814.91,INR,414299.38,731,No,32,No,Pending,Low,1
TXN003915,CUST0099,Hyderabad,MER207,Bills,2026-09-28 12:44:00,Wallet,iPhone,59565.83,INR,178955.68,455,No,83,No,Success,Low,0
TXN003916,CUST0657,Hyderabad,MER253,Food,2026-05-28 05:32:00,Debit Card,Web,72552.91,INR,33784.75,434,No,48,Yes,Failed,Medium,1
TXN003917,CUST0671,Pune,MER216,Entertainment,2026-07-06 06:13:00,UPI,Android,41308.7,INR,284841.23,449,No,16,No,Failed,Low,0
TXN003918,CUST0469,Delhi,MER093,Bills,2026-01-01 10:41:00,UPI,iPhone,15489.66,INR,498696.23,758,Yes,54,No,Failed,High,0
TXN003919,CUST0261,Hyderabad,MER051,Travel,2026-05-03 03:21:00,Debit Card,Android,5068.83,INR,412712.85,305,Yes,86,Yes,Success,Low,0
TXN003920,CUST0118,Pune,MER086,Shopping,2026-11-10 22:22:00,Credit Card,Android,48465.45,INR,138430.34,708,No,94,No,Success,Medium,0
TXN003921,CUST0763,Mumbai,MER120,Food,2026-10-04 18:30:00,UPI,iPhone,7059.98,INR,202400.35,819,Yes,42,No,Success,High,0
TXN003922,CUST0396,Pune,MER261,Shopping,2026-07-17 16:09:00,Credit Card,Android,41674.97,INR,189970.0,876,Yes,15,No,Success,High,0
TXN003923,CUST1067,Hyderabad,MER033,Bills,2026-05-20 19:25:00,Credit Card,Web,65288.79,INR,306150.58,348,Yes,17,Yes,Success,Medium,0
TXN003924,CUST0095,Hyderabad,MER002,Food,2026-07-06 09:01:00,Credit Card,Android,56866.71,INR,416077.22,642,No,63,No,Pending,Low,0
TXN003925,CUST0206,Mumbai,MER054,Healthcare,2026-07-18 20:16:00,Credit Card,Web,67329.53,INR,98320.49,315,Yes,61,Yes,Pending,Medium,0
TXN003926,CUST0701,Delhi,MER243,Bills,2026-09-26 06:52:00,Wallet,Web,19976.15,INR,377848.79,685,Yes,45,Yes,Failed,Medium,0
TXN003927,CUST0252,Mumbai,MER023,Travel,2026-04-22 01:44:00,Debit Card,Web,62499.78,INR,485797.01,574,Yes,81,No,Failed,Medium,1
TXN003928,CUST0354,Mumbai,MER003,Food,2026-12-07 10:00:00,Credit Card,Android,25851.33,INR,146982.92,482,Yes,30,No,Success,Medium,0
TXN003929,CUST0445,Mumbai,MER183,Food,2026-10-23 07:25:00,NetBanking,Web,74350.22,INR,310482.76,463,Yes,9,Yes,Failed,Low,1
TXN003930,CUST0018,Bengaluru,MER297,Travel,2026-09-22 02:56:00,UPI,iPhone,71893.72,INR,406109.86,739,No,17,Yes,Pending,High,0
TXN003931,CUST0192,Hyderabad,MER126,Food,2026-01-15 14:29:00,UPI,Android,52386.14,INR,306663.62,417,Yes,88,No,Failed,Low,1
TXN003932,CUST0096,Delhi,MER300,Shopping,2026-10-29 11:37:00,Wallet,iPhone,3622.84,INR,267886.69,710,No,12,Yes,Success,High,0
TXN003933,CUST0372,Mumbai,MER236,Entertainment,2026-10-11 13:44:00,NetBanking,Android,63142.89,INR,413184.12,487,Yes,22,No,Success,Low,0
TXN003934,CUST1115,Pune,MER252,Bills,2026-08-06 22:22:00,Wallet,iPhone,23076.52,INR,231862.95,708,No,40,Yes,Pending,Medium,0
TXN003935,CUST0205,Delhi,MER217,Travel,2026-10-05 15:23:00,UPI,Android,72195.64,INR,436899.03,602,No,88,Yes,Failed,Medium,0
TXN003936,CUST0135,Pune,MER208,Food,2026-09-22 17:13:00,NetBanking,iPhone,19637.45,INR,339841.07,776,Yes,72,Yes,Success,Low,0
TXN003937,CUST0556,Bengaluru,MER149,Shopping,2026-06-15 07:58:00,Debit Card,Web,16026.94,INR,152579.42,663,No,100,No,Failed,Medium,0
TXN003938,CUST0242,Delhi,MER238,Travel,2026-08-14 23:14:00,NetBanking,Android,6046.59,INR,129105.36,688,Yes,62,Yes,Success,Low,0
TXN003939,CUST0480,Bengaluru,MER067,Bills,2026-05-27 19:23:00,Debit Card,Web,59201.71,INR,198882.16,435,Yes,94,No,Failed,Medium,1
TXN003940,CUST0302,Delhi,MER293,Food,2026-11-01 08:46:00,Credit Card,iPhone,27531.57,INR,87223.03,310,No,60,No,Pending,High,0
TXN003941,CUST0944,Bengaluru,MER014,Travel,2026-11-07 13:04:00,NetBanking,Web,16346.16,INR,362690.37,561,No,72,No,Success,Low,0
TXN003942,CUST0435,Bengaluru,MER060,Healthcare,2026-02-01 18:04:00,NetBanking,Android,53587.35,INR,274953.55,461,Yes,66,Yes,Pending,Medium,1
TXN003943,CUST1025,Delhi,MER273,Entertainment,2026-12-09 00:03:00,Debit Card,iPhone,1006.39,INR,6439.26,337,No,66,Yes,Failed,Low,0
TXN003944,CUST0273,Hyderabad,MER258,Shopping,2026-05-24 22:00:00,Wallet,Android,51357.81,INR,36627.92,702,Yes,87,No,Pending,Low,1
TXN003945,CUST0253,Delhi,MER138,Shopping,2026-05-30 02:34:00,Debit Card,Android,23245.91,INR,355021.11,574,No,44,Yes,Pending,Low,0
TXN003946,CUST0436,Mumbai,MER279,Shopping,2026-04-28 00:50:00,Debit Card,iPhone,5245.33,INR,167488.14,303,Yes,17,Yes,Success,Low,0
TXN003947,CUST1030,Delhi,MER287,Food,2026-03-16 10:43:00,UPI,Android,68066.33,INR,485978.66,666,Yes,8,Yes,Success,High,0
TXN003948,CUST0082,Mumbai,MER159,Food,2026-10-22 16:45:00,Wallet,iPhone,52611.13,INR,204359.85,749,Yes,88,No,Pending,Low,0
TXN003949,CUST0338,Hyderabad,MER210,Bills,2026-04-16 09:53:00,UPI,Web,52261.64,INR,465207.75,307,No,63,Yes,Failed,High,1
TXN003950,CUST0749,Bengaluru,MER180,Healthcare,2026-01-07 15:13:00,UPI,Android,63928.24,INR,46285.34,672,No,25,Yes,Success,Low,0
TXN003951,CUST0407,Hyderabad,MER133,Bills,2026-06-06 09:19:00,NetBanking,Android,25370.72,INR,233039.63,736,No,82,No,Failed,Medium,0
TXN003952,CUST0177,Delhi,MER264,Travel,2026-03-08 19:15:00,UPI,Android,21799.46,INR,310161.46,566,No,97,No,Success,Low,0
TXN003953,CUST0656,Mumbai,MER084,Food,2026-05-25 09:58:00,NetBanking,iPhone,66732.64,INR,439734.21,660,No,1,Yes,Failed,High,1
TXN003954,CUST0723,Bengaluru,MER107,Entertainment,2026-05-23 15:43:00,UPI,iPhone,21399.9,INR,80330.38,873,No,75,Yes,Pending,Low,0
TXN003955,CUST1145,Hyderabad,MER199,Healthcare,2026-07-30 14:58:00,NetBanking,Android,59502.96,INR,49880.61,709,No,99,Yes,Pending,Medium,0
TXN003956,CUST0401,Pune,MER161,Travel,2026-08-29 09:17:00,Credit Card,Web,21396.55,INR,497909.66,405,No,98,Yes,Failed,Low,0
TXN003957,CUST0332,Hyderabad,MER134,Entertainment,2026-02-20 17:14:00,UPI,Android,48952.59,INR,437601.15,657,Yes,24,No,Success,Medium,1
TXN003958,CUST0907,Hyderabad,MER288,Healthcare,2026-11-04 13:59:00,UPI,Android,42767.92,INR,465591.85,820,No,75,Yes,Failed,High,0
TXN003959,CUST0544,Mumbai,MER152,Healthcare,2026-10-03 15:48:00,Wallet,Web,1874.13,INR,142008.89,345,No,14,No,Failed,Low,0
TXN003960,CUST1062,Hyderabad,MER250,Healthcare,2026-10-04 11:43:00,Debit Card,Android,19535.6,INR,162311.15,710,Yes,18,Yes,Pending,Low,0
TXN003961,CUST0070,Pune,MER204,Healthcare,2026-07-10 14:24:00,Debit Card,Web,34218.69,INR,7882.06,789,No,89,Yes,Success,Low,0
TXN003962,CUST0635,Hyderabad,MER052,Shopping,2026-02-07 07:26:00,Debit Card,Web,58556.69,INR,497061.56,890,Yes,99,No,Success,Medium,0
TXN003963,CUST0936,Delhi,MER053,Bills,2026-05-03 09:06:00,Credit Card,iPhone,65958.41,INR,140682.4,717,No,98,No,Pending,Medium,0
TXN003964,CUST0908,Pune,MER194,Shopping,2026-03-28 03:02:00,Wallet,Android,62052.11,INR,326875.64,416,Yes,52,No,Pending,Medium,1
TXN003965,CUST0146,Hyderabad,MER061,Bills,2026-07-10 02:38:00,Wallet,iPhone,74293.14,INR,245854.34,467,No,53,Yes,Failed,High,1
TXN003966,CUST0180,Pune,MER063,Food,2026-01-10 20:32:00,Credit Card,Web,55476.41,INR,462031.64,870,Yes,89,Yes,Failed,High,1
TXN003967,CUST0157,Pune,MER044,Food,2026-09-27 23:34:00,Credit Card,Android,50027.74,INR,403502.67,764,No,60,No,Pending,High,1
TXN003968,CUST0973,Bengaluru,MER224,Food,2026-08-03 02:23:00,Debit Card,Android,7011.42,INR,95220.58,812,Yes,24,Yes,Success,Medium,0
TXN003969,CUST0316,Delhi,MER245,Entertainment,2026-01-04 04:26:00,NetBanking,Android,24172.05,INR,374964.34,344,Yes,60,No,Failed,Medium,0
TXN003970,CUST0676,Delhi,MER092,Entertainment,2026-04-23 17:14:00,Wallet,Android,54924.41,INR,473716.39,695,Yes,81,No,Pending,Medium,0
TXN003971,CUST0270,Pune,MER248,Entertainment,2026-03-05 10:40:00,NetBanking,iPhone,29898.37,INR,75413.36,541,Yes,93,No,Success,High,0
TXN003972,CUST0620,Delhi,MER180,Travel,2026-07-31 23:04:00,Wallet,iPhone,65957.79,INR,437191.58,347,Yes,73,Yes,Pending,Low,0
TXN003973,CUST1028,Pune,MER071,Healthcare,2026-04-21 09:02:00,Debit Card,Android,71581.61,INR,466749.22,457,No,67,Yes,Failed,High,0
TXN003974,CUST0566,Bengaluru,MER152,Food,2026-09-07 06:34:00,Debit Card,iPhone,9908.24,INR,300133.78,570,No,59,No,Success,Medium,0
TXN003975,CUST0342,Hyderabad,MER010,Bills,2026-01-08 16:04:00,NetBanking,Android,17598.07,INR,125314.42,829,Yes,2,Yes,Success,High,0
TXN003976,CUST1099,Pune,MER216,Entertainment,2026-06-25 09:21:00,NetBanking,Android,47743.67,INR,313307.14,732,No,81,No,Success,Low,0
TXN003977,CUST0349,Pune,MER066,Healthcare,2026-07-19 08:59:00,UPI,iPhone,45729.24,INR,312091.68,509,No,69,Yes,Success,High,0
TXN003978,CUST1014,Mumbai,MER116,Shopping,2026-04-05 07:33:00,Credit Card,iPhone,67219.02,INR,36630.57,701,Yes,67,Yes,Pending,High,1
TXN003979,CUST1113,Bengaluru,MER139,Healthcare,2026-12-08 09:01:00,Credit Card,Web,70060.32,INR,82876.69,496,Yes,23,No,Failed,Medium,0
TXN003980,CUST0911,Pune,MER024,Healthcare,2026-09-15 11:42:00,UPI,Web,8977.22,INR,200610.53,450,Yes,31,Yes,Failed,High,0
TXN003981,CUST0366,Pune,MER134,Shopping,2026-08-30 00:44:00,Debit Card,iPhone,23864.15,INR,129420.27,434,Yes,62,Yes,Pending,Low,0
TXN003982,CUST1009,Delhi,MER131,Travel,2026-11-27 19:13:00,Credit Card,Web,65499.43,INR,172274.84,763,Yes,5,Yes,Failed,Medium,0
TXN003983,CUST0107,Bengaluru,MER109,Bills,2026-11-02 18:39:00,Debit Card,Android,38642.96,INR,73383.8,351,Yes,52,Yes,Pending,High,0
TXN003984,CUST0932,Hyderabad,MER125,Bills,2026-09-29 20:27:00,Wallet,iPhone,18504.27,INR,380466.42,819,No,75,No,Failed,Low,0
TXN003985,CUST0480,Mumbai,MER120,Shopping,2026-03-22 23:12:00,NetBanking,Android,54544.94,INR,249909.68,338,Yes,32,No,Pending,Low,0
TXN003986,CUST0593,Hyderabad,MER195,Food,2026-12-13 14:13:00,NetBanking,Android,24502.61,INR,232203.93,837,Yes,20,Yes,Failed,High,0
TXN003987,CUST1108,Pune,MER295,Healthcare,2026-05-09 14:04:00,Credit Card,Android,47406.2,INR,131828.84,436,No,42,No,Success,Medium,0
TXN003988,CUST0112,Pune,MER244,Entertainment,2026-09-10 10:17:00,UPI,Android,53752.87,INR,57057.42,628,No,43,No,Failed,Medium,0
TXN003989,CUST0089,Hyderabad,MER233,Entertainment,2026-04-21 13:28:00,Debit Card,iPhone,65439.94,INR,346134.66,820,Yes,91,No,Success,High,0
TXN003990,CUST1064,Bengaluru,MER027,Travel,2026-01-07 14:34:00,Credit Card,iPhone,29904.32,INR,492090.61,889,Yes,29,Yes,Success,High,0
TXN003991,CUST1093,Hyderabad,MER062,Shopping,2026-09-15 08:37:00,Debit Card,Web,16095.97,INR,10107.85,500,Yes,8,Yes,Pending,Low,0
TXN003992,CUST0422,Pune,MER128,Bills,2026-09-25 20:16:00,Credit Card,Android,14294.24,INR,76352.83,884,No,89,Yes,Failed,High,0
TXN003993,CUST1118,Pune,MER278,Bills,2026-09-13 12:08:00,Debit Card,Web,67448.69,INR,424031.14,879,No,30,Yes,Pending,Low,0
TXN003994,CUST0986,Bengaluru,MER020,Healthcare,2026-08-03 23:18:00,Credit Card,Web,48167.94,INR,118407.72,888,No,27,Yes,Pending,Low,0
TXN003995,CUST0879,Hyderabad,MER288,Bills,2026-11-28 13:21:00,Credit Card,Android,31477.83,INR,384421.46,855,Yes,50,Yes,Pending,Medium,0
TXN003996,CUST0958,Hyderabad,MER276,Entertainment,2026-05-29 04:02:00,Debit Card,iPhone,40908.59,INR,412858.72,900,Yes,16,No,Success,Low,0
TXN003997,CUST0341,Hyderabad,MER090,Shopping,2026-05-02 16:37:00,Wallet,Android,7952.19,INR,8351.75,404,Yes,68,No,Success,Medium,0
TXN003998,CUST0460,Pune,MER068,Travel,2026-08-22 06:05:00,Wallet,Android,37747.04,INR,242912.62,681,Yes,15,No,Success,Medium,0
TXN003999,CUST0302,Mumbai,MER036,Food,2026-09-13 05:58:00,Debit Card,Android,58397.78,INR,144305.56,695,No,30,Yes,Failed,Medium,0
TXN004000,CUST1194,Hyderabad,MER068,Bills,2026-06-10 11:20:00,Wallet,Android,32945.72,INR,327090.7,821,No,53,Yes,Failed,Low,0
TXN004001,CUST0808,Delhi,MER226,Shopping,2026-11-23 10:34:00,UPI,Web,52690.1,INR,191111.69,851,Yes,34,No,Pending,High,1
TXN004002,CUST0595,Hyderabad,MER082,Healthcare,2026-02-15 19:29:00,NetBanking,Android,37807.38,INR,381877.87,791,Yes,50,Yes,Failed,Low,0
TXN004003,CUST1114,Pune,MER044,Food,2026-01-09 11:54:00,UPI,iPhone,56714.84,INR,424972.57,782,Yes,15,Yes,Pending,Medium,0
TXN004004,CUST0145,Bengaluru,MER277,Bills,2026-09-05 03:59:00,UPI,Android,15267.98,INR,455865.4,490,No,8,Yes,Pending,Low,0
TXN004005,CUST0330,Hyderabad,MER133,Entertainment,2026-04-16 23:39:00,Debit Card,iPhone,17331.61,INR,330245.83,658,No,99,No,Failed,Low,0
TXN004006,CUST0358,Delhi,MER145,Bills,2026-10-25 06:13:00,Wallet,Android,33287.75,INR,228346.05,324,No,51,No,Failed,High,0
TXN004007,CUST0012,Hyderabad,MER062,Travel,2026-06-21 23:45:00,Wallet,Web,57807.79,INR,486857.07,469,Yes,58,No,Success,High,0
TXN004008,CUST0419,Pune,MER279,Bills,2026-07-08 12:30:00,Wallet,Web,9835.81,INR,15511.67,371,Yes,65,Yes,Success,Low,0
TXN004009,CUST1138,Pune,MER188,Bills,2026-06-24 03:03:00,UPI,Android,70694.22,INR,87319.06,698,Yes,22,No,Pending,Low,0
TXN004010,CUST0859,Mumbai,MER260,Shopping,2026-04-16 19:22:00,Credit Card,iPhone,45595.52,INR,336551.97,854,Yes,65,No,Success,High,0
TXN004011,CUST0272,Pune,MER023,Shopping,2026-03-31 09:48:00,Credit Card,Android,67096.35,INR,281693.8,371,Yes,65,Yes,Success,Medium,0
TXN004012,CUST0858,Hyderabad,MER239,Healthcare,2026-03-17 02:03:00,UPI,Android,36120.82,INR,485789.68,801,Yes,77,No,Success,High,0
TXN004013,CUST0974,Delhi,MER042,Travel,2026-06-27 06:14:00,Wallet,Web,45712.86,INR,267983.75,564,Yes,39,Yes,Pending,High,0
TXN004014,CUST0205,Bengaluru,MER149,Shopping,2026-01-25 20:40:00,NetBanking,Android,55226.32,INR,2429.27,578,No,45,Yes,Pending,Medium,0
TXN004015,CUST0081,Delhi,MER207,Healthcare,2026-04-16 14:19:00,Debit Card,Web,6857.13,INR,403439.11,895,Yes,89,No,Success,Low,0
TXN004016,CUST0358,Bengaluru,MER232,Entertainment,2026-10-24 08:25:00,NetBanking,Web,3544.74,INR,237448.22,442,No,61,No,Success,Low,0
TXN004017,CUST0509,Pune,MER081,Travel,2026-06-22 21:48:00,Credit Card,iPhone,68194.32,INR,135270.04,592,No,41,Yes,Success,High,1
TXN004018,CUST1118,Mumbai,MER170,Shopping,2026-10-12 13:49:00,Wallet,iPhone,1021.69,INR,483419.44,452,Yes,80,No,Failed,High,0
TXN004019,CUST0023,Hyderabad,MER164,Food,2026-05-29 05:24:00,Credit Card,Web,36381.21,INR,3233.7,736,Yes,52,No,Pending,Medium,0
TXN004020,CUST0079,Hyderabad,MER107,Bills,2026-09-20 05:40:00,Credit Card,Android,996.49,INR,309020.82,414,No,50,No,Pending,Low,0
TXN004021,CUST0729,Delhi,MER129,Food,2026-09-05 03:42:00,Credit Card,Web,16328.51,INR,40839.16,670,No,43,Yes,Pending,Medium,0
TXN004022,CUST0616,Pune,MER139,Healthcare,2026-03-07 09:23:00,Credit Card,Web,56064.38,INR,112736.52,635,No,5,Yes,Success,High,1
TXN004023,CUST0132,Pune,MER250,Shopping,2026-11-16 17:21:00,NetBanking,Web,17572.85,INR,203660.28,725,Yes,70,Yes,Failed,High,0
TXN004024,CUST0972,Pune,MER135,Travel,2026-05-03 19:12:00,UPI,iPhone,19003.89,INR,187915.8,496,Yes,57,Yes,Failed,Low,0
TXN004025,CUST0539,Delhi,MER204,Travel,2026-12-03 12:32:00,UPI,iPhone,66007.79,INR,223981.52,706,Yes,99,Yes,Failed,Medium,1
TXN004026,CUST0997,Delhi,MER172,Healthcare,2026-10-24 11:47:00,Debit Card,Android,3779.75,INR,443968.35,788,Yes,55,No,Pending,High,0
TXN004027,CUST0160,Pune,MER295,Healthcare,2026-10-01 08:37:00,NetBanking,Web,3255.08,INR,223247.83,610,No,25,Yes,Success,Medium,0
TXN004028,CUST0662,Delhi,MER163,Bills,2026-04-14 19:53:00,Wallet,Web,48040.88,INR,231611.91,706,Yes,67,No,Pending,Medium,0
TXN004029,CUST0391,Delhi,MER277,Shopping,2026-11-10 18:46:00,Wallet,iPhone,41417.61,INR,376641.23,537,Yes,60,No,Failed,Low,0
TXN004030,CUST0659,Hyderabad,MER187,Travel,2026-06-22 03:14:00,Wallet,Android,73059.02,INR,456866.35,652,No,21,No,Failed,High,1
TXN004031,CUST0117,Delhi,MER065,Bills,2026-10-22 02:24:00,NetBanking,Android,42345.45,INR,14229.77,871,No,33,No,Success,Low,0
TXN004032,CUST0569,Hyderabad,MER021,Bills,2026-09-07 20:21:00,Wallet,Web,31689.18,INR,155224.06,505,Yes,31,No,Failed,Medium,0
TXN004033,CUST0413,Mumbai,MER117,Entertainment,2026-02-02 08:48:00,Debit Card,Web,52095.43,INR,125249.44,458,No,37,No,Pending,High,0
TXN004034,CUST0357,Pune,MER202,Bills,2026-06-08 07:05:00,Debit Card,Android,12360.87,INR,130085.85,759,Yes,5,Yes,Success,Low,0
TXN004035,CUST0041,Mumbai,MER086,Entertainment,2026-06-02 05:42:00,Wallet,iPhone,63321.77,INR,424691.31,777,Yes,66,No,Failed,Medium,1
TXN004036,CUST0143,Hyderabad,MER074,Bills,2026-09-10 23:06:00,Wallet,iPhone,52061.71,INR,173497.43,451,No,98,Yes,Failed,Low,0
TXN004037,CUST1176,Pune,MER186,Travel,2026-05-15 03:21:00,Credit Card,iPhone,56853.78,INR,164520.71,899,Yes,62,Yes,Pending,Medium,1
TXN004038,CUST0770,Mumbai,MER148,Travel,2026-08-09 15:38:00,Credit Card,Android,64825.61,INR,265729.74,412,Yes,98,No,Pending,Low,0
TXN004039,CUST0602,Delhi,MER203,Food,2026-07-16 07:50:00,Credit Card,iPhone,8685.91,INR,495310.79,684,No,74,Yes,Failed,High,0
TXN004040,CUST0415,Pune,MER068,Travel,2026-03-23 01:22:00,UPI,iPhone,24271.43,INR,427030.36,531,No,77,No,Failed,Low,0
TXN004041,CUST0147,Pune,MER114,Bills,2026-05-07 20:40:00,UPI,iPhone,7747.16,INR,54116.46,586,No,89,No,Pending,High,0
TXN004042,CUST0389,Bengaluru,MER233,Entertainment,2026-11-14 15:09:00,Credit Card,Web,43335.61,INR,66201.14,841,No,5,Yes,Pending,Medium,0
TXN004043,CUST0847,Mumbai,MER185,Shopping,2026-12-02 11:58:00,Debit Card,Web,52190.07,INR,333533.53,317,Yes,19,Yes,Pending,High,0
TXN004044,CUST0713,Mumbai,MER165,Travel,2026-11-19 05:47:00,Debit Card,Web,50316.09,INR,183297.66,307,Yes,100,No,Failed,Medium,0
TXN004045,CUST0690,Bengaluru,MER149,Shopping,2026-05-12 08:57:00,NetBanking,Web,42704.19,INR,51016.1,620,Yes,99,Yes,Success,Low,0
TXN004046,CUST1033,Bengaluru,MER244,Food,2026-08-18 22:50:00,Wallet,Android,2837.39,INR,124199.1,739,Yes,37,Yes,Success,Low,0
TXN004047,CUST0013,Pune,MER147,Bills,2026-07-17 02:14:00,Wallet,Web,71716.5,INR,236292.24,447,Yes,6,Yes,Pending,Medium,1
TXN004048,CUST0360,Delhi,MER170,Entertainment,2026-06-07 19:35:00,NetBanking,iPhone,41351.31,INR,406565.46,487,Yes,80,Yes,Pending,High,0
TXN004049,CUST0194,Hyderabad,MER046,Food,2026-05-07 09:48:00,Wallet,iPhone,24181.25,INR,108190.87,447,Yes,90,No,Pending,Low,0
TXN004050,CUST0779,Delhi,MER265,Entertainment,2026-06-29 07:17:00,Credit Card,Web,34932.72,INR,120928.46,837,Yes,72,No,Success,Medium,1
TXN004051,CUST0952,Hyderabad,MER012,Food,2026-04-22 11:20:00,NetBanking,Android,65741.02,INR,349143.17,757,No,17,No,Success,Low,0
TXN004052,CUST0323,Hyderabad,MER158,Travel,2026-07-23 08:15:00,Credit Card,Android,27158.53,INR,348681.0,704,Yes,17,No,Success,Medium,0
TXN004053,CUST1085,Mumbai,MER234,Travel,2026-11-25 04:40:00,Credit Card,Android,65404.51,INR,428563.23,373,No,53,No,Failed,Medium,1
TXN004054,CUST0062,Mumbai,MER272,Food,2026-10-17 01:39:00,NetBanking,iPhone,27272.99,INR,370082.45,387,No,89,Yes,Success,Low,0
TXN004055,CUST0090,Pune,MER011,Shopping,2026-10-03 02:40:00,Debit Card,Android,43869.92,INR,109689.82,672,Yes,75,Yes,Pending,High,0
TXN004056,CUST0521,Pune,MER297,Bills,2026-09-11 17:23:00,UPI,Android,67125.78,INR,364802.0,792,No,65,No,Pending,High,1
TXN004057,CUST0621,Mumbai,MER084,Shopping,2026-03-09 09:05:00,Wallet,iPhone,29434.18,INR,195684.44,660,No,43,No,Pending,Medium,0
TXN004058,CUST0290,Bengaluru,MER090,Bills,2026-06-29 17:59:00,Debit Card,Android,63112.8,INR,44129.16,515,Yes,47,Yes,Pending,Medium,0
TXN004059,CUST0573,Mumbai,MER096,Travel,2026-02-02 19:56:00,Wallet,iPhone,61857.98,INR,29950.92,663,Yes,25,Yes,Failed,High,1
TXN004060,CUST0590,Mumbai,MER012,Entertainment,2026-11-30 08:24:00,Credit Card,Web,41072.15,INR,159740.92,810,No,80,Yes,Success,Low,0
TXN004061,CUST0503,Bengaluru,MER197,Entertainment,2026-03-19 14:28:00,Wallet,Android,19023.57,INR,377448.49,369,No,44,No,Success,Low,0
TXN004062,CUST0610,Hyderabad,MER240,Entertainment,2026-06-07 04:42:00,Credit Card,Android,54854.79,INR,436765.9,744,No,69,No,Pending,Low,1
TXN004063,CUST0730,Delhi,MER199,Healthcare,2026-08-02 15:20:00,UPI,iPhone,34063.83,INR,338254.43,867,No,29,Yes,Pending,Low,0
TXN004064,CUST1081,Pune,MER138,Entertainment,2026-10-09 16:44:00,Debit Card,Web,53439.73,INR,432214.55,880,Yes,53,No,Failed,Low,0
TXN004065,CUST0049,Delhi,MER203,Food,2026-02-06 02:20:00,Debit Card,iPhone,46812.14,INR,182542.73,399,Yes,64,No,Pending,High,0
TXN004066,CUST0823,Bengaluru,MER196,Food,2026-02-01 10:55:00,Debit Card,Web,40884.69,INR,264350.17,328,Yes,63,Yes,Pending,High,0
TXN004067,CUST0935,Pune,MER041,Entertainment,2026-03-09 18:14:00,Wallet,Web,32889.73,INR,107687.64,419,No,98,No,Success,High,0
TXN004068,CUST0800,Pune,MER192,Entertainment,2026-11-16 01:49:00,UPI,Android,65491.65,INR,202486.52,793,No,79,Yes,Failed,Medium,1
TXN004069,CUST0831,Bengaluru,MER065,Entertainment,2026-12-08 14:45:00,UPI,Web,18522.84,INR,410022.83,604,No,11,Yes,Pending,Low,0
TXN004070,CUST0216,Pune,MER243,Travel,2026-02-15 21:03:00,Debit Card,iPhone,49966.73,INR,183360.26,443,Yes,24,Yes,Success,Low,0
TXN004071,CUST0126,Delhi,MER210,Entertainment,2026-04-02 11:38:00,Credit Card,Android,64547.66,INR,221986.48,380,Yes,83,No,Failed,Low,0
TXN004072,CUST0146,Bengaluru,MER198,Entertainment,2026-06-15 14:54:00,UPI,Web,57819.24,INR,34249.34,850,No,69,Yes,Failed,Low,1
TXN004073,CUST0605,Delhi,MER098,Food,2026-07-19 05:44:00,UPI,Android,51199.81,INR,486250.57,452,No,38,No,Success,High,1
TXN004074,CUST0212,Mumbai,MER184,Entertainment,2026-11-05 05:09:00,UPI,iPhone,43521.16,INR,139871.64,306,No,53,No,Failed,Low,0
TXN004075,CUST0788,Mumbai,MER139,Travel,2026-05-29 22:13:00,NetBanking,Web,48739.32,INR,56213.9,390,No,43,Yes,Pending,Medium,0
TXN004076,CUST0960,Mumbai,MER012,Bills,2026-10-06 08:17:00,NetBanking,iPhone,41469.62,INR,364976.12,655,No,43,No,Success,Low,1
TXN004077,CUST0991,Hyderabad,MER003,Travel,2026-02-04 21:07:00,NetBanking,Android,9929.39,INR,212355.3,744,No,17,No,Success,Medium,0
TXN004078,CUST0582,Delhi,MER139,Shopping,2026-11-20 14:45:00,UPI,Web,44305.29,INR,402454.97,339,No,57,No,Failed,High,0
TXN004079,CUST0016,Bengaluru,MER099,Food,2026-06-01 10:02:00,Credit Card,Web,10797.62,INR,139066.41,504,No,14,Yes,Pending,High,0
TXN004080,CUST0911,Delhi,MER139,Travel,2026-10-23 08:52:00,Credit Card,iPhone,38921.95,INR,491745.97,645,Yes,89,No,Pending,Medium,0
TXN004081,CUST1069,Hyderabad,MER267,Healthcare,2026-07-05 13:47:00,Credit Card,Android,9434.19,INR,81496.38,640,Yes,44,Yes,Success,Low,0
TXN004082,CUST0811,Bengaluru,MER004,Travel,2026-03-25 18:15:00,NetBanking,iPhone,33557.2,INR,246583.47,413,Yes,62,Yes,Failed,High,0
TXN004083,CUST0687,Mumbai,MER084,Travel,2026-10-15 02:50:00,UPI,Web,66132.55,INR,444289.74,464,Yes,5,No,Success,High,0
TXN004084,CUST0576,Mumbai,MER025,Travel,2026-03-24 07:38:00,NetBanking,iPhone,11289.83,INR,320654.1,866,No,48,Yes,Failed,Low,0
TXN004085,CUST0643,Hyderabad,MER123,Healthcare,2026-03-14 04:28:00,Wallet,iPhone,59541.79,INR,208335.44,586,Yes,53,No,Pending,Medium,1
TXN004086,CUST1182,Hyderabad,MER278,Entertainment,2026-11-15 14:35:00,Debit Card,Web,54811.09,INR,57992.23,525,No,38,No,Pending,Medium,0
TXN004087,CUST0799,Hyderabad,MER255,Travel,2026-06-28 23:41:00,Debit Card,Web,18587.27,INR,156494.95,459,Yes,12,No,Success,Medium,0
TXN004088,CUST0614,Mumbai,MER263,Food,2026-08-08 15:01:00,UPI,Android,71272.45,INR,170245.15,415,No,66,Yes,Failed,High,0
TXN004089,CUST0531,Bengaluru,MER059,Food,2026-12-03 12:52:00,Debit Card,Android,59527.68,INR,471854.97,738,No,83,No,Failed,Medium,0
TXN004090,CUST0869,Hyderabad,MER141,Healthcare,2026-11-21 11:52:00,UPI,iPhone,26515.43,INR,178876.37,531,No,13,Yes,Pending,Low,0
TXN004091,CUST0337,Bengaluru,MER111,Travel,2026-04-20 22:43:00,NetBanking,iPhone,19567.37,INR,211556.88,638,Yes,43,Yes,Success,High,0
TXN004092,CUST0108,Bengaluru,MER154,Bills,2026-05-27 00:59:00,UPI,iPhone,71448.73,INR,284218.06,758,No,95,No,Pending,Medium,1
TXN004093,CUST1123,Mumbai,MER118,Shopping,2026-04-05 00:32:00,UPI,iPhone,6299.97,INR,191563.62,893,No,75,Yes,Pending,High,0
TXN004094,CUST0207,Delhi,MER115,Bills,2026-03-19 14:58:00,Debit Card,Web,11246.72,INR,326399.57,463,Yes,67,Yes,Success,High,0
TXN004095,CUST1055,Hyderabad,MER230,Entertainment,2026-04-07 02:13:00,Debit Card,iPhone,6038.39,INR,262562.07,747,No,26,Yes,Success,Medium,0
TXN004096,CUST0199,Hyderabad,MER130,Shopping,2026-11-01 18:56:00,UPI,Web,4767.03,INR,274737.43,446,No,97,No,Pending,Low,0
TXN004097,CUST0117,Pune,MER176,Travel,2026-09-20 04:09:00,NetBanking,Web,37836.02,INR,336961.39,574,Yes,45,No,Success,High,0
TXN004098,CUST1200,Bengaluru,MER154,Entertainment,2026-11-20 04:23:00,NetBanking,Web,4862.72,INR,316807.74,424,Yes,62,No,Success,Medium,0
TXN004099,CUST0910,Delhi,MER015,Shopping,2026-05-11 07:09:00,UPI,Android,6010.68,INR,417501.67,836,No,65,Yes,Pending,Medium,0
TXN004100,CUST0484,Delhi,MER232,Entertainment,2026-04-11 12:29:00,Credit Card,Android,2265.9,INR,278725.96,419,Yes,4,No,Pending,High,0
TXN004101,CUST0075,Pune,MER078,Healthcare,2026-08-17 04:07:00,Debit Card,iPhone,69666.1,INR,334092.68,883,No,23,No,Success,Low,1
TXN004102,CUST0147,Pune,MER284,Bills,2026-06-09 06:31:00,Wallet,Android,48932.35,INR,135008.74,432,No,88,No,Pending,Low,0
TXN004103,CUST0095,Hyderabad,MER139,Travel,2026-09-29 11:12:00,NetBanking,Android,72943.12,INR,111885.07,668,No,69,No,Failed,High,1
TXN004104,CUST0858,Delhi,MER266,Entertainment,2026-12-06 09:29:00,Debit Card,Android,49718.99,INR,495357.06,382,Yes,31,No,Pending,Medium,0
TXN004105,CUST0419,Hyderabad,MER022,Entertainment,2026-05-23 16:15:00,Credit Card,iPhone,2639.25,INR,72455.32,642,Yes,51,No,Pending,Low,0
TXN004106,CUST1062,Bengaluru,MER243,Food,2026-09-15 13:31:00,Debit Card,iPhone,28628.89,INR,52216.13,742,Yes,80,No,Failed,High,0
TXN004107,CUST1010,Pune,MER027,Healthcare,2026-06-06 18:55:00,Debit Card,iPhone,28042.26,INR,59812.36,684,No,66,Yes,Pending,High,0
TXN004108,CUST0251,Hyderabad,MER217,Healthcare,2026-05-04 06:25:00,NetBanking,iPhone,26447.69,INR,227805.5,750,No,30,Yes,Failed,High,0
TXN004109,CUST0442,Bengaluru,MER108,Food,2026-03-24 15:09:00,Wallet,Android,33799.83,INR,437376.19,884,Yes,17,No,Pending,Low,0
TXN004110,CUST0814,Pune,MER191,Entertainment,2026-06-09 14:37:00,Debit Card,Android,18607.45,INR,433841.02,493,No,69,Yes,Failed,High,0
TXN004111,CUST0926,Pune,MER240,Food,2026-07-20 04:37:00,Wallet,iPhone,39345.73,INR,269538.41,857,Yes,59,No,Failed,Low,0
TXN004112,CUST0848,Delhi,MER155,Shopping,2026-05-18 13:37:00,Debit Card,iPhone,51776.55,INR,195526.15,694,Yes,51,Yes,Pending,High,1
TXN004113,CUST0293,Mumbai,MER091,Travel,2026-11-10 11:50:00,UPI,iPhone,50055.06,INR,484066.09,487,Yes,8,Yes,Failed,High,1
TXN004114,CUST0381,Pune,MER155,Entertainment,2026-07-15 13:20:00,Wallet,Web,56222.16,INR,469133.71,520,No,93,Yes,Success,Low,0
TXN004115,CUST0917,Bengaluru,MER112,Entertainment,2026-06-29 23:26:00,Wallet,Web,17396.53,INR,368588.23,307,Yes,23,Yes,Pending,High,0
TXN004116,CUST0050,Pune,MER120,Travel,2026-06-11 15:12:00,UPI,Web,46583.35,INR,143617.53,785,No,92,Yes,Pending,High,0
TXN004117,CUST0968,Delhi,MER041,Food,2026-03-24 05:31:00,NetBanking,Android,66670.69,INR,269739.37,501,No,75,No,Pending,Medium,1
TXN004118,CUST0303,Hyderabad,MER288,Travel,2026-02-01 21:02:00,Credit Card,Web,46748.09,INR,7929.46,319,Yes,32,Yes,Success,Medium,0
TXN004119,CUST0407,Hyderabad,MER036,Shopping,2026-09-19 22:20:00,UPI,iPhone,56221.69,INR,249974.17,723,Yes,78,No,Failed,Medium,0
TXN004120,CUST0655,Bengaluru,MER056,Healthcare,2026-02-10 11:44:00,UPI,Android,6560.7,INR,199599.39,595,Yes,75,Yes,Success,Low,0
TXN004121,CUST1034,Bengaluru,MER176,Entertainment,2026-09-04 07:48:00,NetBanking,Web,4780.73,INR,105964.28,450,Yes,9,Yes,Pending,High,0
TXN004122,CUST0154,Pune,MER247,Travel,2026-03-25 14:55:00,Credit Card,Web,44946.22,INR,398934.47,809,No,95,No,Pending,Low,0
TXN004123,CUST0633,Delhi,MER064,Food,2026-07-05 07:18:00,NetBanking,Android,60072.67,INR,154213.56,575,No,20,No,Success,Medium,1
TXN004124,CUST0615,Pune,MER254,Healthcare,2026-05-01 17:07:00,NetBanking,iPhone,21883.6,INR,238298.06,811,Yes,20,Yes,Pending,Low,0
TXN004125,CUST0168,Pune,MER034,Shopping,2026-06-09 21:32:00,UPI,Web,38026.77,INR,433188.62,310,No,83,Yes,Pending,High,0
TXN004126,CUST0359,Mumbai,MER159,Food,2026-01-11 05:57:00,Credit Card,iPhone,33358.78,INR,73025.29,347,No,78,No,Success,Low,0
TXN004127,CUST0323,Hyderabad,MER287,Shopping,2026-04-13 12:46:00,UPI,Web,4218.12,INR,234805.23,779,No,87,No,Success,High,0
TXN004128,CUST1093,Hyderabad,MER096,Healthcare,2026-06-01 20:10:00,Credit Card,Web,35187.76,INR,434517.87,608,Yes,99,No,Failed,High,0
TXN004129,CUST0192,Delhi,MER033,Food,2026-09-21 00:26:00,UPI,Web,40964.11,INR,364005.86,453,No,76,Yes,Success,Low,0
TXN004130,CUST0981,Hyderabad,MER286,Travel,2026-11-04 15:26:00,Debit Card,Android,29030.04,INR,160671.97,455,Yes,6,No,Pending,Medium,0
TXN004131,CUST1155,Pune,MER192,Food,2026-07-04 05:22:00,Debit Card,Web,70624.09,INR,322138.41,642,Yes,61,Yes,Failed,Low,0
TXN004132,CUST0045,Bengaluru,MER226,Healthcare,2026-07-17 17:05:00,Wallet,iPhone,60550.96,INR,464395.83,695,Yes,21,Yes,Pending,High,0
TXN004133,CUST0478,Mumbai,MER099,Shopping,2026-07-20 23:27:00,UPI,Android,65451.94,INR,341980.88,375,Yes,28,No,Pending,Medium,1
TXN004134,CUST0440,Delhi,MER278,Travel,2026-03-14 04:50:00,Debit Card,Android,1150.32,INR,218883.82,779,No,86,Yes,Pending,Medium,0
TXN004135,CUST1041,Bengaluru,MER104,Travel,2026-07-04 18:41:00,Wallet,Android,35512.64,INR,132669.69,689,Yes,40,Yes,Failed,Medium,0
TXN004136,CUST1198,Pune,MER258,Healthcare,2026-02-25 01:28:00,Debit Card,iPhone,16503.3,INR,332495.37,763,No,84,No,Pending,Medium,0
TXN004137,CUST0473,Pune,MER140,Food,2026-03-21 00:05:00,UPI,Web,54260.47,INR,332869.13,647,Yes,65,Yes,Failed,High,1
TXN004138,CUST0703,Pune,MER221,Travel,2026-08-08 07:08:00,Credit Card,iPhone,38523.33,INR,475565.67,848,Yes,94,No,Pending,Low,0
TXN004139,CUST0492,Hyderabad,MER101,Travel,2026-03-19 19:42:00,UPI,Android,72383.04,INR,407352.71,509,No,95,No,Failed,Medium,0
TXN004140,CUST0122,Mumbai,MER071,Food,2026-08-21 11:11:00,NetBanking,Android,58184.74,INR,187732.03,857,No,97,No,Pending,High,1
TXN004141,CUST0922,Bengaluru,MER190,Food,2026-03-19 07:33:00,Credit Card,Web,43249.93,INR,140713.27,633,Yes,70,Yes,Pending,Medium,0
TXN004142,CUST0233,Mumbai,MER023,Food,2026-09-23 20:18:00,Debit Card,Android,65886.24,INR,364747.3,818,Yes,36,Yes,Success,Medium,0
TXN004143,CUST0863,Pune,MER052,Entertainment,2026-01-12 08:24:00,NetBanking,Web,61628.45,INR,402406.29,525,Yes,57,Yes,Failed,High,0
TXN004144,CUST0754,Delhi,MER114,Entertainment,2026-10-05 03:16:00,Credit Card,Web,54472.93,INR,393290.16,628,Yes,14,No,Failed,Low,0
TXN004145,CUST0205,Mumbai,MER082,Shopping,2026-01-09 09:11:00,UPI,Android,61294.64,INR,68227.48,887,Yes,64,No,Pending,Low,0
TXN004146,CUST0093,Mumbai,MER075,Healthcare,2026-06-22 04:40:00,Debit Card,Android,39987.48,INR,488114.33,843,No,48,No,Pending,High,0
TXN004147,CUST0710,Pune,MER288,Entertainment,2026-01-14 20:22:00,Credit Card,iPhone,54193.61,INR,156085.19,413,No,75,Yes,Pending,High,0
TXN004148,CUST0477,Delhi,MER147,Bills,2026-06-20 12:30:00,NetBanking,Android,38299.62,INR,242974.56,726,Yes,80,Yes,Success,Medium,0
TXN004149,CUST0752,Hyderabad,MER003,Shopping,2026-10-23 23:16:00,Debit Card,Web,27665.1,INR,95182.05,536,Yes,38,Yes,Failed,High,0
TXN004150,CUST1162,Bengaluru,MER262,Travel,2026-09-09 10:51:00,Wallet,Web,20448.38,INR,235753.15,598,Yes,31,No,Success,Low,0
TXN004151,CUST0044,Mumbai,MER011,Food,2026-07-18 09:57:00,UPI,Web,73100.01,INR,398321.69,527,Yes,9,Yes,Pending,Medium,1
TXN004152,CUST1170,Hyderabad,MER276,Bills,2026-03-03 05:54:00,UPI,iPhone,954.5,INR,453234.47,558,No,95,No,Success,Low,0
TXN004153,CUST0535,Hyderabad,MER173,Shopping,2026-01-08 15:58:00,NetBanking,Android,25032.18,INR,447822.51,867,Yes,68,Yes,Failed,Low,0
TXN004154,CUST0175,Bengaluru,MER168,Entertainment,2026-07-07 15:38:00,NetBanking,Android,17489.75,INR,245800.64,446,No,16,No,Failed,Low,0
TXN004155,CUST1094,Delhi,MER223,Healthcare,2026-10-25 09:29:00,Wallet,Android,26164.92,INR,380696.04,856,No,23,Yes,Success,Low,0
TXN004156,CUST0318,Mumbai,MER247,Food,2026-04-24 15:55:00,NetBanking,iPhone,14971.51,INR,120293.88,443,No,89,No,Success,Low,0
TXN004157,CUST0663,Bengaluru,MER093,Shopping,2026-05-14 12:19:00,NetBanking,Android,28493.94,INR,83583.23,553,Yes,4,Yes,Pending,Medium,0
TXN004158,CUST0049,Delhi,MER048,Shopping,2026-03-27 19:06:00,NetBanking,Web,48585.02,INR,355484.8,785,Yes,63,No,Pending,Low,0
TXN004159,CUST0574,Hyderabad,MER047,Healthcare,2026-11-12 20:11:00,UPI,Web,43980.12,INR,101736.47,447,No,98,Yes,Failed,Low,0
TXN004160,CUST0195,Mumbai,MER111,Shopping,2026-04-05 21:26:00,Wallet,Android,66269.37,INR,398377.15,553,No,8,Yes,Failed,Medium,0
TXN004161,CUST0801,Mumbai,MER149,Entertainment,2026-07-20 00:43:00,UPI,iPhone,26047.23,INR,58174.23,661,No,59,Yes,Pending,Low,0
TXN004162,CUST0295,Mumbai,MER220,Bills,2026-05-12 07:17:00,Credit Card,Web,56042.38,INR,317484.98,407,No,14,Yes,Pending,Low,0
TXN004163,CUST0927,Delhi,MER192,Bills,2026-05-08 01:22:00,NetBanking,Web,57568.65,INR,377052.99,453,No,3,No,Failed,Low,0
TXN004164,CUST0473,Hyderabad,MER148,Travel,2026-05-17 02:02:00,Credit Card,iPhone,73734.57,INR,57009.51,400,No,51,Yes,Success,Medium,0
TXN004165,CUST0674,Bengaluru,MER106,Food,2026-04-04 16:30:00,Credit Card,Web,4522.22,INR,461726.8,701,Yes,20,Yes,Success,Low,0
TXN004166,CUST0655,Hyderabad,MER145,Bills,2026-04-07 04:37:00,Debit Card,Web,13300.35,INR,100843.57,702,No,30,No,Success,Low,0
TXN004167,CUST0611,Pune,MER086,Healthcare,2026-08-04 14:20:00,Wallet,iPhone,30015.65,INR,390475.29,516,Yes,35,No,Failed,Medium,0
TXN004168,CUST0449,Bengaluru,MER173,Bills,2026-03-01 15:32:00,UPI,Web,60388.54,INR,163005.33,453,No,18,No,Failed,Low,0
TXN004169,CUST0324,Hyderabad,MER245,Food,2026-02-02 16:50:00,Credit Card,iPhone,71611.25,INR,33590.33,394,No,50,No,Success,Low,0
TXN004170,CUST0938,Hyderabad,MER179,Healthcare,2026-04-11 20:06:00,UPI,iPhone,59404.07,INR,133404.79,790,Yes,4,No,Failed,Low,1
TXN004171,CUST0794,Bengaluru,MER234,Healthcare,2026-02-06 20:30:00,Wallet,Android,66891.45,INR,230636.22,453,No,32,No,Pending,Low,0
TXN004172,CUST0080,Hyderabad,MER272,Travel,2026-03-17 15:44:00,Credit Card,Web,56501.06,INR,385912.0,868,Yes,61,No,Success,High,1
TXN004173,CUST0453,Bengaluru,MER095,Food,2026-02-09 11:36:00,NetBanking,iPhone,47053.98,INR,277507.04,405,No,19,No,Pending,High,0
TXN004174,CUST0673,Pune,MER025,Shopping,2026-11-04 14:23:00,NetBanking,iPhone,39455.73,INR,106887.67,607,No,67,No,Success,Low,0
TXN004175,CUST0535,Hyderabad,MER084,Healthcare,2026-03-27 05:30:00,Wallet,Web,46523.86,INR,50488.57,721,Yes,94,Yes,Pending,Medium,0
TXN004176,CUST1167,Hyderabad,MER277,Bills,2026-03-26 14:05:00,Wallet,Web,43016.81,INR,372497.37,763,No,30,No,Failed,Low,0
TXN004177,CUST0489,Hyderabad,MER006,Food,2026-10-15 18:40:00,Wallet,iPhone,64772.65,INR,184525.01,562,Yes,84,No,Success,High,1
TXN004178,CUST1026,Bengaluru,MER027,Food,2026-01-25 03:37:00,Wallet,iPhone,14697.23,INR,458119.44,857,Yes,1,No,Pending,Low,0
TXN004179,CUST1190,Bengaluru,MER275,Entertainment,2026-05-27 08:38:00,UPI,Web,73897.61,INR,87913.7,724,Yes,54,No,Failed,Low,0
TXN004180,CUST1149,Pune,MER075,Travel,2026-11-26 19:00:00,Credit Card,Web,66568.38,INR,151147.64,697,No,11,No,Failed,Low,1
TXN004181,CUST1151,Hyderabad,MER204,Bills,2026-03-08 16:33:00,Wallet,iPhone,35483.56,INR,486784.1,353,No,28,Yes,Success,High,0
TXN004182,CUST1070,Delhi,MER013,Healthcare,2026-07-30 09:52:00,UPI,Android,13183.92,INR,387428.26,379,No,52,No,Pending,High,0
TXN004183,CUST0608,Mumbai,MER228,Travel,2026-11-02 03:52:00,Debit Card,Web,27413.75,INR,276875.34,568,Yes,87,No,Success,High,0
TXN004184,CUST0960,Mumbai,MER025,Healthcare,2026-02-18 13:45:00,Wallet,iPhone,60941.68,INR,424197.88,697,No,19,No,Failed,High,1
TXN004185,CUST0966,Pune,MER257,Healthcare,2026-11-03 04:12:00,UPI,Web,44563.88,INR,215278.02,853,Yes,63,Yes,Pending,Low,0
TXN004186,CUST0163,Hyderabad,MER292,Bills,2026-06-21 01:46:00,Wallet,iPhone,54466.52,INR,470779.56,347,Yes,23,Yes,Success,Low,1
TXN004187,CUST0881,Delhi,MER067,Travel,2026-07-06 06:39:00,Credit Card,Android,48633.47,INR,124870.43,627,Yes,19,Yes,Pending,Medium,0
TXN004188,CUST0689,Hyderabad,MER096,Entertainment,2026-08-16 19:31:00,UPI,Android,7625.39,INR,370663.47,323,Yes,47,No,Pending,Low,0
TXN004189,CUST0388,Bengaluru,MER207,Shopping,2026-04-06 00:30:00,Debit Card,Android,43285.14,INR,165341.97,620,Yes,57,No,Failed,Medium,0
TXN004190,CUST0663,Pune,MER091,Bills,2026-02-23 17:00:00,NetBanking,Web,53737.98,INR,404649.72,679,No,20,Yes,Pending,High,0
TXN004191,CUST0403,Pune,MER208,Food,2026-04-20 00:11:00,Credit Card,Android,54477.44,INR,255589.49,674,No,58,Yes,Pending,High,0
TXN004192,CUST0849,Bengaluru,MER295,Entertainment,2026-09-28 02:14:00,NetBanking,Android,43731.98,INR,276448.57,431,Yes,61,Yes,Success,Medium,0
TXN004193,CUST0197,Pune,MER115,Entertainment,2026-06-03 17:21:00,Debit Card,iPhone,22761.49,INR,270670.06,355,No,91,No,Pending,Medium,0
TXN004194,CUST0206,Mumbai,MER236,Bills,2026-08-13 23:13:00,UPI,iPhone,40428.07,INR,96358.84,854,No,43,Yes,Pending,High,0
TXN004195,CUST0699,Mumbai,MER129,Travel,2026-11-01 18:14:00,NetBanking,iPhone,38039.65,INR,321052.1,355,Yes,73,No,Pending,Medium,0
TXN004196,CUST0007,Pune,MER130,Food,2026-04-04 06:37:00,Credit Card,Android,15245.77,INR,326820.88,727,No,82,No,Success,Low,0
TXN004197,CUST0289,Pune,MER018,Entertainment,2026-11-14 01:41:00,NetBanking,iPhone,61687.18,INR,182771.22,684,Yes,90,Yes,Success,Medium,0
TXN004198,CUST0470,Delhi,MER086,Food,2026-01-24 03:46:00,Debit Card,iPhone,42144.63,INR,322736.17,706,No,41,No,Success,Low,0
TXN004199,CUST0513,Pune,MER171,Bills,2026-01-26 11:30:00,Wallet,Android,52638.66,INR,432406.04,481,No,29,Yes,Success,High,1
TXN004200,CUST0316,Delhi,MER243,Entertainment,2026-09-12 23:06:00,Wallet,Android,43598.11,INR,231763.29,349,Yes,42,Yes,Pending,Low,0
TXN004201,CUST0786,Bengaluru,MER139,Food,2026-11-08 14:27:00,Wallet,Android,2950.86,INR,245197.26,577,Yes,51,No,Failed,Medium,0
TXN004202,CUST0373,Hyderabad,MER100,Entertainment,2026-09-16 11:12:00,UPI,Web,8787.78,INR,467418.43,627,Yes,71,Yes,Success,High,0
TXN004203,CUST0311,Mumbai,MER039,Travel,2026-03-17 07:43:00,Wallet,Android,37838.84,INR,127266.0,629,Yes,28,No,Success,Medium,0
TXN004204,CUST0072,Hyderabad,MER072,Healthcare,2026-06-16 13:26:00,Credit Card,iPhone,12344.25,INR,168154.12,441,No,15,No,Pending,High,0
TXN004205,CUST1112,Hyderabad,MER256,Healthcare,2026-09-20 09:21:00,Credit Card,Android,74688.63,INR,190328.82,340,Yes,61,No,Success,High,0
TXN004206,CUST0859,Delhi,MER201,Entertainment,2026-02-04 19:13:00,Credit Card,Web,53766.46,INR,420297.86,718,No,41,Yes,Success,Low,0
TXN004207,CUST0679,Mumbai,MER041,Bills,2026-11-08 21:22:00,UPI,iPhone,2690.09,INR,191788.26,700,No,92,No,Pending,Medium,0
TXN004208,CUST0149,Pune,MER067,Healthcare,2026-02-23 16:03:00,NetBanking,Web,56584.67,INR,421132.77,368,Yes,35,Yes,Success,High,1
TXN004209,CUST0371,Delhi,MER231,Healthcare,2026-05-26 18:24:00,Debit Card,Web,47244.93,INR,417190.54,596,No,6,No,Failed,Medium,0
TXN004210,CUST1054,Pune,MER199,Healthcare,2026-01-19 07:32:00,Debit Card,Android,40564.28,INR,290182.81,861,No,66,No,Pending,High,0
TXN004211,CUST0574,Pune,MER203,Food,2026-02-23 04:18:00,Wallet,Web,62454.69,INR,378213.81,335,No,77,No,Success,Medium,0
TXN004212,CUST1159,Bengaluru,MER294,Healthcare,2026-01-07 17:26:00,Credit Card,Android,50973.95,INR,397787.41,808,No,64,Yes,Success,High,1
TXN004213,CUST0471,Pune,MER084,Healthcare,2026-03-22 05:58:00,Credit Card,Android,71671.05,INR,476783.73,776,No,8,No,Success,High,0
TXN004214,CUST0480,Bengaluru,MER158,Food,2026-09-14 18:50:00,Credit Card,Web,36998.95,INR,224988.74,406,Yes,19,No,Success,Low,0
TXN004215,CUST1149,Bengaluru,MER134,Entertainment,2026-10-12 03:21:00,UPI,iPhone,10509.87,INR,379197.15,732,Yes,63,No,Success,Low,0
TXN004216,CUST0230,Pune,MER167,Shopping,2026-08-26 03:47:00,Debit Card,iPhone,7307.0,INR,323854.37,826,No,2,Yes,Pending,Medium,0
TXN004217,CUST0145,Hyderabad,MER274,Food,2026-11-17 10:26:00,UPI,iPhone,56740.66,INR,52042.39,793,No,87,No,Success,Low,1
TXN004218,CUST0196,Delhi,MER202,Food,2026-06-12 16:41:00,Credit Card,iPhone,70530.34,INR,86796.81,615,Yes,32,Yes,Pending,Medium,0
TXN004219,CUST0042,Pune,MER082,Food,2026-06-12 00:07:00,NetBanking,iPhone,697.76,INR,477391.6,510,No,26,No,Success,Medium,0
TXN004220,CUST0174,Mumbai,MER009,Shopping,2026-03-28 22:52:00,UPI,Android,25296.97,INR,264917.28,745,No,55,No,Failed,Medium,0
TXN004221,CUST1028,Mumbai,MER196,Travel,2026-03-17 02:37:00,Credit Card,Android,28767.87,INR,284735.56,835,Yes,53,No,Success,Low,0
TXN004222,CUST0004,Bengaluru,MER242,Food,2026-01-25 11:34:00,Debit Card,iPhone,66298.06,INR,57400.48,827,No,8,Yes,Failed,High,0
TXN004223,CUST0799,Hyderabad,MER276,Travel,2026-02-02 11:01:00,Debit Card,Web,61632.59,INR,391642.33,586,Yes,43,Yes,Pending,High,0
TXN004224,CUST0543,Mumbai,MER211,Healthcare,2026-06-07 05:37:00,Debit Card,Web,55052.23,INR,336036.82,802,Yes,20,Yes,Failed,Low,1
TXN004225,CUST0338,Bengaluru,MER085,Entertainment,2026-02-01 13:58:00,Credit Card,Android,19193.43,INR,69980.85,305,No,10,No,Pending,High,0
TXN004226,CUST0733,Hyderabad,MER077,Bills,2026-04-02 20:33:00,Debit Card,Android,48433.34,INR,462061.29,716,No,86,Yes,Failed,Low,0
TXN004227,CUST0195,Mumbai,MER142,Travel,2026-08-17 21:04:00,NetBanking,Web,67985.64,INR,376239.42,459,No,72,Yes,Success,Medium,0
TXN004228,CUST0907,Delhi,MER244,Bills,2026-01-18 07:17:00,Debit Card,Web,64856.12,INR,149233.27,604,Yes,35,Yes,Failed,Low,1
TXN004229,CUST0866,Pune,MER203,Food,2026-04-04 08:18:00,Wallet,iPhone,51975.63,INR,123891.74,327,No,21,No,Failed,Medium,0
TXN004230,CUST0732,Mumbai,MER037,Travel,2026-08-13 13:02:00,Wallet,Web,66989.67,INR,105675.52,590,No,49,No,Pending,High,1
TXN004231,CUST0380,Delhi,MER091,Shopping,2026-03-03 11:38:00,Wallet,Web,58667.6,INR,156635.46,373,Yes,69,No,Pending,Medium,0
TXN004232,CUST1034,Mumbai,MER219,Food,2026-02-28 01:24:00,Debit Card,Web,57783.34,INR,292027.66,866,No,58,No,Pending,High,0
TXN004233,CUST0077,Hyderabad,MER283,Food,2026-03-06 15:05:00,Wallet,iPhone,5512.94,INR,201443.28,392,Yes,38,Yes,Pending,Medium,0
TXN004234,CUST0294,Delhi,MER267,Bills,2026-07-03 06:00:00,Debit Card,Web,35425.67,INR,36790.06,687,Yes,36,No,Success,Medium,0
TXN004235,CUST0398,Bengaluru,MER215,Shopping,2026-01-26 07:51:00,Credit Card,Android,26069.13,INR,168806.95,413,No,17,Yes,Pending,Medium,0
TXN004236,CUST0614,Hyderabad,MER248,Food,2026-02-11 08:31:00,Wallet,Web,37597.86,INR,188288.52,441,Yes,96,Yes,Pending,Low,0
TXN004237,CUST0063,Hyderabad,MER191,Travel,2026-09-03 06:04:00,NetBanking,Android,14498.92,INR,105001.74,783,No,50,Yes,Success,Medium,0
TXN004238,CUST0139,Mumbai,MER010,Shopping,2026-05-11 20:25:00,NetBanking,Web,22110.92,INR,406358.18,524,No,78,No,Success,Medium,0
TXN004239,CUST0081,Pune,MER143,Shopping,2026-10-15 05:46:00,UPI,Web,61277.87,INR,397458.01,322,No,83,No,Failed,Low,1
TXN004240,CUST1186,Delhi,MER292,Travel,2026-08-22 11:56:00,Debit Card,Android,28017.42,INR,290013.63,815,Yes,44,Yes,Success,Low,0
TXN004241,CUST0227,Pune,MER211,Healthcare,2026-09-30 16:41:00,Wallet,iPhone,71018.49,INR,485471.63,344,Yes,69,Yes,Pending,Low,0
TXN004242,CUST0807,Delhi,MER223,Entertainment,2026-08-03 14:55:00,UPI,Web,19312.96,INR,241631.52,413,No,34,Yes,Failed,Low,0
TXN004243,CUST0495,Bengaluru,MER113,Travel,2026-12-12 08:25:00,Wallet,iPhone,55533.26,INR,381156.18,612,No,76,Yes,Failed,Medium,1
TXN004244,CUST0477,Delhi,MER073,Bills,2026-12-10 04:44:00,Wallet,Web,52575.51,INR,373838.02,574,No,51,No,Pending,Low,1
TXN004245,CUST0718,Hyderabad,MER288,Entertainment,2026-01-29 01:52:00,Wallet,Android,8187.7,INR,298530.87,692,No,86,Yes,Failed,Medium,0
TXN004246,CUST0856,Pune,MER039,Bills,2026-12-06 13:11:00,NetBanking,Android,38364.14,INR,338352.75,690,Yes,37,No,Success,Low,0
TXN004247,CUST0059,Mumbai,MER234,Healthcare,2026-07-01 07:45:00,Credit Card,iPhone,33946.51,INR,101954.22,414,No,80,No,Failed,Medium,0
TXN004248,CUST0599,Delhi,MER201,Shopping,2026-07-22 09:25:00,NetBanking,Web,59637.63,INR,273500.96,572,Yes,71,No,Pending,Medium,0
TXN004249,CUST0047,Hyderabad,MER268,Shopping,2026-02-08 17:18:00,Debit Card,iPhone,62014.41,INR,233661.58,889,No,45,No,Success,High,0
TXN004250,CUST0869,Hyderabad,MER296,Healthcare,2026-06-20 16:37:00,Credit Card,Web,64854.08,INR,41126.66,734,Yes,25,Yes,Success,High,1
TXN004251,CUST0986,Hyderabad,MER111,Healthcare,2026-11-22 21:19:00,UPI,iPhone,17015.72,INR,355896.62,590,No,27,No,Failed,High,0
TXN004252,CUST0751,Bengaluru,MER210,Shopping,2026-11-09 16:46:00,Wallet,Android,34797.72,INR,267075.79,382,No,46,Yes,Failed,Low,0
TXN004253,CUST1177,Bengaluru,MER226,Entertainment,2026-11-02 04:01:00,Debit Card,Android,43579.36,INR,44433.04,797,No,54,Yes,Failed,Medium,0
TXN004254,CUST0242,Pune,MER052,Bills,2026-10-24 03:56:00,Credit Card,iPhone,4403.03,INR,307846.06,729,No,21,No,Pending,High,0
TXN004255,CUST0365,Hyderabad,MER107,Bills,2026-03-14 14:49:00,UPI,Web,62569.78,INR,207111.04,829,Yes,39,Yes,Failed,High,0
TXN004256,CUST0259,Pune,MER023,Bills,2026-06-22 02:44:00,NetBanking,Web,37519.35,INR,307962.54,461,No,59,Yes,Failed,Medium,0
TXN004257,CUST0960,Pune,MER038,Travel,2026-08-14 05:52:00,NetBanking,Android,43873.93,INR,476066.6,561,No,38,Yes,Failed,Medium,0
TXN004258,CUST0221,Delhi,MER022,Food,2026-06-07 02:43:00,Wallet,iPhone,29008.96,INR,456837.14,861,No,26,Yes,Success,Medium,0
TXN004259,CUST1043,Hyderabad,MER274,Shopping,2026-08-14 05:03:00,Credit Card,Android,24597.22,INR,76605.22,429,Yes,3,No,Failed,High,0
TXN004260,CUST0627,Pune,MER153,Shopping,2026-02-19 08:15:00,UPI,Android,50926.29,INR,254292.37,302,Yes,37,Yes,Success,High,0
TXN004261,CUST1126,Hyderabad,MER089,Food,2026-12-03 13:33:00,Wallet,Android,28404.89,INR,141009.46,739,No,68,No,Pending,Low,0
TXN004262,CUST1143,Pune,MER251,Healthcare,2026-05-22 04:34:00,Credit Card,Android,71937.13,INR,41204.57,744,No,14,Yes,Success,Low,0
TXN004263,CUST1040,Mumbai,MER204,Shopping,2026-08-08 20:41:00,NetBanking,Web,19906.81,INR,2127.42,398,No,86,No,Failed,High,0
TXN004264,CUST0461,Hyderabad,MER209,Entertainment,2026-03-01 14:22:00,Credit Card,Android,61231.95,INR,479739.13,339,No,9,Yes,Success,Low,1
TXN004265,CUST0745,Pune,MER293,Bills,2026-10-30 07:41:00,Credit Card,Web,17836.12,INR,287238.1,796,Yes,38,Yes,Pending,Medium,0
TXN004266,CUST1144,Mumbai,MER134,Entertainment,2026-06-11 15:02:00,Debit Card,Android,29751.56,INR,495450.41,779,No,27,No,Failed,Medium,0
TXN004267,CUST0756,Hyderabad,MER220,Bills,2026-02-02 12:39:00,NetBanking,iPhone,59868.34,INR,93727.51,527,Yes,31,Yes,Pending,Medium,0
TXN004268,CUST0990,Hyderabad,MER043,Food,2026-10-06 04:13:00,Credit Card,Android,761.54,INR,401663.56,701,No,65,Yes,Pending,Medium,0
TXN004269,CUST0070,Delhi,MER039,Entertainment,2026-02-11 16:24:00,NetBanking,Android,11269.95,INR,422657.04,848,Yes,87,Yes,Pending,Low,0
TXN004270,CUST0180,Hyderabad,MER241,Travel,2026-08-07 19:25:00,UPI,Web,20308.62,INR,471037.49,310,No,17,Yes,Success,High,0
TXN004271,CUST0717,Mumbai,MER245,Travel,2026-02-10 10:25:00,UPI,Web,27435.94,INR,219817.85,703,No,53,No,Success,Low,0
TXN004272,CUST0798,Delhi,MER013,Entertainment,2026-04-01 10:21:00,NetBanking,iPhone,20610.42,INR,63304.96,398,No,75,Yes,Success,Low,0
TXN004273,CUST0556,Delhi,MER135,Food,2026-09-19 01:39:00,Wallet,iPhone,19858.99,INR,463241.09,387,No,74,Yes,Pending,Low,0
TXN004274,CUST1005,Hyderabad,MER143,Healthcare,2026-05-21 18:38:00,UPI,Web,10088.1,INR,94872.57,874,Yes,45,No,Pending,High,0
TXN004275,CUST0153,Pune,MER248,Travel,2026-04-12 16:53:00,Debit Card,iPhone,8929.35,INR,368254.1,652,Yes,66,Yes,Success,High,0
TXN004276,CUST0234,Hyderabad,MER263,Food,2026-07-11 14:42:00,Wallet,Android,47892.32,INR,100663.03,529,No,57,Yes,Success,Medium,0
TXN004277,CUST0734,Hyderabad,MER031,Entertainment,2026-03-23 07:00:00,Wallet,iPhone,11640.33,INR,284787.09,683,Yes,41,No,Success,Medium,0
TXN004278,CUST1179,Mumbai,MER001,Entertainment,2026-04-06 07:29:00,Wallet,Web,54586.07,INR,288467.97,850,Yes,9,No,Success,Low,0
TXN004279,CUST0105,Mumbai,MER221,Entertainment,2026-01-26 23:16:00,Wallet,iPhone,48714.06,INR,47083.47,786,Yes,64,Yes,Success,Low,0
TXN004280,CUST0340,Hyderabad,MER083,Food,2026-01-07 00:39:00,NetBanking,Android,54801.32,INR,7618.34,511,Yes,3,Yes,Failed,High,1
TXN004281,CUST1183,Mumbai,MER275,Shopping,2026-11-04 00:31:00,UPI,iPhone,16993.05,INR,400784.16,553,Yes,87,Yes,Pending,High,0
TXN004282,CUST0987,Mumbai,MER041,Travel,2026-08-03 03:05:00,Wallet,Android,44565.3,INR,284352.04,831,No,23,No,Failed,Low,0
TXN004283,CUST0084,Delhi,MER073,Travel,2026-07-04 18:17:00,Wallet,Web,15794.32,INR,200159.8,323,Yes,2,No,Pending,High,0
TXN004284,CUST0323,Hyderabad,MER234,Entertainment,2026-01-13 12:59:00,NetBanking,iPhone,34428.2,INR,265406.66,677,Yes,48,Yes,Pending,High,0
TXN004285,CUST1073,Delhi,MER158,Food,2026-03-24 04:56:00,UPI,Web,74038.51,INR,230815.36,567,No,69,No,Pending,Low,1
TXN004286,CUST0350,Mumbai,MER106,Shopping,2026-04-04 00:41:00,UPI,Android,59640.35,INR,187129.46,869,No,43,Yes,Success,High,0
TXN004287,CUST0212,Hyderabad,MER050,Food,2026-11-21 18:52:00,NetBanking,Web,39383.35,INR,227106.03,848,No,32,Yes,Failed,High,0
TXN004288,CUST0888,Delhi,MER204,Entertainment,2026-01-05 01:07:00,NetBanking,Web,62636.93,INR,224834.55,437,No,33,No,Failed,Medium,0
TXN004289,CUST1121,Pune,MER231,Bills,2026-07-15 11:34:00,Credit Card,iPhone,24808.11,INR,95748.14,581,No,68,Yes,Pending,Low,0
TXN004290,CUST0243,Hyderabad,MER078,Food,2026-08-10 04:56:00,NetBanking,Web,886.57,INR,435285.7,791,No,100,No,Failed,High,0
TXN004291,CUST0859,Bengaluru,MER046,Entertainment,2026-05-06 14:17:00,UPI,iPhone,57623.07,INR,144450.16,417,Yes,64,Yes,Pending,Medium,1
TXN004292,CUST0772,Delhi,MER295,Travel,2026-03-28 22:11:00,UPI,iPhone,67789.77,INR,347662.07,735,Yes,79,Yes,Success,Medium,1
TXN004293,CUST0601,Mumbai,MER164,Travel,2026-04-08 20:23:00,Wallet,iPhone,48998.7,INR,60553.36,523,Yes,49,No,Failed,Low,0
TXN004294,CUST1084,Hyderabad,MER181,Travel,2026-05-04 20:33:00,NetBanking,Web,51571.66,INR,282484.76,508,Yes,93,No,Success,Medium,1
TXN004295,CUST0740,Pune,MER121,Travel,2026-03-24 10:33:00,UPI,Web,50022.49,INR,466560.12,681,No,26,Yes,Success,Low,0
TXN004296,CUST0719,Delhi,MER064,Bills,2026-08-13 16:34:00,Wallet,Web,20703.93,INR,258730.15,499,No,61,No,Success,Low,0
TXN004297,CUST1020,Pune,MER258,Healthcare,2026-07-19 19:12:00,Debit Card,Android,23115.23,INR,233223.24,413,No,93,No,Failed,Medium,0
TXN004298,CUST0447,Bengaluru,MER084,Healthcare,2026-04-05 23:07:00,UPI,Android,21153.8,INR,472237.79,798,No,77,No,Failed,High,0
TXN004299,CUST0628,Pune,MER214,Bills,2026-07-08 12:12:00,NetBanking,Web,27835.2,INR,364099.5,453,No,28,Yes,Pending,Low,0
TXN004300,CUST1134,Pune,MER038,Food,2026-08-24 19:12:00,NetBanking,iPhone,29778.56,INR,88253.24,494,Yes,94,Yes,Success,Low,0
TXN004301,CUST0700,Hyderabad,MER085,Entertainment,2026-03-15 21:21:00,NetBanking,iPhone,52113.16,INR,333844.57,717,Yes,10,No,Success,High,0
TXN004302,CUST0884,Delhi,MER031,Entertainment,2026-05-31 09:47:00,NetBanking,iPhone,8120.31,INR,472932.86,332,No,96,Yes,Pending,Medium,0
TXN004303,CUST1000,Mumbai,MER182,Food,2026-03-27 18:18:00,UPI,Web,3500.21,INR,392773.74,609,No,38,Yes,Failed,Low,0
TXN004304,CUST0641,Delhi,MER209,Travel,2026-10-27 02:32:00,Credit Card,iPhone,13707.23,INR,204406.63,305,Yes,29,No,Success,High,0
TXN004305,CUST0275,Pune,MER061,Healthcare,2026-03-05 11:15:00,NetBanking,Web,59074.87,INR,35629.16,328,No,10,Yes,Success,Medium,0
TXN004306,CUST1067,Pune,MER136,Bills,2026-11-12 18:13:00,NetBanking,iPhone,6459.12,INR,334201.47,640,No,18,Yes,Success,Low,1
TXN004307,CUST0923,Hyderabad,MER264,Healthcare,2026-05-03 14:34:00,Debit Card,Android,44314.2,INR,131291.26,694,No,42,Yes,Pending,Medium,0
TXN004308,CUST0977,Mumbai,MER128,Travel,2026-12-08 04:46:00,UPI,Android,19416.75,INR,112140.69,307,No,59,Yes,Failed,High,0
TXN004309,CUST0483,Delhi,MER091,Shopping,2026-04-01 02:15:00,UPI,Android,30388.8,INR,454506.66,838,Yes,76,No,Success,Low,0
TXN004310,CUST0705,Mumbai,MER027,Bills,2026-08-30 16:13:00,NetBanking,Android,8163.65,INR,268155.64,599,Yes,39,No,Failed,Medium,0
TXN004311,CUST1011,Pune,MER134,Entertainment,2026-03-27 19:34:00,Wallet,Android,61967.85,INR,382967.97,766,No,11,No,Success,Medium,0
TXN004312,CUST0539,Hyderabad,MER085,Travel,2026-02-25 11:14:00,NetBanking,Web,72041.89,INR,150961.27,714,No,5,Yes,Pending,Medium,0
TXN004313,CUST1183,Pune,MER295,Food,2026-08-24 08:38:00,Credit Card,iPhone,23029.31,INR,54826.81,531,No,72,Yes,Failed,Low,0
TXN004314,CUST0760,Bengaluru,MER153,Food,2026-01-22 00:10:00,Debit Card,Web,22329.42,INR,498662.94,711,No,56,Yes,Pending,Medium,0
TXN004315,CUST0558,Bengaluru,MER161,Bills,2026-09-28 23:57:00,NetBanking,iPhone,29009.71,INR,478816.38,669,No,55,Yes,Success,Low,0
TXN004316,CUST0168,Delhi,MER069,Travel,2026-08-11 22:58:00,UPI,iPhone,21893.97,INR,13652.38,391,No,4,No,Failed,Low,0
TXN004317,CUST0350,Pune,MER051,Travel,2026-09-29 09:52:00,UPI,iPhone,44526.31,INR,69214.77,489,Yes,76,No,Success,Medium,0
TXN004318,CUST0282,Delhi,MER044,Entertainment,2026-08-07 01:26:00,NetBanking,Web,13070.89,INR,180368.31,766,No,28,No,Success,High,0
TXN004319,CUST0081,Hyderabad,MER116,Shopping,2026-06-29 12:06:00,UPI,Web,53648.79,INR,106758.11,370,No,60,No,Pending,Medium,0
TXN004320,CUST0737,Mumbai,MER187,Travel,2026-04-27 20:23:00,NetBanking,iPhone,38560.35,INR,434257.59,626,No,82,No,Success,Medium,0
TXN004321,CUST0509,Hyderabad,MER028,Shopping,2026-03-29 08:20:00,NetBanking,iPhone,20283.58,INR,64450.41,593,Yes,1,No,Pending,Medium,0
TXN004322,CUST0244,Delhi,MER154,Entertainment,2026-02-26 03:29:00,Debit Card,Web,54801.54,INR,404316.46,351,No,75,Yes,Success,Medium,0
TXN004323,CUST0100,Pune,MER168,Shopping,2026-01-07 02:11:00,NetBanking,Web,24910.21,INR,1498.62,738,Yes,74,No,Pending,Medium,0
TXN004324,CUST0657,Mumbai,MER200,Shopping,2026-03-28 23:49:00,Wallet,Android,24937.28,INR,423315.7,560,No,53,Yes,Pending,High,0
TXN004325,CUST1124,Mumbai,MER161,Food,2026-05-10 09:52:00,UPI,Web,26570.33,INR,119353.86,615,Yes,24,No,Failed,Medium,0
TXN004326,CUST0109,Pune,MER142,Travel,2026-11-19 08:20:00,NetBanking,iPhone,19652.76,INR,11263.74,506,No,74,Yes,Failed,High,0
TXN004327,CUST0211,Pune,MER015,Shopping,2026-05-06 21:52:00,Debit Card,Web,16884.46,INR,260256.7,594,No,4,No,Failed,Low,0
TXN004328,CUST0867,Hyderabad,MER224,Travel,2026-04-23 19:56:00,NetBanking,Android,68010.03,INR,208213.02,355,No,96,No,Failed,Medium,0
TXN004329,CUST0535,Delhi,MER173,Entertainment,2026-04-18 16:31:00,Credit Card,iPhone,72251.42,INR,499835.83,527,Yes,11,Yes,Success,High,0
TXN004330,CUST0096,Bengaluru,MER064,Food,2026-09-06 07:01:00,UPI,Android,11681.51,INR,271809.7,782,Yes,94,Yes,Success,Medium,0
TXN004331,CUST1058,Pune,MER293,Entertainment,2026-05-27 16:59:00,NetBanking,iPhone,55560.35,INR,458605.7,726,No,56,No,Success,Low,0
TXN004332,CUST1112,Mumbai,MER116,Healthcare,2026-01-25 00:57:00,Credit Card,iPhone,70361.48,INR,70994.26,600,Yes,14,No,Success,Medium,0
TXN004333,CUST0472,Delhi,MER193,Healthcare,2026-07-08 02:40:00,NetBanking,Web,22880.23,INR,133336.04,551,No,32,No,Success,Medium,0
TXN004334,CUST1060,Pune,MER047,Shopping,2026-10-08 13:44:00,Credit Card,Web,13361.65,INR,468179.71,833,No,74,No,Success,Low,0
TXN004335,CUST0461,Pune,MER084,Food,2026-02-10 15:37:00,NetBanking,Android,2664.85,INR,190433.15,848,No,8,Yes,Failed,Low,0
TXN004336,CUST0746,Delhi,MER182,Food,2026-05-06 20:00:00,UPI,Web,38071.99,INR,272399.79,777,No,12,No,Success,Medium,0
TXN004337,CUST0627,Mumbai,MER211,Bills,2026-06-23 20:15:00,UPI,iPhone,59354.45,INR,315083.46,391,Yes,3,Yes,Success,High,1
TXN004338,CUST0565,Bengaluru,MER053,Travel,2026-12-04 12:42:00,Debit Card,Web,66548.15,INR,294924.49,564,No,52,No,Success,Medium,0
TXN004339,CUST0440,Pune,MER227,Bills,2026-10-02 13:35:00,NetBanking,Android,11273.27,INR,4334.91,536,No,23,No,Failed,Medium,0
TXN004340,CUST1018,Mumbai,MER132,Travel,2026-11-05 19:08:00,Debit Card,Web,28879.94,INR,277096.92,375,Yes,4,Yes,Success,Low,0
TXN004341,CUST0148,Mumbai,MER231,Bills,2026-05-17 17:10:00,UPI,iPhone,18821.5,INR,480794.45,436,No,86,No,Failed,High,0
TXN004342,CUST0199,Mumbai,MER258,Shopping,2026-07-02 12:10:00,Debit Card,Android,35436.47,INR,47639.16,479,No,33,Yes,Success,High,0
TXN004343,CUST0589,Hyderabad,MER286,Entertainment,2026-07-25 02:23:00,UPI,Android,46656.34,INR,216839.13,413,No,9,No,Pending,Medium,0
TXN004344,CUST1161,Bengaluru,MER039,Entertainment,2026-02-25 14:45:00,Wallet,Android,56963.95,INR,345285.92,429,No,77,No,Success,Medium,0
TXN004345,CUST0705,Pune,MER239,Travel,2026-11-15 00:37:00,Credit Card,Android,26293.21,INR,446113.03,833,No,6,Yes,Pending,Low,0
TXN004346,CUST1120,Delhi,MER080,Bills,2026-01-22 15:54:00,Debit Card,Web,52833.15,INR,223454.89,536,No,40,No,Failed,Low,0
TXN004347,CUST0535,Hyderabad,MER132,Healthcare,2026-06-07 20:15:00,Debit Card,Web,60449.68,INR,61495.0,400,Yes,2,Yes,Failed,Low,1
TXN004348,CUST1088,Pune,MER180,Healthcare,2026-05-10 09:32:00,NetBanking,Web,62812.36,INR,37059.82,500,No,94,No,Failed,Low,0
TXN004349,CUST0355,Mumbai,MER076,Travel,2026-12-08 18:51:00,Debit Card,Android,38126.06,INR,36679.89,899,No,91,Yes,Success,Medium,0
TXN004350,CUST0741,Hyderabad,MER010,Travel,2026-01-30 02:46:00,Wallet,iPhone,54012.09,INR,273380.46,405,Yes,12,Yes,Success,Medium,0
TXN004351,CUST0386,Pune,MER262,Food,2026-04-17 12:12:00,UPI,iPhone,35247.41,INR,91068.43,528,No,46,No,Failed,High,0
TXN004352,CUST0767,Pune,MER227,Travel,2026-10-03 20:39:00,Credit Card,Android,25762.63,INR,34524.42,646,No,65,No,Failed,Medium,0
TXN004353,CUST0761,Bengaluru,MER038,Bills,2026-05-23 08:31:00,Debit Card,iPhone,33664.59,INR,318357.66,395,No,19,No,Failed,Low,0
TXN004354,CUST0109,Pune,MER246,Food,2026-04-21 16:28:00,Wallet,Android,5758.99,INR,440090.72,477,Yes,78,No,Failed,Low,0
TXN004355,CUST0650,Pune,MER197,Shopping,2026-10-16 13:29:00,Debit Card,Android,70970.94,INR,274071.28,315,No,35,Yes,Success,High,0
TXN004356,CUST0028,Bengaluru,MER140,Travel,2026-01-07 22:05:00,Wallet,Web,24399.85,INR,199539.99,409,Yes,81,No,Pending,High,0
TXN004357,CUST0164,Mumbai,MER052,Food,2026-07-22 10:17:00,Wallet,Android,59523.78,INR,488260.91,835,No,67,Yes,Failed,Medium,0
TXN004358,CUST0247,Hyderabad,MER249,Food,2026-06-04 05:31:00,Debit Card,iPhone,68123.31,INR,236588.88,889,No,56,No,Pending,High,0
TXN004359,CUST1128,Mumbai,MER012,Travel,2026-07-22 16:16:00,Debit Card,Android,24752.75,INR,327717.71,674,No,79,No,Success,Low,0
TXN004360,CUST0591,Pune,MER189,Food,2026-05-26 06:12:00,NetBanking,Web,65244.09,INR,279222.25,391,Yes,70,Yes,Success,Medium,1
TXN004361,CUST1096,Hyderabad,MER103,Shopping,2026-07-06 04:00:00,UPI,Web,50887.04,INR,387561.77,419,No,79,No,Failed,Medium,0
TXN004362,CUST0780,Bengaluru,MER163,Shopping,2026-01-09 20:13:00,Credit Card,Android,28100.57,INR,47835.95,505,No,24,No,Pending,Low,0
TXN004363,CUST0784,Bengaluru,MER177,Bills,2026-02-04 14:54:00,Credit Card,Web,45985.13,INR,317492.76,661,No,3,Yes,Success,Medium,0
TXN004364,CUST0135,Mumbai,MER087,Entertainment,2026-04-09 15:12:00,UPI,Android,41035.05,INR,111367.83,755,Yes,6,Yes,Pending,Low,0
TXN004365,CUST0106,Delhi,MER002,Healthcare,2026-05-25 05:25:00,Credit Card,Web,67667.18,INR,456876.83,447,Yes,20,No,Pending,High,0
TXN004366,CUST0345,Pune,MER003,Entertainment,2026-07-25 20:35:00,NetBanking,iPhone,26784.22,INR,100440.7,755,Yes,57,Yes,Success,Medium,0
TXN004367,CUST0562,Bengaluru,MER008,Shopping,2026-12-08 13:19:00,NetBanking,iPhone,29779.62,INR,107731.75,316,Yes,59,No,Pending,Low,0
TXN004368,CUST0125,Bengaluru,MER265,Travel,2026-01-02 10:48:00,Wallet,Web,35458.79,INR,410418.37,877,No,67,Yes,Failed,Low,0
TXN004369,CUST0860,Hyderabad,MER077,Healthcare,2026-04-19 16:53:00,Credit Card,iPhone,20884.42,INR,360342.75,386,Yes,55,Yes,Failed,High,0
TXN004370,CUST0060,Pune,MER138,Bills,2026-02-23 05:11:00,UPI,Android,46191.66,INR,346711.67,843,Yes,28,No,Pending,Medium,0
TXN004371,CUST0902,Hyderabad,MER020,Food,2026-04-26 01:17:00,Credit Card,Web,222.81,INR,150783.03,477,No,37,Yes,Success,Low,0
TXN004372,CUST1175,Mumbai,MER074,Food,2026-01-08 21:08:00,Credit Card,iPhone,69261.53,INR,236403.74,570,Yes,5,Yes,Pending,Medium,1
TXN004373,CUST1018,Pune,MER264,Travel,2026-02-09 06:30:00,NetBanking,Android,61725.4,INR,472081.89,362,Yes,100,No,Success,Low,0
TXN004374,CUST1109,Bengaluru,MER112,Food,2026-12-06 11:44:00,Debit Card,Web,68601.8,INR,495381.8,653,Yes,71,Yes,Failed,High,1
TXN004375,CUST1116,Hyderabad,MER266,Shopping,2026-07-21 20:11:00,UPI,Web,26872.57,INR,480012.75,586,No,54,No,Failed,High,0
TXN004376,CUST0351,Bengaluru,MER205,Shopping,2026-03-02 02:30:00,Debit Card,Android,66007.0,INR,152081.87,585,No,12,No,Failed,Low,1
TXN004377,CUST1115,Bengaluru,MER153,Food,2026-05-29 06:33:00,Wallet,Android,29025.57,INR,456238.61,576,No,4,Yes,Success,Medium,0
TXN004378,CUST0554,Pune,MER284,Food,2026-02-06 20:33:00,Wallet,Android,50138.43,INR,228694.65,482,Yes,3,No,Pending,High,0
TXN004379,CUST0371,Pune,MER193,Healthcare,2026-04-09 18:11:00,Wallet,Android,68461.89,INR,365841.76,460,Yes,49,Yes,Success,Medium,1
TXN004380,CUST0268,Delhi,MER132,Travel,2026-03-08 06:26:00,NetBanking,iPhone,5100.95,INR,373773.53,604,Yes,86,No,Failed,High,0
TXN004381,CUST1174,Hyderabad,MER064,Entertainment,2026-12-03 17:56:00,Wallet,Android,52653.76,INR,383725.84,768,Yes,63,Yes,Success,High,1
TXN004382,CUST0098,Delhi,MER137,Bills,2026-02-21 17:51:00,UPI,Android,64611.57,INR,222013.71,594,No,61,Yes,Pending,High,0
TXN004383,CUST0977,Mumbai,MER145,Entertainment,2026-02-23 22:41:00,UPI,iPhone,5731.42,INR,73150.54,393,Yes,36,Yes,Failed,High,0
TXN004384,CUST0474,Hyderabad,MER195,Shopping,2026-08-06 13:19:00,Credit Card,Web,41881.31,INR,5987.5,358,Yes,67,Yes,Pending,Medium,0
TXN004385,CUST0451,Delhi,MER074,Shopping,2026-06-28 05:01:00,UPI,iPhone,12987.43,INR,334053.15,604,Yes,17,Yes,Failed,High,0
TXN004386,CUST0200,Hyderabad,MER149,Food,2026-10-16 23:13:00,UPI,iPhone,33393.32,INR,425286.14,885,No,21,No,Success,Medium,0
TXN004387,CUST0745,Hyderabad,MER158,Bills,2026-11-30 16:34:00,Wallet,Android,16672.54,INR,302155.07,381,Yes,12,Yes,Pending,Low,0
TXN004388,CUST1012,Delhi,MER297,Healthcare,2026-09-17 09:19:00,Wallet,Web,28937.02,INR,137319.39,778,No,52,No,Failed,Medium,0
TXN004389,CUST1016,Hyderabad,MER204,Bills,2026-10-20 21:02:00,Debit Card,Web,21038.19,INR,357497.52,525,No,90,Yes,Failed,High,0
TXN004390,CUST0025,Mumbai,MER086,Shopping,2026-10-11 12:51:00,Credit Card,Android,57335.29,INR,56192.95,561,No,26,Yes,Pending,Medium,0
TXN004391,CUST0273,Pune,MER157,Bills,2026-02-04 14:51:00,UPI,Android,54115.04,INR,142743.08,826,Yes,41,Yes,Success,Medium,1
TXN004392,CUST1149,Mumbai,MER217,Shopping,2026-01-28 12:08:00,Debit Card,iPhone,63212.23,INR,291046.9,630,Yes,69,Yes,Failed,Medium,1
TXN004393,CUST1181,Pune,MER019,Shopping,2026-06-17 01:17:00,NetBanking,Android,26519.83,INR,383038.01,393,Yes,70,Yes,Failed,Medium,0
TXN004394,CUST0680,Pune,MER109,Shopping,2026-04-10 04:08:00,Debit Card,Android,2710.45,INR,105532.62,740,No,5,Yes,Pending,High,0
TXN004395,CUST0306,Pune,MER288,Shopping,2026-08-02 05:57:00,Debit Card,Android,45578.88,INR,471580.35,402,Yes,97,Yes,Failed,Medium,0
TXN004396,CUST0755,Bengaluru,MER089,Shopping,2026-01-26 12:37:00,NetBanking,Web,68283.77,INR,220272.74,743,No,44,No,Success,Medium,0
TXN004397,CUST0177,Pune,MER241,Food,2026-03-16 12:02:00,Credit Card,Web,60762.81,INR,23070.71,554,Yes,89,No,Success,High,1
TXN004398,CUST0588,Delhi,MER063,Bills,2026-07-31 00:08:00,Credit Card,Android,14998.68,INR,327508.26,646,Yes,40,Yes,Success,Low,0
TXN004399,CUST0837,Bengaluru,MER256,Travel,2026-05-19 03:08:00,UPI,Android,64831.56,INR,247318.21,789,Yes,23,Yes,Failed,Low,0
TXN004400,CUST0528,Delhi,MER022,Travel,2026-05-12 23:46:00,Debit Card,Web,40888.63,INR,292435.57,706,No,29,Yes,Success,High,0
TXN004401,CUST0153,Mumbai,MER159,Travel,2026-04-03 21:30:00,Wallet,iPhone,8062.34,INR,348872.19,431,Yes,26,No,Success,Low,0
TXN004402,CUST0529,Pune,MER197,Food,2026-01-28 23:47:00,Debit Card,iPhone,25109.38,INR,364190.8,434,Yes,44,No,Pending,High,0
TXN004403,CUST0763,Mumbai,MER103,Bills,2026-11-27 10:03:00,UPI,Android,21118.07,INR,240286.89,828,Yes,26,Yes,Failed,Low,0
TXN004404,CUST0878,Bengaluru,MER141,Food,2026-11-14 03:09:00,Wallet,iPhone,15849.31,INR,56416.77,330,Yes,58,No,Failed,Medium,0
TXN004405,CUST0672,Delhi,MER262,Entertainment,2026-03-28 22:18:00,NetBanking,iPhone,40156.31,INR,279731.23,684,Yes,19,Yes,Pending,Medium,0
TXN004406,CUST0693,Pune,MER246,Travel,2026-01-16 06:13:00,NetBanking,Android,57550.9,INR,241137.33,430,No,88,No,Failed,Low,1
TXN004407,CUST0397,Pune,MER110,Healthcare,2026-09-27 13:42:00,Wallet,Web,29018.76,INR,90081.77,831,No,32,Yes,Pending,High,0
TXN004408,CUST0048,Pune,MER041,Travel,2026-01-31 09:41:00,Debit Card,Android,34427.3,INR,424002.96,667,Yes,80,Yes,Pending,Medium,0
TXN004409,CUST0349,Bengaluru,MER077,Healthcare,2026-11-19 21:43:00,NetBanking,Android,12105.58,INR,384458.19,726,No,96,No,Success,Medium,0
TXN004410,CUST0952,Delhi,MER157,Bills,2026-06-19 05:22:00,UPI,iPhone,4050.93,INR,141009.89,380,Yes,31,No,Failed,High,0
TXN004411,CUST0318,Delhi,MER146,Travel,2026-03-26 09:24:00,Debit Card,Android,73172.94,INR,203563.19,829,No,28,Yes,Pending,Low,1
TXN004412,CUST0798,Pune,MER201,Entertainment,2026-02-22 18:45:00,Wallet,Android,49987.57,INR,271852.77,451,Yes,80,Yes,Pending,Low,0
TXN004413,CUST1029,Hyderabad,MER143,Shopping,2026-10-15 17:53:00,Debit Card,iPhone,43903.68,INR,210394.58,315,Yes,85,Yes,Pending,High,0
TXN004414,CUST0790,Delhi,MER299,Travel,2026-06-22 21:00:00,NetBanking,Web,62919.22,INR,438645.11,828,Yes,81,Yes,Pending,High,0
TXN004415,CUST0583,Bengaluru,MER067,Bills,2026-06-30 09:28:00,UPI,Web,30930.25,INR,366844.05,655,Yes,82,Yes,Pending,High,0
TXN004416,CUST0466,Hyderabad,MER153,Shopping,2026-09-05 07:18:00,Wallet,iPhone,44059.86,INR,81233.63,398,Yes,70,No,Failed,Low,0
TXN004417,CUST0524,Hyderabad,MER001,Healthcare,2026-03-06 09:17:00,Credit Card,Android,55046.31,INR,342238.29,686,Yes,61,Yes,Failed,High,1
TXN004418,CUST1058,Delhi,MER135,Entertainment,2026-03-04 02:48:00,Wallet,Android,64196.77,INR,319923.73,819,Yes,34,No,Failed,High,1
TXN004419,CUST1158,Delhi,MER060,Travel,2026-02-09 18:08:00,Wallet,iPhone,70137.76,INR,376140.25,615,No,48,No,Pending,High,0
TXN004420,CUST1032,Mumbai,MER241,Food,2026-04-21 08:11:00,Wallet,Android,17202.37,INR,354851.71,497,No,98,Yes,Pending,High,0
TXN004421,CUST1044,Mumbai,MER057,Entertainment,2026-02-19 23:45:00,UPI,Android,12248.02,INR,489250.98,676,Yes,100,Yes,Pending,High,0
TXN004422,CUST0678,Pune,MER222,Entertainment,2026-03-08 06:34:00,Debit Card,iPhone,49391.71,INR,75770.1,332,No,47,No,Success,Low,0
TXN004423,CUST1164,Bengaluru,MER263,Healthcare,2026-04-25 10:58:00,Debit Card,Android,61546.28,INR,424672.18,459,No,62,Yes,Success,Medium,0
TXN004424,CUST0581,Delhi,MER287,Shopping,2026-11-29 12:10:00,Debit Card,iPhone,47309.68,INR,68890.26,338,No,38,No,Success,High,0
TXN004425,CUST1154,Hyderabad,MER230,Travel,2026-04-01 11:09:00,Debit Card,Web,8315.47,INR,432729.2,541,No,4,No,Pending,Low,0
TXN004426,CUST0153,Hyderabad,MER044,Healthcare,2026-11-09 22:24:00,Debit Card,iPhone,10975.99,INR,437773.94,788,No,25,Yes,Pending,Medium,0
TXN004427,CUST0848,Mumbai,MER037,Shopping,2026-09-09 11:38:00,Wallet,Web,48691.81,INR,423840.17,784,No,72,No,Success,Medium,0
TXN004428,CUST0485,Pune,MER109,Bills,2026-05-24 03:35:00,Credit Card,Web,21214.2,INR,214304.34,355,Yes,50,No,Success,High,0
TXN004429,CUST0529,Pune,MER171,Travel,2026-10-06 11:54:00,UPI,Web,34239.32,INR,313775.87,716,No,70,No,Success,Low,0
TXN004430,CUST0800,Pune,MER229,Travel,2026-06-18 06:14:00,Debit Card,iPhone,38022.67,INR,29917.29,551,No,12,Yes,Failed,High,0
TXN004431,CUST0924,Pune,MER121,Shopping,2026-02-02 07:27:00,Wallet,Android,70673.82,INR,294846.85,575,No,34,No,Success,Low,0
TXN004432,CUST0548,Delhi,MER026,Entertainment,2026-06-22 02:53:00,UPI,Web,45294.74,INR,87641.61,628,Yes,37,No,Success,Low,0
TXN004433,CUST0685,Mumbai,MER134,Entertainment,2026-01-11 23:01:00,Credit Card,iPhone,24377.84,INR,280510.2,488,Yes,15,No,Pending,Low,0
TXN004434,CUST1053,Mumbai,MER180,Travel,2026-02-10 12:05:00,UPI,iPhone,8606.83,INR,319178.93,631,Yes,46,Yes,Success,Low,0
TXN004435,CUST0113,Bengaluru,MER290,Bills,2026-01-11 14:44:00,Wallet,Android,19731.85,INR,452176.95,522,No,99,No,Failed,Medium,0
TXN004436,CUST0127,Hyderabad,MER006,Bills,2026-01-20 07:06:00,Debit Card,Web,927.53,INR,438199.67,729,No,4,No,Success,Low,0
TXN004437,CUST0565,Pune,MER050,Entertainment,2026-04-18 00:17:00,Debit Card,Android,40538.75,INR,227714.04,320,No,26,Yes,Failed,Low,0
TXN004438,CUST0300,Delhi,MER222,Food,2026-05-08 18:19:00,Debit Card,Android,7612.22,INR,78388.9,382,Yes,32,No,Success,Medium,0
TXN004439,CUST0850,Bengaluru,MER290,Travel,2026-11-14 21:07:00,Wallet,iPhone,65888.73,INR,270224.69,524,No,82,Yes,Failed,Low,0
TXN004440,CUST0840,Bengaluru,MER280,Shopping,2026-05-29 12:08:00,UPI,Web,40268.68,INR,463029.54,574,No,97,No,Pending,High,0
TXN004441,CUST0441,Pune,MER192,Bills,2026-07-26 15:51:00,NetBanking,iPhone,63592.93,INR,165869.39,406,Yes,81,Yes,Pending,High,0
TXN004442,CUST0523,Bengaluru,MER112,Food,2026-06-18 12:50:00,NetBanking,iPhone,18982.07,INR,165111.14,814,No,33,Yes,Pending,Low,0
TXN004443,CUST0984,Hyderabad,MER059,Shopping,2026-08-27 16:55:00,Wallet,iPhone,60684.36,INR,460411.17,332,Yes,72,No,Success,Low,1
TXN004444,CUST0138,Pune,MER262,Food,2026-10-13 20:14:00,NetBanking,Web,74890.24,INR,300643.48,399,Yes,61,Yes,Success,Low,0
TXN004445,CUST1042,Delhi,MER142,Entertainment,2026-10-14 16:19:00,Debit Card,iPhone,3315.1,INR,158646.67,535,Yes,45,No,Failed,Low,0
TXN004446,CUST0132,Bengaluru,MER170,Food,2026-11-17 19:18:00,UPI,Android,6722.29,INR,284564.34,670,Yes,52,No,Pending,High,0
TXN004447,CUST0700,Delhi,MER046,Shopping,2026-10-21 06:49:00,Wallet,Android,70190.69,INR,340536.58,311,Yes,1,No,Pending,Medium,1
TXN004448,CUST0632,Mumbai,MER235,Bills,2026-03-02 06:42:00,Credit Card,Android,22392.21,INR,254029.28,633,No,75,Yes,Success,Medium,0
TXN004449,CUST1099,Bengaluru,MER037,Entertainment,2026-01-17 08:22:00,Wallet,Android,42285.49,INR,72418.75,726,Yes,76,Yes,Success,Medium,0
TXN004450,CUST0020,Mumbai,MER164,Entertainment,2026-10-23 03:31:00,Credit Card,iPhone,71808.03,INR,491893.87,626,Yes,27,No,Pending,Medium,0
TXN004451,CUST0140,Delhi,MER295,Shopping,2026-01-15 07:38:00,UPI,iPhone,8591.22,INR,133137.32,741,No,18,Yes,Pending,Medium,0
TXN004452,CUST1069,Bengaluru,MER042,Food,2026-07-11 01:38:00,NetBanking,Android,57948.41,INR,49032.38,348,No,49,Yes,Failed,High,0
TXN004453,CUST0652,Bengaluru,MER238,Food,2026-04-02 15:50:00,Credit Card,iPhone,73464.6,INR,112432.28,748,No,53,No,Failed,High,0
TXN004454,CUST0556,Bengaluru,MER201,Bills,2026-01-11 23:02:00,Wallet,Android,18733.16,INR,88831.54,780,Yes,97,No,Success,Low,0
TXN004455,CUST0240,Mumbai,MER060,Bills,2026-11-07 08:12:00,Wallet,Android,41246.81,INR,301897.63,695,Yes,62,Yes,Failed,Low,0
TXN004456,CUST0544,Mumbai,MER204,Healthcare,2026-04-29 04:20:00,Debit Card,iPhone,39275.61,INR,197671.21,303,No,65,No,Pending,High,0
TXN004457,CUST0299,Pune,MER040,Entertainment,2026-10-29 09:17:00,Credit Card,Android,45641.17,INR,367148.17,584,No,17,Yes,Failed,High,0
TXN004458,CUST1090,Delhi,MER214,Shopping,2026-11-13 18:18:00,Debit Card,Web,24413.77,INR,8056.89,619,No,22,No,Success,Medium,0
TXN004459,CUST0198,Hyderabad,MER111,Food,2026-06-04 15:53:00,Wallet,iPhone,51380.69,INR,421820.34,798,Yes,7,Yes,Success,Low,0
TXN004460,CUST0903,Delhi,MER065,Food,2026-02-18 07:24:00,UPI,iPhone,33058.62,INR,401982.84,704,Yes,48,Yes,Pending,High,1
TXN004461,CUST0270,Bengaluru,MER298,Food,2026-08-17 09:39:00,Wallet,Android,57544.39,INR,250899.73,819,Yes,57,Yes,Failed,Low,0
TXN004462,CUST1150,Hyderabad,MER237,Travel,2026-02-25 04:01:00,Wallet,Web,71322.04,INR,212426.29,700,No,29,No,Pending,Medium,0
TXN004463,CUST0894,Pune,MER046,Entertainment,2026-04-29 05:38:00,UPI,Android,66744.83,INR,265080.48,868,No,98,No,Pending,Low,0
TXN004464,CUST0895,Hyderabad,MER300,Travel,2026-02-10 05:25:00,Credit Card,iPhone,53398.58,INR,33516.14,627,Yes,52,Yes,Failed,Low,0
TXN004465,CUST1199,Hyderabad,MER259,Travel,2026-11-09 10:05:00,Wallet,Android,38501.39,INR,441131.13,369,No,33,No,Failed,Medium,0
TXN004466,CUST0668,Bengaluru,MER047,Entertainment,2026-08-02 00:00:00,Wallet,Android,5885.64,INR,127574.62,392,Yes,3,Yes,Failed,High,0
TXN004467,CUST0787,Mumbai,MER191,Entertainment,2026-12-02 00:02:00,Wallet,Web,72625.64,INR,58422.01,641,Yes,96,Yes,Success,Medium,1
TXN004468,CUST1104,Hyderabad,MER195,Travel,2026-12-01 07:12:00,Debit Card,Android,41754.47,INR,141094.4,738,No,12,Yes,Success,Low,0
TXN004469,CUST0134,Bengaluru,MER178,Entertainment,2026-07-04 17:26:00,UPI,iPhone,32618.12,INR,46690.9,507,Yes,74,No,Failed,Low,0
TXN004470,CUST0613,Delhi,MER009,Entertainment,2026-01-28 23:32:00,NetBanking,Android,74809.15,INR,281154.61,872,No,8,Yes,Failed,Medium,0
TXN004471,CUST0154,Mumbai,MER174,Food,2026-04-14 17:33:00,Credit Card,Web,56426.07,INR,330333.19,696,Yes,68,Yes,Success,Medium,1
TXN004472,CUST0328,Pune,MER080,Food,2026-10-17 04:28:00,NetBanking,Android,4771.92,INR,395413.67,517,No,27,Yes,Success,High,0
TXN004473,CUST0328,Bengaluru,MER228,Healthcare,2026-10-12 20:42:00,Debit Card,iPhone,28985.37,INR,114363.84,772,No,56,No,Pending,Low,0
TXN004474,CUST0631,Delhi,MER071,Food,2026-06-24 07:28:00,Credit Card,iPhone,1642.25,INR,304903.35,579,Yes,25,No,Failed,Medium,0
TXN004475,CUST0396,Mumbai,MER012,Healthcare,2026-07-06 14:35:00,Debit Card,Web,43838.42,INR,160350.98,459,Yes,48,No,Failed,High,0
TXN004476,CUST0699,Pune,MER133,Food,2026-11-22 00:37:00,Credit Card,iPhone,52989.64,INR,368469.82,451,No,41,No,Success,Low,0
TXN004477,CUST0438,Pune,MER179,Bills,2026-02-06 05:47:00,Credit Card,Android,15846.85,INR,39872.99,549,No,18,Yes,Pending,Medium,0
TXN004478,CUST0111,Bengaluru,MER093,Entertainment,2026-12-13 08:50:00,UPI,Android,35213.63,INR,370894.97,679,Yes,95,Yes,Success,Low,0
TXN004479,CUST0062,Bengaluru,MER282,Travel,2026-08-30 06:14:00,UPI,Web,5763.26,INR,241552.39,883,Yes,29,Yes,Success,High,0
TXN004480,CUST1058,Bengaluru,MER043,Entertainment,2026-08-23 18:38:00,NetBanking,Web,48950.53,INR,470804.77,732,Yes,21,Yes,Pending,Low,0
TXN004481,CUST1038,Pune,MER280,Food,2026-04-07 20:03:00,Credit Card,Android,42150.47,INR,382449.76,831,No,23,Yes,Failed,High,0
TXN004482,CUST1112,Bengaluru,MER232,Bills,2026-08-28 22:21:00,NetBanking,iPhone,53842.95,INR,250622.43,768,No,72,No,Pending,Low,1
TXN004483,CUST0536,Delhi,MER082,Travel,2026-08-27 20:57:00,Debit Card,Web,13395.66,INR,265292.72,690,No,66,No,Success,High,0
TXN004484,CUST0967,Pune,MER075,Healthcare,2026-01-15 17:07:00,Wallet,iPhone,54423.17,INR,128567.92,448,Yes,82,No,Pending,High,0
TXN004485,CUST0950,Hyderabad,MER277,Healthcare,2026-07-20 06:43:00,Credit Card,iPhone,41442.87,INR,95923.4,410,No,80,No,Failed,High,0
TXN004486,CUST0219,Delhi,MER028,Travel,2026-10-31 23:27:00,Debit Card,Web,28151.61,INR,425302.48,648,No,42,Yes,Failed,Medium,0
TXN004487,CUST0386,Mumbai,MER214,Travel,2026-03-21 07:28:00,Debit Card,iPhone,42510.15,INR,341504.17,359,Yes,10,No,Failed,High,0
TXN004488,CUST0597,Delhi,MER218,Bills,2026-05-16 20:42:00,NetBanking,Web,28347.6,INR,134793.61,899,Yes,68,No,Failed,Low,0
TXN004489,CUST0239,Pune,MER132,Food,2026-12-08 19:48:00,Credit Card,Android,3704.25,INR,329693.5,647,No,2,No,Failed,High,0
TXN004490,CUST0365,Bengaluru,MER186,Food,2026-08-05 20:01:00,Debit Card,iPhone,25118.78,INR,108022.84,319,No,69,No,Pending,High,0
TXN004491,CUST0136,Bengaluru,MER056,Bills,2026-04-14 11:33:00,Debit Card,iPhone,52723.86,INR,374235.56,751,No,67,Yes,Failed,High,0
TXN004492,CUST0025,Pune,MER260,Healthcare,2026-08-28 19:20:00,Wallet,Android,16036.18,INR,324523.4,348,Yes,55,No,Pending,High,0
TXN004493,CUST0960,Delhi,MER217,Bills,2026-10-22 17:37:00,Debit Card,Android,64543.06,INR,98391.5,306,No,7,No,Failed,Medium,1
TXN004494,CUST0409,Mumbai,MER100,Shopping,2026-11-11 15:52:00,Credit Card,Web,59212.53,INR,45526.42,781,Yes,88,No,Pending,Medium,1
TXN004495,CUST0459,Pune,MER257,Healthcare,2026-05-10 16:21:00,Credit Card,Web,46687.24,INR,129405.72,448,No,16,Yes,Success,Medium,0
TXN004496,CUST0312,Hyderabad,MER107,Travel,2026-03-17 17:48:00,UPI,Android,55903.83,INR,223024.08,832,No,61,No,Pending,High,0
TXN004497,CUST0066,Delhi,MER149,Travel,2026-01-07 17:44:00,UPI,Android,41110.2,INR,259719.31,701,Yes,61,Yes,Failed,Low,0
TXN004498,CUST1044,Bengaluru,MER048,Shopping,2026-07-25 19:00:00,Wallet,Web,55738.14,INR,220471.14,562,Yes,71,Yes,Pending,High,1
TXN004499,CUST0212,Mumbai,MER057,Healthcare,2026-04-09 12:42:00,NetBanking,Android,64967.72,INR,370300.87,873,Yes,60,No,Pending,Low,0
TXN004500,CUST0539,Hyderabad,MER120,Shopping,2026-06-12 15:16:00,UPI,Web,20271.76,INR,399130.28,841,No,82,Yes,Failed,Medium,0
TXN004501,CUST0956,Delhi,MER171,Bills,2026-02-10 10:18:00,Debit Card,Web,35449.15,INR,489451.77,757,Yes,58,No,Pending,High,0
TXN004502,CUST0254,Bengaluru,MER277,Food,2026-06-10 23:58:00,UPI,Android,34159.41,INR,124637.48,734,No,66,Yes,Pending,Low,0
TXN004503,CUST0554,Mumbai,MER113,Bills,2026-03-31 06:24:00,NetBanking,Web,54307.27,INR,296211.87,762,Yes,35,Yes,Failed,High,1
TXN004504,CUST1093,Hyderabad,MER043,Travel,2026-05-24 17:48:00,Debit Card,Android,25230.0,INR,76273.16,676,Yes,52,Yes,Success,High,0
TXN004505,CUST0695,Delhi,MER257,Shopping,2026-01-14 15:29:00,UPI,iPhone,34334.93,INR,75824.63,303,No,76,No,Failed,Medium,0
TXN004506,CUST1171,Hyderabad,MER214,Entertainment,2026-05-23 03:22:00,Wallet,Web,53254.54,INR,103112.12,895,Yes,64,Yes,Failed,High,1
TXN004507,CUST1012,Bengaluru,MER266,Healthcare,2026-01-16 02:57:00,NetBanking,iPhone,53608.18,INR,368254.59,846,Yes,3,No,Pending,High,0
TXN004508,CUST0499,Bengaluru,MER037,Food,2026-02-09 08:49:00,Credit Card,iPhone,43241.96,INR,439780.53,587,Yes,65,Yes,Success,High,0
TXN004509,CUST0776,Delhi,MER203,Bills,2026-04-15 02:18:00,Debit Card,iPhone,25085.85,INR,206172.72,497,Yes,19,No,Success,Medium,0
TXN004510,CUST1070,Bengaluru,MER148,Healthcare,2026-11-14 17:39:00,NetBanking,Android,22898.75,INR,376262.84,683,No,34,No,Failed,Low,0
TXN004511,CUST1168,Mumbai,MER115,Shopping,2026-10-18 13:04:00,Credit Card,Web,573.3,INR,226928.17,396,No,23,No,Success,High,0
TXN004512,CUST0252,Mumbai,MER237,Travel,2026-08-29 07:11:00,Debit Card,Web,37757.84,INR,79299.26,865,No,5,No,Pending,Medium,0
TXN004513,CUST0690,Mumbai,MER239,Shopping,2026-11-03 09:38:00,UPI,Android,23752.43,INR,467733.09,312,No,18,Yes,Failed,High,0
TXN004514,CUST0787,Pune,MER091,Travel,2026-02-24 15:54:00,Debit Card,iPhone,50975.89,INR,326313.48,536,Yes,83,Yes,Success,High,0
TXN004515,CUST0035,Pune,MER199,Healthcare,2026-04-23 10:15:00,UPI,Web,64303.76,INR,344004.5,584,Yes,74,Yes,Pending,Medium,0
TXN004516,CUST0387,Mumbai,MER004,Food,2026-09-08 19:02:00,NetBanking,Android,24509.76,INR,329378.26,606,No,88,Yes,Success,Low,0
TXN004517,CUST0001,Bengaluru,MER190,Shopping,2026-08-28 00:17:00,Wallet,Android,47111.84,INR,140420.73,892,Yes,53,No,Success,Medium,0
TXN004518,CUST0224,Pune,MER261,Travel,2026-03-08 03:22:00,Credit Card,iPhone,20574.72,INR,57232.63,469,No,8,Yes,Success,Low,0
TXN004519,CUST0324,Pune,MER112,Healthcare,2026-07-30 07:40:00,Credit Card,Web,18368.5,INR,270582.44,819,Yes,37,Yes,Failed,Low,0
TXN004520,CUST0205,Delhi,MER044,Bills,2026-11-05 19:10:00,UPI,Android,23784.52,INR,345522.52,386,No,29,Yes,Success,Low,0
TXN004521,CUST0609,Mumbai,MER277,Food,2026-10-18 16:39:00,Debit Card,Web,24660.29,INR,432611.61,631,Yes,92,No,Pending,High,0
TXN004522,CUST0960,Bengaluru,MER276,Food,2026-06-26 18:28:00,Wallet,Android,9179.92,INR,11753.82,408,Yes,14,No,Failed,Low,0
TXN004523,CUST0107,Pune,MER150,Food,2026-12-10 12:57:00,UPI,iPhone,54876.64,INR,337458.21,873,Yes,4,No,Failed,High,0
TXN004524,CUST0061,Pune,MER281,Travel,2026-08-19 01:25:00,Credit Card,Web,26108.28,INR,247897.58,743,No,19,Yes,Pending,Medium,0
TXN004525,CUST0259,Pune,MER162,Bills,2026-05-08 17:05:00,Wallet,Web,9828.35,INR,365509.37,396,No,57,Yes,Success,Medium,0
TXN004526,CUST0556,Pune,MER050,Travel,2026-01-08 21:55:00,Debit Card,Web,61320.47,INR,225819.58,628,Yes,32,Yes,Failed,High,0
TXN004527,CUST0939,Mumbai,MER009,Bills,2026-07-22 11:41:00,Wallet,Web,43756.35,INR,255275.95,864,No,15,Yes,Success,High,0
TXN004528,CUST0289,Bengaluru,MER177,Shopping,2026-01-17 10:05:00,Debit Card,Android,50421.95,INR,71620.78,394,No,50,No,Failed,High,0
TXN004529,CUST0885,Mumbai,MER085,Shopping,2026-10-18 06:56:00,NetBanking,iPhone,4573.9,INR,259662.11,318,No,2,No,Failed,High,0
TXN004530,CUST1125,Pune,MER145,Bills,2026-01-13 23:01:00,Debit Card,Web,56137.73,INR,371432.51,608,No,87,Yes,Failed,Low,0
TXN004531,CUST1154,Bengaluru,MER049,Shopping,2026-10-27 20:36:00,Credit Card,Android,43630.95,INR,136038.41,667,Yes,25,No,Success,Low,0
TXN004532,CUST0930,Bengaluru,MER262,Entertainment,2026-03-13 19:20:00,Credit Card,Android,45867.1,INR,26143.75,480,Yes,65,No,Pending,Low,0
TXN004533,CUST0530,Delhi,MER269,Food,2026-03-10 20:31:00,Debit Card,iPhone,3265.66,INR,26847.64,850,No,56,No,Pending,High,0
TXN004534,CUST0965,Delhi,MER125,Healthcare,2026-10-08 13:04:00,Debit Card,Android,61074.24,INR,126295.15,603,No,91,Yes,Pending,Low,1
TXN004535,CUST0749,Delhi,MER045,Travel,2026-10-02 16:15:00,NetBanking,Android,44479.88,INR,37106.56,400,No,90,No,Pending,Medium,0
TXN004536,CUST1052,Mumbai,MER073,Healthcare,2026-08-20 10:11:00,NetBanking,iPhone,67778.53,INR,333932.48,770,No,20,No,Pending,Medium,0
TXN004537,CUST0570,Bengaluru,MER165,Entertainment,2026-05-05 04:24:00,UPI,Web,55611.84,INR,482866.36,611,No,69,No,Pending,Medium,1
TXN004538,CUST1119,Bengaluru,MER087,Healthcare,2026-09-02 01:24:00,UPI,Android,5054.85,INR,498760.74,644,Yes,45,Yes,Success,Low,0
TXN004539,CUST0579,Hyderabad,MER082,Travel,2026-02-08 08:03:00,UPI,iPhone,9034.53,INR,489233.77,685,No,48,No,Success,High,0
TXN004540,CUST0100,Delhi,MER099,Travel,2026-04-27 09:58:00,NetBanking,Android,31960.43,INR,40340.95,705,No,2,No,Pending,High,0
TXN004541,CUST0675,Hyderabad,MER291,Shopping,2026-11-06 05:31:00,UPI,iPhone,27399.32,INR,465924.94,753,Yes,44,Yes,Pending,High,0
TXN004542,CUST0785,Mumbai,MER189,Bills,2026-11-13 19:12:00,Wallet,iPhone,14654.03,INR,350353.57,702,Yes,55,No,Failed,High,0
TXN004543,CUST0949,Hyderabad,MER159,Food,2026-05-25 17:01:00,Credit Card,Android,29508.48,INR,192038.21,648,No,15,No,Success,Low,0
TXN004544,CUST0838,Hyderabad,MER293,Bills,2026-08-07 03:39:00,Credit Card,Web,4194.74,INR,442799.68,488,No,75,No,Success,Low,0
TXN004545,CUST0353,Bengaluru,MER162,Food,2026-05-06 11:41:00,Wallet,Android,23353.58,INR,356894.08,511,No,77,No,Failed,Medium,0
TXN004546,CUST0442,Mumbai,MER127,Bills,2026-09-27 05:17:00,UPI,Android,47320.7,INR,27557.65,781,No,62,No,Pending,Low,0
TXN004547,CUST0686,Pune,MER105,Shopping,2026-12-05 22:12:00,NetBanking,Web,27589.63,INR,390172.41,402,No,87,No,Failed,High,0
TXN004548,CUST0114,Hyderabad,MER056,Healthcare,2026-11-05 00:58:00,Debit Card,iPhone,54079.35,INR,151456.5,805,No,1,No,Failed,Medium,0
TXN004549,CUST0053,Mumbai,MER193,Travel,2026-08-29 17:54:00,Credit Card,iPhone,22954.85,INR,66007.61,741,No,23,Yes,Failed,Low,0
TXN004550,CUST0936,Mumbai,MER210,Bills,2026-09-30 06:13:00,Debit Card,iPhone,68675.24,INR,209969.43,537,Yes,49,Yes,Failed,Low,0
TXN004551,CUST0335,Mumbai,MER212,Shopping,2026-09-17 09:50:00,Wallet,iPhone,37349.45,INR,38514.65,565,No,90,No,Failed,Medium,0
TXN004552,CUST0243,Hyderabad,MER131,Food,2026-11-23 22:03:00,Credit Card,Android,51972.45,INR,198082.59,430,Yes,33,No,Failed,High,0
TXN004553,CUST0538,Bengaluru,MER045,Bills,2026-06-06 17:36:00,Debit Card,Web,33654.81,INR,359178.36,488,No,13,No,Pending,High,0
TXN004554,CUST0697,Hyderabad,MER263,Food,2026-07-24 14:13:00,Credit Card,Android,5500.73,INR,260168.76,317,No,2,Yes,Pending,Low,0
TXN004555,CUST0990,Pune,MER175,Travel,2026-10-28 06:30:00,Credit Card,Web,56159.37,INR,490898.04,341,No,12,Yes,Pending,High,0
TXN004556,CUST0825,Mumbai,MER158,Healthcare,2026-07-19 08:15:00,NetBanking,iPhone,28922.8,INR,208929.91,885,Yes,9,Yes,Success,Low,0
TXN004557,CUST0735,Bengaluru,MER198,Travel,2026-07-22 04:18:00,UPI,iPhone,70786.3,INR,28441.03,603,No,13,No,Success,Medium,0
TXN004558,CUST0201,Mumbai,MER002,Bills,2026-03-15 04:01:00,Debit Card,iPhone,30444.46,INR,263559.89,498,No,12,Yes,Failed,High,0
TXN004559,CUST0645,Hyderabad,MER135,Entertainment,2026-08-01 03:29:00,NetBanking,Web,58985.84,INR,356073.4,668,No,93,Yes,Success,Medium,0
TXN004560,CUST0942,Pune,MER111,Healthcare,2026-08-07 10:33:00,NetBanking,Android,57244.14,INR,229770.39,535,No,86,No,Failed,High,1
TXN004561,CUST1109,Bengaluru,MER012,Shopping,2026-11-09 22:49:00,Wallet,Android,20169.9,INR,326349.76,427,No,17,No,Success,Medium,0
TXN004562,CUST1061,Mumbai,MER152,Shopping,2026-09-25 00:31:00,Wallet,iPhone,52516.43,INR,114929.33,519,Yes,46,Yes,Success,High,0
TXN004563,CUST1199,Hyderabad,MER118,Food,2026-06-17 17:11:00,Credit Card,Android,68747.25,INR,377339.24,503,No,51,Yes,Failed,High,0
TXN004564,CUST0082,Pune,MER059,Shopping,2026-09-04 08:46:00,UPI,Web,57310.59,INR,121966.95,509,Yes,55,Yes,Pending,Low,1
TXN004565,CUST0378,Pune,MER123,Shopping,2026-10-24 16:25:00,Credit Card,Android,15102.93,INR,185448.59,757,Yes,100,Yes,Success,Medium,0
TXN004566,CUST0142,Mumbai,MER274,Bills,2026-01-01 22:45:00,Wallet,Web,36565.64,INR,94289.14,761,Yes,86,No,Success,Low,0
TXN004567,CUST0671,Mumbai,MER062,Entertainment,2026-11-03 20:01:00,UPI,iPhone,73725.93,INR,199751.59,898,Yes,62,Yes,Success,High,0
TXN004568,CUST1176,Hyderabad,MER239,Shopping,2026-04-07 01:53:00,Credit Card,Web,43294.82,INR,455179.35,900,Yes,36,No,Pending,Medium,0
TXN004569,CUST0743,Hyderabad,MER106,Travel,2026-05-22 17:55:00,UPI,iPhone,69006.49,INR,339769.87,383,Yes,97,Yes,Success,High,0
TXN004570,CUST0389,Pune,MER117,Bills,2026-06-30 22:52:00,Credit Card,iPhone,12289.1,INR,252367.84,751,Yes,6,Yes,Failed,High,0
TXN004571,CUST0059,Mumbai,MER140,Travel,2026-01-16 23:24:00,Wallet,Android,73396.54,INR,254301.99,651,Yes,36,Yes,Failed,High,1
TXN004572,CUST0205,Pune,MER221,Healthcare,2026-09-19 23:38:00,NetBanking,Web,24770.43,INR,112176.31,463,Yes,9,No,Success,High,0
TXN004573,CUST1082,Hyderabad,MER120,Travel,2026-10-20 05:03:00,Debit Card,iPhone,28322.61,INR,189885.97,794,No,95,No,Pending,Low,0
TXN004574,CUST0054,Hyderabad,MER107,Bills,2026-01-06 07:45:00,Credit Card,Web,46188.31,INR,478714.21,805,No,56,No,Success,High,0
TXN004575,CUST1062,Mumbai,MER191,Entertainment,2026-06-14 04:32:00,UPI,iPhone,49782.5,INR,133559.18,645,No,33,Yes,Pending,Low,1
TXN004576,CUST0982,Delhi,MER089,Food,2026-01-18 02:36:00,NetBanking,iPhone,27554.36,INR,117469.72,856,Yes,45,No,Pending,Medium,0
TXN004577,CUST1047,Bengaluru,MER262,Travel,2026-01-03 09:38:00,UPI,Web,63149.66,INR,380592.23,735,Yes,69,Yes,Pending,Medium,0
TXN004578,CUST0451,Bengaluru,MER118,Entertainment,2026-09-14 00:15:00,NetBanking,Web,27583.64,INR,435503.13,684,No,98,No,Success,Low,0
TXN004579,CUST0082,Bengaluru,MER264,Travel,2026-08-08 06:48:00,Wallet,iPhone,64633.39,INR,146551.41,838,No,81,Yes,Pending,Low,0
TXN004580,CUST0752,Mumbai,MER211,Travel,2026-04-02 16:02:00,Wallet,Web,58671.65,INR,40687.97,696,No,65,Yes,Failed,Medium,0
TXN004581,CUST1135,Pune,MER177,Entertainment,2026-09-07 11:17:00,Debit Card,iPhone,48901.26,INR,174665.17,434,Yes,48,Yes,Failed,High,0
TXN004582,CUST1144,Hyderabad,MER133,Shopping,2026-07-28 04:34:00,Credit Card,Android,8084.22,INR,325760.5,886,Yes,13,Yes,Failed,High,0
TXN004583,CUST0527,Hyderabad,MER034,Healthcare,2026-12-06 20:11:00,Debit Card,Android,66663.55,INR,192701.77,810,Yes,34,Yes,Pending,Medium,0
TXN004584,CUST0243,Pune,MER168,Bills,2026-05-30 18:38:00,Credit Card,Android,67529.42,INR,206370.35,482,No,55,Yes,Success,Low,0
TXN004585,CUST1010,Bengaluru,MER213,Shopping,2026-11-05 12:54:00,Credit Card,iPhone,70418.19,INR,240795.44,692,No,51,No,Success,Medium,1
TXN004586,CUST0298,Pune,MER057,Entertainment,2026-09-04 05:56:00,Credit Card,iPhone,62912.0,INR,161449.15,739,Yes,46,No,Failed,High,1
TXN004587,CUST0612,Delhi,MER052,Healthcare,2026-09-04 23:49:00,Debit Card,Android,43356.5,INR,299423.05,720,Yes,89,Yes,Failed,High,0
TXN004588,CUST1092,Bengaluru,MER030,Healthcare,2026-02-22 08:31:00,Credit Card,iPhone,31434.55,INR,55691.23,682,No,2,Yes,Success,Low,0
TXN004589,CUST0503,Mumbai,MER252,Travel,2026-02-16 22:18:00,Debit Card,Android,51771.44,INR,349690.73,801,No,70,Yes,Success,Medium,0
TXN004590,CUST0914,Pune,MER258,Shopping,2026-01-26 16:06:00,UPI,iPhone,10065.53,INR,335222.03,752,No,60,Yes,Failed,Low,0
TXN004591,CUST0407,Bengaluru,MER026,Healthcare,2026-10-17 02:51:00,Wallet,Android,8740.27,INR,325695.49,775,No,100,Yes,Success,High,0
TXN004592,CUST0338,Bengaluru,MER119,Entertainment,2026-09-18 07:04:00,Debit Card,Web,56039.93,INR,342450.38,337,Yes,56,Yes,Pending,High,1
TXN004593,CUST1138,Bengaluru,MER291,Bills,2026-04-13 16:57:00,Credit Card,iPhone,66520.41,INR,323137.93,362,No,100,No,Success,Low,1
TXN004594,CUST0515,Bengaluru,MER092,Healthcare,2026-06-30 08:32:00,Wallet,iPhone,22479.85,INR,335196.24,743,No,41,Yes,Pending,Medium,0
TXN004595,CUST0639,Delhi,MER109,Healthcare,2026-10-28 15:17:00,Credit Card,Web,30686.62,INR,154035.01,389,Yes,96,Yes,Failed,Low,0
TXN004596,CUST0810,Delhi,MER027,Healthcare,2026-02-05 04:42:00,NetBanking,Web,14123.67,INR,150310.5,593,Yes,99,Yes,Success,High,0
TXN004597,CUST0479,Delhi,MER298,Food,2026-07-28 03:43:00,Credit Card,Android,22262.33,INR,158518.32,819,No,33,No,Pending,High,0
TXN004598,CUST0888,Pune,MER086,Food,2026-10-15 12:08:00,Debit Card,Android,62027.64,INR,337820.24,822,No,4,Yes,Success,High,1
TXN004599,CUST0586,Hyderabad,MER191,Travel,2026-11-26 05:54:00,UPI,Web,3593.9,INR,332443.9,429,Yes,46,No,Success,Medium,0
TXN004600,CUST0314,Bengaluru,MER080,Entertainment,2026-12-01 04:32:00,UPI,iPhone,21796.34,INR,209908.87,658,No,47,No,Pending,High,0
TXN004601,CUST0389,Hyderabad,MER025,Bills,2026-01-18 02:41:00,UPI,Android,31552.47,INR,283421.65,683,No,62,No,Success,High,0
TXN004602,CUST0702,Hyderabad,MER285,Shopping,2026-09-08 09:53:00,Credit Card,iPhone,66032.12,INR,47411.54,405,No,83,Yes,Pending,High,0
TXN004603,CUST0827,Bengaluru,MER055,Entertainment,2026-01-23 18:51:00,Wallet,Web,65665.34,INR,41358.84,873,No,43,Yes,Failed,High,0
TXN004604,CUST0880,Mumbai,MER121,Healthcare,2026-03-16 18:40:00,Wallet,Web,44227.2,INR,134394.0,815,No,9,No,Failed,Low,0
TXN004605,CUST0363,Pune,MER005,Food,2026-10-29 15:27:00,UPI,iPhone,25864.82,INR,451978.35,371,No,6,No,Pending,Medium,0
TXN004606,CUST0079,Pune,MER100,Bills,2026-12-02 11:40:00,UPI,Web,67183.12,INR,466837.75,364,No,55,Yes,Pending,Low,0
TXN004607,CUST0942,Delhi,MER089,Travel,2026-06-21 10:26:00,NetBanking,Android,4074.52,INR,223617.03,733,Yes,31,Yes,Pending,Medium,0
TXN004608,CUST0299,Hyderabad,MER010,Entertainment,2026-05-15 18:52:00,Wallet,Web,35388.63,INR,351130.07,460,Yes,52,No,Pending,Low,0
TXN004609,CUST0193,Mumbai,MER149,Travel,2026-11-13 06:05:00,UPI,iPhone,67103.53,INR,357962.84,811,No,30,Yes,Success,High,0
TXN004610,CUST0269,Bengaluru,MER057,Food,2026-07-20 14:32:00,UPI,Android,44419.12,INR,60718.96,700,No,25,No,Pending,Low,0
TXN004611,CUST1034,Mumbai,MER220,Travel,2026-07-01 06:27:00,Debit Card,iPhone,14405.56,INR,262961.08,835,Yes,39,No,Pending,High,0
TXN004612,CUST0232,Mumbai,MER110,Healthcare,2026-02-13 20:27:00,Wallet,Android,67030.35,INR,99646.05,433,Yes,83,Yes,Pending,Low,0
TXN004613,CUST0190,Mumbai,MER272,Bills,2026-01-19 00:57:00,Debit Card,iPhone,52776.62,INR,143521.37,588,Yes,43,No,Failed,Medium,0
TXN004614,CUST0231,Mumbai,MER216,Healthcare,2026-01-15 18:27:00,Wallet,Android,26404.32,INR,398476.83,461,No,75,Yes,Failed,High,0
TXN004615,CUST0201,Hyderabad,MER283,Bills,2026-07-07 05:14:00,NetBanking,iPhone,7904.05,INR,248375.43,664,Yes,89,No,Success,Low,0
TXN004616,CUST0642,Delhi,MER176,Bills,2026-08-09 20:38:00,Debit Card,Android,20711.08,INR,248622.58,678,Yes,60,Yes,Failed,Low,0
TXN004617,CUST1179,Delhi,MER103,Bills,2026-02-23 14:31:00,Debit Card,iPhone,12480.16,INR,137713.81,787,Yes,21,Yes,Failed,High,0
TXN004618,CUST0496,Hyderabad,MER084,Food,2026-01-22 21:25:00,NetBanking,Android,23598.99,INR,388483.15,654,No,31,No,Pending,Low,0
TXN004619,CUST0035,Bengaluru,MER295,Shopping,2026-03-27 22:53:00,NetBanking,Web,10098.74,INR,305015.25,322,No,85,No,Success,Low,0
TXN004620,CUST0552,Bengaluru,MER295,Bills,2026-10-31 09:33:00,Wallet,Web,15415.02,INR,405363.39,738,Yes,63,No,Pending,Low,0
TXN004621,CUST0678,Bengaluru,MER125,Food,2026-07-18 17:00:00,UPI,iPhone,19732.36,INR,333940.15,796,No,4,No,Success,High,0
TXN004622,CUST0212,Delhi,MER300,Shopping,2026-08-09 07:06:00,UPI,iPhone,74148.1,INR,380914.23,548,No,54,Yes,Failed,Low,1
TXN004623,CUST0742,Pune,MER030,Healthcare,2026-02-06 01:35:00,Wallet,Android,66827.88,INR,486689.19,672,Yes,57,Yes,Pending,Low,1
TXN004624,CUST0537,Pune,MER286,Healthcare,2026-07-23 01:54:00,NetBanking,iPhone,34602.71,INR,237246.02,752,No,85,Yes,Success,High,0
TXN004625,CUST0661,Pune,MER216,Shopping,2026-03-20 02:51:00,Credit Card,Web,53952.44,INR,320855.27,841,Yes,67,Yes,Failed,Medium,0
TXN004626,CUST0933,Delhi,MER054,Healthcare,2026-07-19 14:11:00,Wallet,Web,72509.52,INR,392735.58,865,No,94,No,Failed,Low,1
TXN004627,CUST1120,Hyderabad,MER096,Entertainment,2026-10-09 19:11:00,Credit Card,Android,44077.97,INR,343738.97,649,No,61,No,Pending,Low,0
TXN004628,CUST0517,Pune,MER101,Food,2026-01-14 11:26:00,NetBanking,Android,28478.34,INR,465987.14,468,Yes,53,No,Failed,Low,0
TXN004629,CUST1000,Mumbai,MER257,Travel,2026-06-01 17:31:00,UPI,Web,1633.4,INR,313864.52,384,Yes,24,Yes,Pending,Medium,0
TXN004630,CUST0010,Mumbai,MER224,Shopping,2026-10-03 19:52:00,NetBanking,Web,15109.47,INR,368590.6,872,Yes,30,Yes,Failed,Low,0
TXN004631,CUST0883,Delhi,MER270,Food,2026-09-12 22:03:00,Wallet,iPhone,47125.8,INR,88128.03,488,No,60,Yes,Failed,Low,0
TXN004632,CUST0036,Delhi,MER113,Travel,2026-11-03 13:05:00,Debit Card,Android,73431.86,INR,213381.09,341,Yes,82,Yes,Pending,High,0
TXN004633,CUST0501,Pune,MER246,Travel,2026-07-11 02:50:00,NetBanking,Web,8041.62,INR,329053.23,378,Yes,22,Yes,Success,Medium,0
TXN004634,CUST0851,Delhi,MER066,Food,2026-01-22 21:52:00,UPI,Android,46923.39,INR,222023.36,579,No,23,Yes,Pending,Medium,0
TXN004635,CUST1181,Pune,MER035,Healthcare,2026-08-17 21:06:00,Wallet,Android,52796.58,INR,161457.8,328,No,81,Yes,Success,High,1
TXN004636,CUST0662,Pune,MER156,Food,2026-03-02 06:31:00,Credit Card,Web,4759.81,INR,427032.53,361,Yes,15,Yes,Pending,Medium,0
TXN004637,CUST1068,Mumbai,MER203,Bills,2026-10-20 00:43:00,UPI,Android,58306.73,INR,283491.29,796,Yes,72,Yes,Failed,High,0
TXN004638,CUST0493,Hyderabad,MER056,Healthcare,2026-02-03 22:48:00,UPI,iPhone,44212.44,INR,185567.33,610,Yes,33,No,Pending,High,0
TXN004639,CUST1014,Delhi,MER210,Food,2026-01-16 08:08:00,NetBanking,iPhone,37636.51,INR,278215.21,602,Yes,44,Yes,Success,Medium,0
TXN004640,CUST0855,Mumbai,MER155,Bills,2026-08-12 14:10:00,NetBanking,Web,25189.79,INR,28925.28,487,Yes,88,Yes,Pending,High,0
TXN004641,CUST1183,Pune,MER248,Healthcare,2026-03-12 08:36:00,Debit Card,Web,54085.87,INR,211435.06,686,No,5,No,Pending,Medium,1
TXN004642,CUST1117,Delhi,MER180,Bills,2026-06-22 23:59:00,UPI,iPhone,37959.46,INR,490890.97,753,No,47,No,Failed,Medium,0
TXN004643,CUST0120,Hyderabad,MER053,Food,2026-04-14 18:53:00,Credit Card,Android,68206.31,INR,125693.75,784,Yes,91,No,Success,High,0
TXN004644,CUST1026,Pune,MER165,Healthcare,2026-10-30 00:49:00,Wallet,Web,29301.59,INR,11557.54,778,No,15,No,Pending,Low,0
TXN004645,CUST0503,Delhi,MER239,Shopping,2026-04-25 13:40:00,UPI,Web,4676.01,INR,219949.75,837,Yes,34,No,Failed,Low,0
TXN004646,CUST0842,Bengaluru,MER087,Bills,2026-05-26 05:15:00,Credit Card,iPhone,57208.28,INR,385929.9,652,Yes,75,Yes,Pending,Low,1
TXN004647,CUST0387,Delhi,MER156,Food,2026-04-27 02:08:00,Debit Card,Android,40078.97,INR,287340.7,463,No,60,No,Pending,Medium,0
TXN004648,CUST0843,Pune,MER201,Food,2026-01-22 06:41:00,UPI,Android,6694.18,INR,53098.68,548,No,65,No,Success,High,0
TXN004649,CUST0945,Bengaluru,MER297,Travel,2026-07-28 02:55:00,Credit Card,Android,35376.49,INR,287555.0,761,No,19,No,Pending,Medium,0
TXN004650,CUST0011,Hyderabad,MER096,Entertainment,2026-05-01 13:51:00,UPI,Web,3667.27,INR,498561.29,578,No,91,No,Pending,Medium,0
TXN004651,CUST0004,Hyderabad,MER265,Healthcare,2026-01-10 13:51:00,Credit Card,iPhone,300.47,INR,370740.39,460,No,26,No,Pending,High,0
TXN004652,CUST0023,Delhi,MER059,Healthcare,2026-01-10 18:21:00,Credit Card,iPhone,19764.25,INR,411233.37,720,Yes,64,No,Success,Low,0
TXN004653,CUST0470,Pune,MER291,Food,2026-04-30 15:44:00,Credit Card,Android,70889.3,INR,380308.03,418,Yes,43,Yes,Pending,Medium,0
TXN004654,CUST1082,Delhi,MER163,Food,2026-03-04 02:28:00,Credit Card,Android,21180.81,INR,124975.12,760,No,91,No,Failed,Low,1
TXN004655,CUST0447,Hyderabad,MER051,Shopping,2026-09-26 05:37:00,UPI,Android,64132.03,INR,242620.83,868,Yes,66,Yes,Failed,High,0
TXN004656,CUST0294,Pune,MER074,Entertainment,2026-10-15 04:03:00,UPI,iPhone,10872.23,INR,403748.3,714,Yes,7,No,Pending,High,0
TXN004657,CUST1009,Delhi,MER237,Food,2026-09-23 18:57:00,NetBanking,iPhone,58335.76,INR,442673.54,759,Yes,48,Yes,Success,Medium,0
TXN004658,CUST1055,Hyderabad,MER299,Shopping,2026-08-03 14:36:00,Credit Card,Web,63715.33,INR,106063.43,654,Yes,15,Yes,Pending,High,0
TXN004659,CUST0406,Pune,MER117,Shopping,2026-11-04 22:17:00,Wallet,Android,5900.24,INR,453299.05,360,Yes,89,No,Failed,High,0
TXN004660,CUST0739,Bengaluru,MER260,Food,2026-07-11 10:42:00,NetBanking,Android,8301.63,INR,401927.95,686,Yes,54,Yes,Pending,High,0
TXN004661,CUST0728,Delhi,MER029,Bills,2026-05-06 07:40:00,NetBanking,iPhone,33811.19,INR,287269.93,419,No,69,Yes,Failed,Medium,0
TXN004662,CUST0553,Delhi,MER158,Travel,2026-04-10 23:20:00,UPI,Android,71275.83,INR,443339.05,834,No,89,No,Pending,High,0
TXN004663,CUST0936,Hyderabad,MER056,Bills,2026-04-25 06:06:00,Wallet,iPhone,72002.77,INR,364154.59,552,No,63,Yes,Success,High,1
TXN004664,CUST1065,Mumbai,MER083,Food,2026-01-04 11:21:00,Wallet,Web,38076.29,INR,102732.71,702,No,38,Yes,Failed,Low,0
TXN004665,CUST0807,Bengaluru,MER300,Travel,2026-07-11 03:50:00,NetBanking,iPhone,7933.84,INR,324436.38,436,No,74,No,Failed,Low,0
TXN004666,CUST1096,Hyderabad,MER243,Entertainment,2026-09-05 22:16:00,Wallet,Android,71489.88,INR,49232.03,404,Yes,92,No,Success,Medium,0
TXN004667,CUST0253,Delhi,MER253,Food,2026-07-18 10:10:00,Credit Card,iPhone,27281.07,INR,168466.63,484,No,15,Yes,Failed,High,0
TXN004668,CUST0894,Delhi,MER214,Shopping,2026-07-17 05:45:00,Debit Card,Android,19506.79,INR,142447.52,893,Yes,83,Yes,Success,Medium,0
TXN004669,CUST0397,Hyderabad,MER154,Shopping,2026-06-01 02:24:00,Wallet,Android,20041.79,INR,80633.43,380,Yes,39,No,Failed,High,0
TXN004670,CUST0721,Hyderabad,MER070,Food,2026-09-05 00:23:00,Credit Card,Android,66881.77,INR,348043.54,385,Yes,75,No,Pending,Low,1
TXN004671,CUST0346,Bengaluru,MER082,Healthcare,2026-06-14 06:36:00,Wallet,iPhone,60204.59,INR,362721.13,482,Yes,64,Yes,Pending,Low,0
TXN004672,CUST0466,Mumbai,MER209,Bills,2026-07-09 02:10:00,NetBanking,iPhone,16167.62,INR,409755.07,594,Yes,64,Yes,Failed,Medium,0
TXN004673,CUST0385,Mumbai,MER149,Shopping,2026-06-14 09:41:00,UPI,Web,36107.41,INR,454020.98,674,No,73,No,Pending,Medium,0
TXN004674,CUST0824,Pune,MER134,Food,2026-12-01 20:56:00,Credit Card,Web,35681.85,INR,47292.27,811,Yes,63,Yes,Failed,High,0
TXN004675,CUST0588,Delhi,MER159,Travel,2026-08-24 06:32:00,NetBanking,Android,44258.19,INR,291699.98,518,Yes,35,No,Success,Low,0
TXN004676,CUST0761,Delhi,MER139,Bills,2026-12-12 20:47:00,UPI,Android,23284.67,INR,25774.92,751,Yes,12,No,Pending,Low,0
TXN004677,CUST1149,Mumbai,MER139,Travel,2026-03-31 06:55:00,NetBanking,Web,40267.32,INR,300567.73,748,No,89,No,Failed,Low,0
TXN004678,CUST1161,Bengaluru,MER114,Healthcare,2026-02-06 19:43:00,NetBanking,iPhone,9554.75,INR,350926.77,648,Yes,47,No,Success,High,0
TXN004679,CUST0376,Delhi,MER214,Shopping,2026-09-06 12:59:00,UPI,Android,57121.95,INR,433823.56,834,Yes,30,No,Failed,Medium,0
TXN004680,CUST0220,Hyderabad,MER110,Healthcare,2026-10-16 21:42:00,Debit Card,iPhone,3443.57,INR,120029.4,374,Yes,98,No,Success,Medium,1
TXN004681,CUST0145,Bengaluru,MER191,Food,2026-07-24 06:11:00,Credit Card,Android,63722.89,INR,197258.03,709,Yes,40,Yes,Failed,Medium,0
TXN004682,CUST0670,Bengaluru,MER011,Food,2026-06-23 07:42:00,Debit Card,Android,29243.17,INR,410451.59,362,Yes,10,No,Failed,Medium,0
TXN004683,CUST0488,Delhi,MER231,Healthcare,2026-02-11 21:58:00,Debit Card,Android,1862.79,INR,76501.64,783,No,4,Yes,Pending,Medium,0
TXN004684,CUST1067,Hyderabad,MER070,Entertainment,2026-07-16 04:22:00,Credit Card,Web,17995.09,INR,85043.09,427,Yes,31,Yes,Pending,Low,0
TXN004685,CUST0570,Pune,MER029,Bills,2026-04-02 18:14:00,Credit Card,Android,49200.04,INR,193945.91,849,No,28,Yes,Success,High,0
TXN004686,CUST0437,Delhi,MER194,Bills,2026-02-20 11:00:00,NetBanking,iPhone,36486.66,INR,137445.79,449,No,62,Yes,Success,Low,0
TXN004687,CUST0981,Mumbai,MER257,Travel,2026-08-22 15:01:00,Credit Card,Android,67712.51,INR,153039.33,541,Yes,81,No,Success,High,1
TXN004688,CUST0308,Hyderabad,MER170,Bills,2026-02-06 12:27:00,Wallet,Web,50426.08,INR,444926.47,662,Yes,40,No,Pending,Low,1
TXN004689,CUST1039,Pune,MER264,Food,2026-09-19 12:50:00,NetBanking,Web,61494.36,INR,498365.53,446,No,94,Yes,Failed,Low,1
TXN004690,CUST0896,Mumbai,MER183,Healthcare,2026-06-29 05:35:00,Debit Card,Android,60940.87,INR,69545.2,820,Yes,20,Yes,Pending,Low,1
TXN004691,CUST1121,Pune,MER014,Healthcare,2026-03-06 03:41:00,NetBanking,Android,44158.96,INR,204346.54,749,No,11,No,Failed,Medium,0
TXN004692,CUST0639,Delhi,MER140,Entertainment,2026-04-22 09:07:00,Credit Card,Web,20237.18,INR,451998.39,774,Yes,63,Yes,Failed,High,0
TXN004693,CUST0419,Delhi,MER273,Travel,2026-03-15 20:09:00,Wallet,Web,14128.03,INR,177143.1,758,Yes,64,No,Success,Low,0
TXN004694,CUST0157,Pune,MER200,Shopping,2026-03-20 11:47:00,UPI,Android,72684.98,INR,430148.32,730,No,45,No,Pending,High,1
TXN004695,CUST0721,Hyderabad,MER018,Shopping,2026-06-23 22:05:00,UPI,iPhone,46161.24,INR,47710.04,388,Yes,30,Yes,Success,Medium,0
TXN004696,CUST0762,Delhi,MER009,Food,2026-03-16 22:25:00,Debit Card,Web,29672.03,INR,153237.27,356,Yes,94,No,Success,Low,0
TXN004697,CUST0285,Pune,MER066,Travel,2026-01-12 16:14:00,UPI,iPhone,67153.82,INR,115027.88,853,Yes,17,No,Success,Medium,0
TXN004698,CUST1140,Hyderabad,MER216,Travel,2026-01-01 06:24:00,Wallet,Android,40430.16,INR,312697.49,723,No,70,No,Success,High,0
TXN004699,CUST0880,Bengaluru,MER051,Healthcare,2026-03-03 13:13:00,NetBanking,Web,56185.88,INR,380851.61,887,Yes,12,Yes,Success,High,0
TXN004700,CUST0426,Bengaluru,MER098,Shopping,2026-01-06 04:15:00,NetBanking,Android,70189.58,INR,74047.88,753,No,25,Yes,Pending,High,1
TXN004701,CUST1026,Hyderabad,MER098,Entertainment,2026-08-29 10:43:00,Credit Card,Android,29154.34,INR,348710.64,383,Yes,93,Yes,Failed,Medium,0
TXN004702,CUST0486,Bengaluru,MER201,Healthcare,2026-01-26 18:29:00,UPI,Web,58532.82,INR,279486.35,689,No,88,Yes,Success,Medium,1
TXN004703,CUST0601,Delhi,MER212,Shopping,2026-08-09 07:07:00,Credit Card,Android,7003.72,INR,311292.77,683,No,72,Yes,Failed,High,0
TXN004704,CUST0008,Delhi,MER234,Food,2026-03-14 11:50:00,Credit Card,Android,1429.35,INR,208683.64,313,No,85,Yes,Pending,Low,0
TXN004705,CUST0942,Mumbai,MER061,Food,2026-05-13 22:34:00,Credit Card,Web,15106.74,INR,259358.14,526,Yes,98,Yes,Pending,High,0
TXN004706,CUST0558,Mumbai,MER258,Travel,2026-03-28 17:19:00,Wallet,Android,631.42,INR,216249.0,387,Yes,85,No,Success,High,0
TXN004707,CUST0424,Bengaluru,MER088,Food,2026-02-16 00:33:00,UPI,Android,74112.1,INR,49588.07,670,Yes,1,No,Success,High,0
TXN004708,CUST0620,Bengaluru,MER247,Entertainment,2026-01-10 12:25:00,Debit Card,Web,44971.13,INR,320397.67,334,No,87,No,Pending,Medium,0
TXN004709,CUST0211,Pune,MER026,Healthcare,2026-04-23 20:27:00,Debit Card,Android,63292.28,INR,39284.45,585,Yes,18,Yes,Failed,Medium,0
TXN004710,CUST0969,Pune,MER133,Bills,2026-10-10 08:59:00,Credit Card,Web,55768.97,INR,339548.32,313,No,49,Yes,Success,Low,1
TXN004711,CUST0763,Pune,MER298,Entertainment,2026-04-10 11:39:00,Debit Card,iPhone,61463.52,INR,257781.11,385,No,100,No,Pending,High,0
TXN004712,CUST0851,Pune,MER038,Bills,2026-01-30 18:01:00,Wallet,Web,65775.0,INR,256715.88,692,Yes,95,Yes,Failed,Low,1
TXN004713,CUST0648,Hyderabad,MER191,Healthcare,2026-04-06 03:39:00,NetBanking,Android,34896.81,INR,202024.04,421,No,5,Yes,Success,High,0
TXN004714,CUST0013,Mumbai,MER292,Shopping,2026-10-27 21:11:00,Wallet,Web,46103.71,INR,260277.45,477,Yes,30,No,Pending,Medium,0
TXN004715,CUST0291,Mumbai,MER117,Shopping,2026-11-27 19:14:00,Credit Card,Android,10238.32,INR,209476.48,377,Yes,16,No,Pending,Medium,0
TXN004716,CUST0012,Delhi,MER196,Bills,2026-10-13 11:32:00,Debit Card,iPhone,71478.18,INR,226545.15,312,No,14,Yes,Failed,Low,1
TXN004717,CUST0354,Pune,MER015,Healthcare,2026-04-24 07:04:00,Credit Card,Web,36458.01,INR,268731.84,824,Yes,90,Yes,Success,High,0
TXN004718,CUST0536,Hyderabad,MER222,Healthcare,2026-01-04 18:52:00,Credit Card,iPhone,7538.75,INR,332783.48,868,No,38,No,Success,High,0
TXN004719,CUST0869,Hyderabad,MER059,Travel,2026-04-13 01:33:00,Wallet,Web,47000.95,INR,188456.53,864,No,89,No,Failed,Medium,0
TXN004720,CUST0323,Hyderabad,MER189,Healthcare,2026-09-04 16:26:00,UPI,Android,22672.27,INR,275518.61,463,No,59,No,Failed,High,0
TXN004721,CUST1116,Mumbai,MER171,Entertainment,2026-04-16 22:21:00,Debit Card,iPhone,73141.36,INR,190144.13,601,No,58,Yes,Success,Low,1
TXN004722,CUST0792,Bengaluru,MER127,Shopping,2026-12-04 02:04:00,Credit Card,Web,8199.24,INR,370821.74,834,Yes,31,No,Success,High,0
TXN004723,CUST0095,Delhi,MER215,Entertainment,2026-05-14 12:08:00,Credit Card,iPhone,19812.31,INR,80034.69,804,Yes,44,No,Success,Medium,0
TXN004724,CUST0090,Pune,MER075,Entertainment,2026-09-29 21:55:00,UPI,Android,59648.69,INR,20215.3,495,Yes,7,No,Failed,High,0
TXN004725,CUST0267,Pune,MER185,Travel,2026-03-07 17:08:00,Credit Card,Web,63000.22,INR,272092.66,363,No,48,No,Success,Medium,0
TXN004726,CUST0105,Hyderabad,MER103,Food,2026-08-05 22:16:00,NetBanking,iPhone,62535.03,INR,143166.47,856,Yes,56,No,Failed,High,0
TXN004727,CUST0887,Mumbai,MER017,Entertainment,2026-11-13 17:43:00,Wallet,iPhone,28615.96,INR,32339.67,656,Yes,17,No,Failed,Medium,0
TXN004728,CUST0559,Mumbai,MER034,Shopping,2026-02-13 10:31:00,Debit Card,Android,68560.92,INR,118554.55,760,No,97,No,Success,Low,0
TXN004729,CUST0556,Delhi,MER029,Bills,2026-08-20 23:03:00,NetBanking,Android,487.65,INR,403029.49,786,No,31,Yes,Pending,High,0
TXN004730,CUST0664,Delhi,MER100,Entertainment,2026-03-19 23:24:00,Wallet,Android,8803.41,INR,481922.04,458,Yes,27,No,Failed,Low,0
TXN004731,CUST1021,Pune,MER229,Travel,2026-06-21 01:22:00,Credit Card,iPhone,9725.8,INR,210217.25,849,Yes,31,Yes,Failed,High,0
TXN004732,CUST0920,Bengaluru,MER008,Shopping,2026-11-23 09:53:00,Wallet,Web,48211.92,INR,216350.93,345,No,43,Yes,Pending,Low,0
TXN004733,CUST0386,Delhi,MER138,Healthcare,2026-09-16 08:45:00,NetBanking,Android,43802.35,INR,326846.93,698,Yes,47,Yes,Success,High,0
TXN004734,CUST0312,Hyderabad,MER089,Travel,2026-12-10 20:24:00,Debit Card,iPhone,32912.72,INR,459450.92,756,No,100,Yes,Pending,Medium,0
TXN004735,CUST0090,Bengaluru,MER020,Bills,2026-05-20 18:00:00,UPI,Android,53935.93,INR,208376.9,572,Yes,75,Yes,Pending,Medium,0
TXN004736,CUST0853,Bengaluru,MER112,Food,2026-03-31 08:04:00,Credit Card,Android,65789.64,INR,189468.47,598,No,23,Yes,Failed,High,1
TXN004737,CUST0792,Delhi,MER143,Shopping,2026-10-24 13:03:00,Debit Card,Web,16483.32,INR,48566.83,609,No,54,Yes,Failed,Low,0
TXN004738,CUST0233,Delhi,MER056,Shopping,2026-05-31 06:04:00,Wallet,iPhone,47671.05,INR,326128.64,318,No,89,No,Pending,Low,0
TXN004739,CUST0060,Hyderabad,MER009,Entertainment,2026-09-25 03:50:00,NetBanking,Android,32926.48,INR,70446.73,750,Yes,51,Yes,Success,High,0
TXN004740,CUST0303,Delhi,MER282,Healthcare,2026-11-21 20:06:00,Wallet,Android,46258.12,INR,156727.01,352,No,63,No,Pending,Medium,0
TXN004741,CUST0038,Pune,MER094,Food,2026-09-05 08:52:00,NetBanking,Web,61191.19,INR,225961.51,756,No,39,No,Success,High,1
TXN004742,CUST0059,Pune,MER207,Shopping,2026-05-26 00:54:00,UPI,Android,23284.87,INR,155890.8,721,Yes,43,No,Pending,Medium,0
TXN004743,CUST0137,Hyderabad,MER070,Healthcare,2026-09-21 21:56:00,UPI,Android,4837.45,INR,191615.66,411,No,23,Yes,Pending,High,0
TXN004744,CUST0997,Bengaluru,MER177,Food,2026-03-18 15:01:00,Wallet,Web,21944.2,INR,37761.62,580,Yes,83,No,Failed,High,0
TXN004745,CUST1127,Pune,MER022,Entertainment,2026-08-21 05:52:00,Credit Card,iPhone,28224.81,INR,477346.04,440,Yes,58,Yes,Failed,Low,0
TXN004746,CUST0370,Bengaluru,MER021,Shopping,2026-07-10 01:40:00,NetBanking,Web,7938.75,INR,252174.2,369,Yes,51,Yes,Failed,High,0
TXN004747,CUST0454,Delhi,MER300,Shopping,2026-06-04 09:04:00,UPI,iPhone,64128.86,INR,256555.24,823,Yes,80,No,Success,Low,0
TXN004748,CUST0702,Mumbai,MER069,Travel,2026-12-03 11:24:00,NetBanking,Android,71812.57,INR,61692.85,367,No,24,Yes,Success,Low,0
TXN004749,CUST0990,Bengaluru,MER232,Entertainment,2026-09-23 10:34:00,UPI,iPhone,27199.09,INR,435786.46,885,Yes,11,Yes,Success,Medium,0
TXN004750,CUST0472,Bengaluru,MER176,Shopping,2026-03-31 00:26:00,Credit Card,Web,49585.05,INR,139161.2,378,Yes,77,Yes,Pending,Medium,0
TXN004751,CUST0158,Pune,MER225,Shopping,2026-07-28 05:23:00,UPI,iPhone,52223.3,INR,481501.85,840,No,54,No,Success,Medium,0
TXN004752,CUST1198,Mumbai,MER027,Food,2026-07-14 02:45:00,NetBanking,iPhone,16283.06,INR,31355.78,728,Yes,19,Yes,Failed,Low,0
TXN004753,CUST1045,Pune,MER045,Bills,2026-07-16 20:32:00,UPI,iPhone,5990.34,INR,121710.94,475,Yes,74,No,Failed,High,0
TXN004754,CUST0932,Hyderabad,MER077,Food,2026-07-03 08:23:00,NetBanking,Web,48431.46,INR,494016.69,741,No,45,Yes,Pending,Medium,0
TXN004755,CUST0478,Delhi,MER012,Food,2026-10-18 13:25:00,Credit Card,iPhone,31937.86,INR,341691.85,804,Yes,53,Yes,Failed,Low,0
TXN004756,CUST1160,Delhi,MER133,Travel,2026-09-05 06:04:00,UPI,Web,60064.49,INR,314081.04,738,Yes,10,No,Pending,High,0
TXN004757,CUST0353,Pune,MER260,Shopping,2026-07-29 21:50:00,Credit Card,Web,8339.15,INR,464868.76,352,Yes,38,No,Pending,Low,0
TXN004758,CUST0846,Bengaluru,MER240,Bills,2026-08-18 01:51:00,UPI,iPhone,11774.91,INR,411279.35,427,Yes,69,No,Failed,Low,0
TXN004759,CUST0042,Bengaluru,MER081,Food,2026-12-05 18:42:00,Wallet,Android,55961.61,INR,222111.02,747,No,42,No,Pending,Medium,1
TXN004760,CUST0679,Hyderabad,MER085,Healthcare,2026-01-16 14:14:00,Credit Card,iPhone,66848.94,INR,35526.04,535,No,41,Yes,Failed,Medium,0
TXN004761,CUST0472,Hyderabad,MER077,Bills,2026-03-04 00:13:00,Debit Card,Web,73094.26,INR,399466.63,329,No,25,No,Pending,High,0
TXN004762,CUST0241,Delhi,MER039,Entertainment,2026-12-05 08:10:00,UPI,Android,16443.16,INR,303258.72,410,Yes,80,Yes,Pending,Medium,0
TXN004763,CUST0193,Mumbai,MER043,Food,2026-01-01 00:52:00,Credit Card,iPhone,39218.25,INR,454228.89,326,No,60,Yes,Success,High,0
TXN004764,CUST0520,Delhi,MER298,Travel,2026-07-06 04:32:00,Wallet,Web,6935.96,INR,180629.46,685,Yes,67,No,Failed,Low,0
TXN004765,CUST0801,Bengaluru,MER059,Healthcare,2026-06-01 22:49:00,Wallet,Android,24442.97,INR,413745.44,348,Yes,25,No,Success,Medium,0
TXN004766,CUST0705,Hyderabad,MER019,Healthcare,2026-01-26 09:35:00,Debit Card,Android,14764.68,INR,347721.53,312,No,64,Yes,Success,Medium,0
TXN004767,CUST0596,Delhi,MER204,Shopping,2026-11-25 05:47:00,Debit Card,iPhone,39491.86,INR,224661.89,527,Yes,8,Yes,Success,Medium,0
TXN004768,CUST0909,Delhi,MER094,Bills,2026-04-27 04:20:00,Wallet,Android,64964.09,INR,137436.14,364,Yes,48,No,Success,High,0
TXN004769,CUST0416,Bengaluru,MER254,Healthcare,2026-04-02 01:44:00,Debit Card,iPhone,7345.99,INR,126501.13,367,No,71,No,Failed,High,0
TXN004770,CUST1184,Mumbai,MER228,Travel,2026-05-12 07:49:00,Debit Card,iPhone,64644.13,INR,424033.03,473,Yes,93,Yes,Failed,Low,1
TXN004771,CUST0067,Bengaluru,MER299,Entertainment,2026-01-27 13:55:00,Credit Card,Android,60995.33,INR,440738.2,894,No,25,No,Success,High,1
TXN004772,CUST0305,Mumbai,MER293,Shopping,2026-02-12 06:52:00,Debit Card,Web,74485.0,INR,66084.21,357,Yes,73,No,Success,Low,0
TXN004773,CUST0533,Bengaluru,MER050,Healthcare,2026-03-05 16:34:00,NetBanking,Android,33149.41,INR,71103.09,879,No,13,Yes,Success,High,0
TXN004774,CUST0925,Pune,MER091,Shopping,2026-08-15 19:03:00,UPI,Android,53685.72,INR,376624.96,891,Yes,39,No,Pending,High,0
TXN004775,CUST0967,Delhi,MER200,Bills,2026-08-09 22:16:00,Credit Card,Android,57564.35,INR,347755.7,772,Yes,16,No,Pending,Low,0
TXN004776,CUST0280,Hyderabad,MER015,Entertainment,2026-10-20 14:59:00,UPI,iPhone,5515.38,INR,370598.08,559,No,38,Yes,Pending,Medium,0
TXN004777,CUST0906,Hyderabad,MER098,Entertainment,2026-05-13 23:52:00,NetBanking,Web,71220.32,INR,230034.38,399,Yes,11,Yes,Failed,Medium,1
TXN004778,CUST1151,Hyderabad,MER241,Shopping,2026-04-27 09:46:00,Wallet,iPhone,54631.09,INR,156835.22,529,Yes,27,Yes,Pending,Low,1
TXN004779,CUST0416,Hyderabad,MER257,Travel,2026-03-21 20:10:00,Credit Card,Web,65500.88,INR,362708.2,335,No,56,Yes,Pending,Medium,0
TXN004780,CUST0906,Delhi,MER018,Bills,2026-02-18 12:42:00,Debit Card,Web,28975.09,INR,464939.42,346,Yes,66,No,Pending,High,0
TXN004781,CUST1000,Bengaluru,MER012,Healthcare,2026-10-18 18:39:00,Debit Card,Web,45376.89,INR,41571.99,463,No,58,Yes,Success,Medium,0
TXN004782,CUST0659,Pune,MER239,Entertainment,2026-09-24 20:05:00,Credit Card,iPhone,55120.1,INR,42326.78,544,Yes,5,No,Success,Medium,1
TXN004783,CUST0398,Hyderabad,MER089,Entertainment,2026-07-04 09:00:00,UPI,Web,63095.87,INR,421229.34,895,No,73,Yes,Success,Low,0
TXN004784,CUST0862,Hyderabad,MER047,Healthcare,2026-09-14 08:42:00,Wallet,iPhone,15925.67,INR,449000.62,892,No,76,No,Pending,Medium,0
TXN004785,CUST0822,Hyderabad,MER251,Food,2026-10-03 20:49:00,Debit Card,Android,39330.19,INR,217346.93,858,Yes,53,No,Pending,Medium,0
TXN004786,CUST0331,Pune,MER071,Bills,2026-01-27 15:32:00,Credit Card,Android,3097.61,INR,405982.85,426,No,84,Yes,Pending,Medium,0
TXN004787,CUST0879,Hyderabad,MER105,Shopping,2026-07-26 14:28:00,NetBanking,Android,56599.54,INR,277521.3,565,Yes,56,No,Pending,Medium,0
TXN004788,CUST0573,Pune,MER166,Shopping,2026-07-17 07:05:00,Debit Card,Web,55126.31,INR,57356.1,317,No,14,Yes,Pending,Medium,0
TXN004789,CUST0510,Hyderabad,MER007,Food,2026-04-09 11:42:00,Debit Card,Web,38437.94,INR,338937.6,814,No,62,Yes,Pending,High,0
TXN004790,CUST0258,Hyderabad,MER285,Food,2026-09-23 12:16:00,Credit Card,Web,27538.48,INR,179364.25,818,Yes,28,Yes,Pending,Medium,0
TXN004791,CUST1028,Hyderabad,MER137,Travel,2026-02-12 19:27:00,Debit Card,Android,66560.8,INR,41263.47,436,No,9,Yes,Pending,High,0
TXN004792,CUST0310,Hyderabad,MER250,Shopping,2026-05-18 11:06:00,Debit Card,Android,4985.42,INR,303844.02,873,Yes,63,No,Pending,High,0
TXN004793,CUST0322,Hyderabad,MER158,Travel,2026-06-08 14:51:00,Wallet,iPhone,47110.49,INR,221870.43,328,Yes,34,Yes,Success,Medium,0
TXN004794,CUST0549,Mumbai,MER145,Food,2026-12-04 00:19:00,Wallet,Android,49400.66,INR,350316.97,715,Yes,99,No,Failed,Medium,0
TXN004795,CUST0630,Bengaluru,MER223,Food,2026-08-22 07:39:00,Debit Card,iPhone,19470.7,INR,126218.9,420,Yes,11,Yes,Failed,Medium,0
TXN004796,CUST0315,Bengaluru,MER254,Travel,2026-08-13 00:53:00,Debit Card,iPhone,29513.98,INR,59713.54,663,No,1,Yes,Success,High,0
TXN004797,CUST0824,Bengaluru,MER037,Food,2026-11-18 20:50:00,Wallet,Web,19551.78,INR,170021.85,673,Yes,27,No,Success,High,0
TXN004798,CUST0973,Delhi,MER012,Shopping,2026-09-26 18:30:00,Debit Card,Android,58626.35,INR,77861.18,489,No,2,Yes,Failed,High,0
TXN004799,CUST0374,Delhi,MER029,Bills,2026-11-25 00:46:00,NetBanking,Android,20571.94,INR,475787.5,643,No,92,No,Pending,Medium,0
TXN004800,CUST0296,Mumbai,MER010,Bills,2026-08-21 09:26:00,UPI,Android,63585.43,INR,375092.77,685,No,6,Yes,Failed,Medium,1
TXN004801,CUST1075,Hyderabad,MER254,Healthcare,2026-04-26 20:35:00,Credit Card,iPhone,70634.59,INR,362999.39,849,No,90,No,Success,Medium,1
TXN004802,CUST0758,Pune,MER233,Shopping,2026-06-29 02:02:00,Wallet,iPhone,56692.09,INR,153780.54,685,Yes,100,Yes,Success,Medium,0
TXN004803,CUST0808,Delhi,MER086,Shopping,2026-09-18 15:15:00,UPI,iPhone,41628.67,INR,383410.21,710,No,38,No,Success,High,0
TXN004804,CUST0104,Pune,MER091,Entertainment,2026-02-20 05:49:00,Credit Card,iPhone,74933.57,INR,340951.76,638,No,64,Yes,Failed,Medium,0
TXN004805,CUST0570,Pune,MER238,Healthcare,2026-08-28 07:21:00,UPI,iPhone,10098.56,INR,261920.31,343,No,47,No,Success,Medium,0
TXN004806,CUST0239,Pune,MER299,Travel,2026-10-25 21:35:00,Wallet,Web,30564.49,INR,232700.75,671,No,36,Yes,Success,Low,0
TXN004807,CUST0514,Delhi,MER158,Bills,2026-10-20 08:42:00,UPI,Web,53564.77,INR,194135.21,603,Yes,30,Yes,Failed,Low,0
TXN004808,CUST0836,Mumbai,MER267,Entertainment,2026-03-26 06:52:00,Debit Card,Web,40497.54,INR,350567.41,793,Yes,37,Yes,Failed,Low,0
TXN004809,CUST0171,Mumbai,MER033,Travel,2026-05-03 03:19:00,NetBanking,iPhone,44009.74,INR,115354.25,643,Yes,81,Yes,Pending,Medium,0
TXN004810,CUST0849,Hyderabad,MER092,Entertainment,2026-01-17 11:49:00,Wallet,Web,8963.62,INR,446660.25,701,No,98,Yes,Pending,Low,0
TXN004811,CUST0623,Pune,MER036,Food,2026-09-18 08:56:00,UPI,Web,53108.49,INR,66679.96,392,No,5,Yes,Failed,Low,0
TXN004812,CUST0521,Mumbai,MER238,Entertainment,2026-06-12 09:28:00,UPI,Web,64611.47,INR,137207.59,353,No,46,Yes,Pending,High,1
TXN004813,CUST0885,Bengaluru,MER262,Food,2026-10-21 12:41:00,NetBanking,Android,35389.49,INR,354209.87,558,No,20,No,Success,Medium,0
TXN004814,CUST1028,Delhi,MER151,Entertainment,2026-09-27 05:31:00,Wallet,iPhone,52774.61,INR,496539.23,506,No,19,Yes,Success,Low,1
TXN004815,CUST0537,Bengaluru,MER274,Bills,2026-12-11 07:19:00,Credit Card,iPhone,12577.42,INR,212202.89,333,Yes,78,No,Failed,Medium,0
TXN004816,CUST1155,Bengaluru,MER229,Shopping,2026-10-27 04:26:00,Credit Card,iPhone,69066.81,INR,173990.6,800,Yes,8,No,Failed,Low,1
TXN004817,CUST0395,Mumbai,MER017,Entertainment,2026-12-06 04:38:00,NetBanking,Android,39293.48,INR,353386.05,736,Yes,92,No,Success,High,0
TXN004818,CUST0889,Pune,MER100,Bills,2026-02-03 21:10:00,Debit Card,Android,51425.2,INR,5209.49,307,Yes,64,No,Pending,High,0
TXN004819,CUST0308,Pune,MER215,Healthcare,2026-12-03 21:13:00,NetBanking,iPhone,63809.23,INR,19157.06,808,No,88,No,Failed,Low,0
TXN004820,CUST0677,Hyderabad,MER071,Entertainment,2026-03-10 14:24:00,NetBanking,Web,27149.03,INR,142696.41,726,No,53,Yes,Pending,Medium,0
TXN004821,CUST0015,Bengaluru,MER173,Food,2026-08-08 07:17:00,NetBanking,Android,62609.06,INR,293631.42,362,No,49,Yes,Success,Low,0
TXN004822,CUST0832,Mumbai,MER175,Entertainment,2026-02-05 09:14:00,UPI,Android,29243.54,INR,49403.1,554,Yes,66,No,Success,Low,0
TXN004823,CUST0333,Delhi,MER211,Bills,2026-12-03 17:07:00,Wallet,iPhone,17033.33,INR,332593.84,730,No,94,Yes,Failed,Medium,0
TXN004824,CUST0136,Pune,MER241,Entertainment,2026-02-26 19:41:00,NetBanking,Web,6751.06,INR,367129.85,807,Yes,23,No,Pending,Medium,0
TXN004825,CUST0918,Pune,MER104,Shopping,2026-03-15 21:56:00,Debit Card,Web,26358.97,INR,47290.37,378,Yes,7,Yes,Pending,High,0
TXN004826,CUST0084,Delhi,MER274,Travel,2026-08-26 13:31:00,Credit Card,Web,71305.8,INR,398038.55,587,Yes,81,No,Failed,Medium,0
TXN004827,CUST0824,Bengaluru,MER173,Travel,2026-07-25 07:03:00,NetBanking,Web,28128.2,INR,469675.98,819,No,93,Yes,Failed,High,0
TXN004828,CUST0477,Delhi,MER041,Food,2026-10-21 23:20:00,Debit Card,Android,48926.05,INR,178675.07,575,Yes,84,No,Failed,Low,0
TXN004829,CUST0434,Mumbai,MER014,Shopping,2026-04-18 09:21:00,UPI,Web,32372.3,INR,202623.92,735,No,13,No,Pending,Low,0
TXN004830,CUST0362,Hyderabad,MER073,Shopping,2026-05-28 23:04:00,Credit Card,Web,28901.08,INR,124610.3,363,Yes,88,Yes,Failed,Low,0
TXN004831,CUST0753,Delhi,MER099,Bills,2026-12-09 00:19:00,Wallet,Android,6869.79,INR,57211.23,795,No,21,Yes,Success,Medium,0
TXN004832,CUST1189,Mumbai,MER222,Entertainment,2026-08-08 00:22:00,Credit Card,iPhone,9932.53,INR,4567.5,807,Yes,61,Yes,Pending,High,0
TXN004833,CUST0192,Pune,MER124,Entertainment,2026-11-06 05:47:00,NetBanking,Web,27827.27,INR,214770.29,854,No,25,No,Pending,Medium,0
TXN004834,CUST0968,Delhi,MER194,Bills,2026-04-20 20:28:00,Debit Card,Android,7548.67,INR,233285.36,801,Yes,78,No,Failed,Low,0
TXN004835,CUST1041,Delhi,MER035,Bills,2026-01-11 09:28:00,Credit Card,Android,10269.85,INR,78026.24,383,No,34,Yes,Pending,Low,0
TXN004836,CUST0679,Delhi,MER030,Travel,2026-02-20 05:55:00,Wallet,Web,40589.87,INR,136643.13,650,No,56,No,Success,Low,0
TXN004837,CUST0280,Hyderabad,MER038,Healthcare,2026-03-08 17:31:00,UPI,iPhone,27309.67,INR,152014.74,380,Yes,38,No,Success,High,0
TXN004838,CUST0388,Mumbai,MER259,Shopping,2026-04-28 15:34:00,Credit Card,Web,61856.96,INR,58592.58,469,Yes,81,No,Failed,Low,0
TXN004839,CUST0057,Bengaluru,MER286,Healthcare,2026-11-27 16:15:00,Credit Card,Web,64358.08,INR,212055.89,759,Yes,9,No,Success,Low,0
TXN004840,CUST0542,Hyderabad,MER145,Shopping,2026-10-17 14:43:00,UPI,Android,71316.59,INR,31149.95,559,Yes,83,Yes,Pending,Low,0
TXN004841,CUST0855,Delhi,MER299,Travel,2026-03-22 16:50:00,Credit Card,iPhone,9545.83,INR,83461.89,615,No,5,Yes,Pending,High,0
TXN004842,CUST0870,Delhi,MER300,Shopping,2026-03-08 17:42:00,Credit Card,Android,67357.86,INR,424390.89,504,No,61,No,Success,Low,1
TXN004843,CUST0130,Hyderabad,MER148,Healthcare,2026-04-04 00:49:00,Credit Card,iPhone,48045.36,INR,61792.66,667,No,93,No,Success,Medium,0
TXN004844,CUST1031,Delhi,MER182,Shopping,2026-07-17 03:19:00,NetBanking,iPhone,3016.64,INR,492493.24,400,Yes,29,No,Failed,Medium,0
TXN004845,CUST1183,Delhi,MER285,Shopping,2026-03-19 00:47:00,NetBanking,Android,51310.03,INR,62713.26,371,Yes,7,Yes,Success,High,1
TXN004846,CUST0382,Pune,MER219,Food,2026-11-22 01:11:00,Wallet,iPhone,62709.37,INR,70556.87,393,No,27,Yes,Pending,Low,1
TXN004847,CUST1060,Mumbai,MER112,Food,2026-02-22 05:45:00,Wallet,iPhone,11117.37,INR,466071.85,444,Yes,1,Yes,Failed,Medium,0
TXN004848,CUST1124,Bengaluru,MER246,Food,2026-11-24 13:47:00,UPI,iPhone,60123.81,INR,128627.9,598,Yes,36,Yes,Pending,Low,0
TXN004849,CUST0838,Hyderabad,MER170,Healthcare,2026-08-27 17:26:00,UPI,iPhone,4313.35,INR,424307.15,554,No,20,Yes,Success,Low,0
TXN004850,CUST0880,Bengaluru,MER179,Shopping,2026-07-26 13:55:00,Debit Card,iPhone,70159.95,INR,463440.56,876,Yes,2,No,Failed,High,0
TXN004851,CUST0958,Mumbai,MER077,Shopping,2026-06-18 16:08:00,NetBanking,Android,41823.82,INR,204964.34,358,No,62,Yes,Failed,High,0
TXN004852,CUST0265,Pune,MER208,Bills,2026-02-23 06:54:00,Wallet,Android,9665.04,INR,170686.01,334,No,2,Yes,Success,Low,0
TXN004853,CUST0094,Hyderabad,MER188,Healthcare,2026-07-06 08:03:00,Credit Card,Android,957.33,INR,73722.53,430,No,66,No,Pending,High,0
TXN004854,CUST1053,Delhi,MER259,Bills,2026-07-03 21:46:00,Wallet,Android,16802.85,INR,137282.47,659,Yes,70,No,Failed,High,0
TXN004855,CUST0025,Mumbai,MER247,Entertainment,2026-10-25 19:26:00,Credit Card,iPhone,30331.66,INR,283265.8,714,No,19,Yes,Success,Medium,0
TXN004856,CUST1178,Bengaluru,MER296,Shopping,2026-09-07 03:52:00,Wallet,Web,33262.93,INR,185222.0,333,Yes,24,Yes,Failed,Medium,0
TXN004857,CUST0404,Bengaluru,MER140,Healthcare,2026-09-27 06:21:00,Wallet,Android,39481.35,INR,462434.28,525,No,7,No,Success,Medium,0
TXN004858,CUST0475,Hyderabad,MER160,Shopping,2026-01-27 15:59:00,Debit Card,Web,10574.97,INR,427125.77,801,No,82,No,Failed,High,0
TXN004859,CUST1027,Bengaluru,MER117,Bills,2026-07-07 15:36:00,UPI,Web,54933.9,INR,290477.62,838,Yes,76,Yes,Success,Low,1
TXN004860,CUST0599,Bengaluru,MER034,Bills,2026-10-30 17:06:00,Debit Card,iPhone,32925.24,INR,480353.83,643,Yes,77,Yes,Pending,Low,0
TXN004861,CUST0658,Pune,MER015,Travel,2026-01-19 11:46:00,NetBanking,Web,57311.27,INR,344776.46,777,Yes,94,No,Failed,Low,0
TXN004862,CUST1062,Hyderabad,MER029,Travel,2026-11-11 13:07:00,Credit Card,Android,49667.5,INR,441793.36,416,No,65,Yes,Pending,Medium,0
TXN004863,CUST0258,Bengaluru,MER177,Healthcare,2026-09-25 11:27:00,Wallet,iPhone,15632.37,INR,488928.17,529,No,3,No,Pending,High,0
TXN004864,CUST0495,Hyderabad,MER071,Entertainment,2026-07-19 17:24:00,UPI,iPhone,46459.83,INR,366413.99,624,Yes,56,Yes,Pending,High,0
TXN004865,CUST0134,Bengaluru,MER262,Healthcare,2026-01-05 15:16:00,Wallet,Web,22029.23,INR,312814.26,653,Yes,30,Yes,Pending,Low,0
TXN004866,CUST1157,Hyderabad,MER230,Travel,2026-10-11 11:45:00,UPI,iPhone,66441.49,INR,127192.96,861,No,95,Yes,Pending,Medium,1
TXN004867,CUST0125,Hyderabad,MER281,Entertainment,2026-10-03 18:44:00,UPI,Android,22250.54,INR,226283.62,563,Yes,61,No,Failed,Medium,0
TXN004868,CUST0268,Mumbai,MER034,Bills,2026-09-19 04:54:00,Credit Card,iPhone,71599.44,INR,18155.18,403,No,83,Yes,Pending,Medium,0
TXN004869,CUST0486,Mumbai,MER273,Entertainment,2026-03-28 03:51:00,UPI,iPhone,31222.79,INR,249882.83,894,Yes,5,Yes,Failed,Low,0
TXN004870,CUST0121,Bengaluru,MER131,Food,2026-09-22 03:07:00,NetBanking,iPhone,69072.69,INR,486781.82,500,Yes,63,No,Failed,Medium,0
TXN004871,CUST0017,Mumbai,MER180,Healthcare,2026-11-13 00:27:00,Credit Card,Web,11053.72,INR,11053.09,675,No,83,Yes,Pending,Low,0
TXN004872,CUST0318,Hyderabad,MER124,Entertainment,2026-01-01 19:04:00,Credit Card,Android,43615.23,INR,248844.94,539,No,9,No,Failed,Low,0
TXN004873,CUST0825,Pune,MER076,Entertainment,2026-11-29 19:32:00,Debit Card,Web,54559.68,INR,402939.66,848,Yes,89,Yes,Success,Low,1
TXN004874,CUST0864,Pune,MER102,Food,2026-07-16 08:54:00,NetBanking,Web,58634.29,INR,93310.32,680,No,31,Yes,Success,Medium,1
TXN004875,CUST0717,Mumbai,MER026,Healthcare,2026-10-21 11:45:00,UPI,iPhone,67882.53,INR,28598.64,770,No,10,No,Failed,High,0
TXN004876,CUST1051,Bengaluru,MER128,Travel,2026-02-18 02:04:00,Credit Card,iPhone,70708.28,INR,468752.79,562,Yes,85,Yes,Pending,Low,1
TXN004877,CUST0978,Hyderabad,MER265,Food,2026-12-04 01:27:00,Wallet,Android,50204.89,INR,399944.15,580,Yes,61,No,Failed,High,1
TXN004878,CUST0045,Hyderabad,MER218,Travel,2026-01-25 14:20:00,Debit Card,Android,32395.64,INR,204921.68,620,Yes,87,Yes,Success,Medium,0
TXN004879,CUST0773,Pune,MER063,Shopping,2026-11-15 18:58:00,UPI,Android,14060.53,INR,374052.05,699,No,42,No,Pending,Low,0
TXN004880,CUST0522,Pune,MER066,Shopping,2026-04-03 07:35:00,Debit Card,Android,510.13,INR,188286.31,614,No,43,Yes,Failed,Low,0
TXN004881,CUST1048,Hyderabad,MER266,Travel,2026-10-20 17:03:00,Credit Card,Web,46853.32,INR,112285.51,549,No,57,No,Success,High,0
TXN004882,CUST0418,Delhi,MER076,Shopping,2026-09-10 09:34:00,UPI,iPhone,41353.52,INR,30944.52,496,No,65,Yes,Pending,Low,0
TXN004883,CUST0718,Mumbai,MER136,Healthcare,2026-07-29 19:07:00,NetBanking,Android,9074.11,INR,430645.82,817,No,16,Yes,Success,Low,0
TXN004884,CUST1071,Pune,MER159,Food,2026-02-07 17:13:00,Credit Card,Android,30330.64,INR,330628.81,694,Yes,7,Yes,Failed,High,0
TXN004885,CUST0281,Bengaluru,MER200,Bills,2026-04-08 09:12:00,Wallet,Web,8896.61,INR,297500.05,749,Yes,25,No,Pending,Low,0
TXN004886,CUST0441,Delhi,MER279,Travel,2026-05-14 09:58:00,Debit Card,iPhone,7876.77,INR,156685.54,330,No,57,No,Failed,Low,0
TXN004887,CUST0685,Hyderabad,MER150,Healthcare,2026-07-29 10:37:00,Wallet,iPhone,36837.79,INR,118607.73,454,No,100,No,Pending,Medium,0
TXN004888,CUST0207,Delhi,MER273,Healthcare,2026-08-12 04:17:00,Wallet,Android,17469.18,INR,293630.21,501,Yes,50,Yes,Failed,Low,0
TXN004889,CUST0323,Pune,MER145,Healthcare,2026-02-19 03:45:00,Debit Card,Android,3920.84,INR,56602.11,655,Yes,9,No,Success,High,0
TXN004890,CUST1069,Bengaluru,MER228,Travel,2026-09-28 03:01:00,Credit Card,Web,8291.07,INR,313024.94,591,No,13,No,Pending,Low,0
TXN004891,CUST1199,Bengaluru,MER205,Bills,2026-11-17 06:54:00,Credit Card,Web,25633.62,INR,31135.52,405,No,73,No,Success,High,0
TXN004892,CUST1045,Delhi,MER274,Shopping,2026-01-14 13:30:00,Wallet,Android,7683.62,INR,396674.51,596,Yes,11,Yes,Pending,High,0
TXN004893,CUST0435,Delhi,MER202,Healthcare,2026-10-03 14:50:00,NetBanking,Web,26610.12,INR,218242.74,772,No,88,No,Success,Low,0
TXN004894,CUST0312,Mumbai,MER253,Food,2026-08-14 21:24:00,Debit Card,iPhone,73797.09,INR,238334.71,460,Yes,7,No,Pending,Low,0
TXN004895,CUST1075,Bengaluru,MER027,Healthcare,2026-07-29 19:24:00,Wallet,iPhone,31137.68,INR,111127.39,551,Yes,5,Yes,Pending,Medium,0
TXN004896,CUST0163,Mumbai,MER293,Shopping,2026-12-03 10:31:00,Debit Card,Web,36690.29,INR,39442.97,371,No,29,Yes,Pending,Low,0
TXN004897,CUST0116,Hyderabad,MER100,Bills,2026-05-26 16:18:00,Credit Card,Android,11245.7,INR,486325.5,719,Yes,64,Yes,Failed,Medium,0
TXN004898,CUST1161,Bengaluru,MER220,Bills,2026-04-05 15:40:00,Debit Card,Android,34079.61,INR,227301.04,742,Yes,30,Yes,Failed,Low,1
TXN004899,CUST0747,Delhi,MER228,Shopping,2026-12-06 11:14:00,Wallet,iPhone,32636.33,INR,445279.44,826,Yes,15,Yes,Success,Low,0
TXN004900,CUST0649,Delhi,MER125,Food,2026-09-30 22:11:00,Debit Card,Android,65262.41,INR,241603.7,584,Yes,81,Yes,Pending,Medium,0
TXN004901,CUST0020,Hyderabad,MER186,Healthcare,2026-09-19 07:29:00,Credit Card,Android,11856.94,INR,176641.07,480,No,22,Yes,Pending,Medium,0
TXN004902,CUST0266,Mumbai,MER078,Healthcare,2026-08-03 16:52:00,UPI,Android,18813.09,INR,372204.27,364,Yes,51,Yes,Failed,High,0
TXN004903,CUST1118,Hyderabad,MER268,Healthcare,2026-10-22 19:22:00,Credit Card,Web,70521.6,INR,106264.38,651,No,25,No,Pending,Medium,0
TXN004904,CUST0274,Bengaluru,MER146,Food,2026-10-22 12:57:00,Credit Card,Web,70597.54,INR,132169.73,363,No,71,No,Success,Medium,0
TXN004905,CUST1163,Mumbai,MER059,Healthcare,2026-08-26 07:59:00,Wallet,Android,65157.28,INR,65783.72,496,No,14,No,Success,High,0
TXN004906,CUST0505,Delhi,MER140,Food,2026-09-03 18:41:00,Debit Card,Web,31084.16,INR,364385.68,550,Yes,32,Yes,Success,Medium,0
TXN004907,CUST0471,Delhi,MER269,Food,2026-04-29 19:14:00,NetBanking,Android,50970.88,INR,306653.4,899,No,73,Yes,Failed,High,0
TXN004908,CUST0685,Pune,MER180,Shopping,2026-05-30 11:18:00,Wallet,iPhone,40228.2,INR,202280.54,436,Yes,60,Yes,Success,Low,0
TXN004909,CUST0949,Pune,MER143,Healthcare,2026-06-24 08:21:00,UPI,iPhone,31142.56,INR,417519.99,843,Yes,35,Yes,Pending,Low,0
TXN004910,CUST0554,Hyderabad,MER217,Travel,2026-03-13 05:14:00,Wallet,iPhone,46547.68,INR,386276.35,886,Yes,66,Yes,Failed,Medium,0
TXN004911,CUST0019,Mumbai,MER233,Bills,2026-11-10 11:06:00,UPI,iPhone,58828.98,INR,296468.98,900,Yes,95,No,Pending,High,1
TXN004912,CUST0933,Bengaluru,MER230,Travel,2026-02-06 07:08:00,UPI,Web,35106.43,INR,27047.37,477,No,96,Yes,Success,Medium,0
TXN004913,CUST0651,Delhi,MER249,Healthcare,2026-04-13 18:50:00,UPI,Web,12476.44,INR,5618.1,452,Yes,18,Yes,Success,Low,0
TXN004914,CUST0140,Bengaluru,MER208,Bills,2026-11-12 00:01:00,UPI,iPhone,61854.82,INR,8235.38,615,Yes,89,No,Failed,Low,0
TXN004915,CUST0842,Bengaluru,MER175,Entertainment,2026-07-04 19:27:00,Debit Card,iPhone,57634.59,INR,349180.86,513,No,73,Yes,Pending,Low,1
TXN004916,CUST0634,Pune,MER187,Travel,2026-04-18 00:09:00,Wallet,iPhone,72882.35,INR,285459.59,517,Yes,88,Yes,Success,Medium,1
TXN004917,CUST0476,Delhi,MER182,Bills,2026-05-11 05:18:00,UPI,Android,54392.3,INR,295292.25,327,No,86,Yes,Failed,Medium,0
TXN004918,CUST0511,Mumbai,MER193,Travel,2026-04-26 09:29:00,NetBanking,Web,62269.02,INR,282956.0,751,Yes,84,Yes,Failed,Low,0
TXN004919,CUST0927,Mumbai,MER247,Entertainment,2026-02-28 17:29:00,Credit Card,iPhone,23813.72,INR,100592.59,840,No,15,No,Success,Medium,0
TXN004920,CUST1124,Mumbai,MER174,Healthcare,2026-02-07 18:17:00,Wallet,Web,42163.38,INR,48275.55,667,Yes,39,No,Success,Low,0
TXN004921,CUST1097,Mumbai,MER188,Shopping,2026-03-06 18:53:00,UPI,Android,23566.1,INR,467557.94,504,No,61,No,Success,Medium,0
TXN004922,CUST0124,Delhi,MER235,Healthcare,2026-07-27 03:56:00,Wallet,Web,72136.11,INR,274759.6,525,Yes,44,Yes,Success,Medium,1
TXN004923,CUST0955,Delhi,MER223,Shopping,2026-05-05 03:37:00,UPI,iPhone,53319.7,INR,185374.88,542,Yes,23,Yes,Success,Medium,0
TXN004924,CUST0711,Mumbai,MER097,Travel,2026-01-19 08:50:00,Debit Card,Android,40309.21,INR,416916.95,595,Yes,19,No,Failed,Low,0
TXN004925,CUST0607,Bengaluru,MER162,Food,2026-01-28 10:07:00,Credit Card,iPhone,19635.48,INR,241801.73,602,No,3,Yes,Success,High,0
TXN004926,CUST0650,Bengaluru,MER227,Shopping,2026-02-22 17:30:00,UPI,Web,4025.09,INR,113868.0,692,No,36,No,Failed,Low,0
TXN004927,CUST0238,Mumbai,MER014,Healthcare,2026-06-28 04:13:00,Wallet,Web,7444.48,INR,171429.77,832,Yes,81,No,Failed,Low,0
TXN004928,CUST0963,Bengaluru,MER217,Travel,2026-01-05 16:20:00,NetBanking,Web,48301.68,INR,297772.26,768,No,79,Yes,Failed,High,0
TXN004929,CUST1065,Pune,MER253,Shopping,2026-02-21 05:03:00,Wallet,Web,15996.28,INR,312675.73,422,No,46,Yes,Success,Medium,0
TXN004930,CUST0713,Pune,MER113,Entertainment,2026-01-28 17:32:00,Wallet,Web,35848.47,INR,402737.29,827,Yes,46,No,Success,Medium,0
TXN004931,CUST0855,Bengaluru,MER004,Food,2026-03-05 22:20:00,UPI,Android,32141.4,INR,105939.65,321,Yes,90,No,Pending,Low,0
TXN004932,CUST0681,Delhi,MER148,Food,2026-07-23 09:29:00,NetBanking,Web,50331.46,INR,250825.68,311,Yes,63,Yes,Success,High,0
TXN004933,CUST0189,Bengaluru,MER009,Healthcare,2026-08-26 20:15:00,Debit Card,Web,15387.95,INR,67128.19,717,Yes,92,No,Failed,Low,0
TXN004934,CUST1023,Mumbai,MER282,Shopping,2026-03-22 07:12:00,Credit Card,Android,4199.62,INR,50756.57,700,Yes,38,Yes,Pending,High,0
TXN004935,CUST0293,Delhi,MER066,Travel,2026-07-04 14:18:00,UPI,iPhone,36474.41,INR,383503.84,784,No,27,Yes,Pending,High,0
TXN004936,CUST0917,Delhi,MER161,Travel,2026-10-15 06:42:00,NetBanking,Android,44964.38,INR,181802.29,746,No,89,No,Success,Low,0
TXN004937,CUST0966,Delhi,MER129,Travel,2026-02-16 10:09:00,NetBanking,iPhone,59432.46,INR,284774.31,302,Yes,97,Yes,Success,Low,0
TXN004938,CUST0928,Pune,MER118,Travel,2026-08-20 01:44:00,Credit Card,Web,57930.3,INR,251261.67,846,No,8,Yes,Pending,High,1
TXN004939,CUST0722,Mumbai,MER032,Bills,2026-11-05 05:45:00,UPI,Android,32548.36,INR,377620.11,836,No,14,Yes,Failed,High,0
TXN004940,CUST0947,Delhi,MER097,Travel,2026-03-30 04:36:00,NetBanking,iPhone,68236.93,INR,96655.16,795,No,27,No,Pending,Medium,0
TXN004941,CUST0686,Hyderabad,MER083,Travel,2026-07-07 10:31:00,UPI,Web,10921.35,INR,134188.67,528,No,78,Yes,Failed,High,0
TXN004942,CUST0435,Bengaluru,MER028,Entertainment,2026-07-14 20:33:00,Wallet,Web,22120.65,INR,441572.02,895,Yes,67,Yes,Pending,High,0
TXN004943,CUST0654,Delhi,MER068,Entertainment,2026-06-13 15:29:00,Debit Card,Web,7814.99,INR,100268.4,309,Yes,33,Yes,Success,Low,0
TXN004944,CUST0792,Mumbai,MER288,Bills,2026-04-15 06:44:00,UPI,Android,55118.41,INR,196663.58,428,No,61,Yes,Success,High,1
TXN004945,CUST0146,Mumbai,MER219,Entertainment,2026-04-04 23:57:00,NetBanking,Android,44602.59,INR,402857.48,742,No,58,Yes,Failed,High,0
TXN004946,CUST0454,Pune,MER016,Food,2026-01-15 04:43:00,UPI,Web,38962.17,INR,174984.4,661,No,2,No,Failed,Medium,0
TXN004947,CUST0047,Mumbai,MER285,Food,2026-09-11 03:17:00,Wallet,Android,21499.83,INR,242347.81,574,No,38,Yes,Failed,High,0
TXN004948,CUST0758,Mumbai,MER121,Bills,2026-04-01 10:53:00,Wallet,Android,13709.92,INR,100200.24,638,No,52,Yes,Pending,Low,0
TXN004949,CUST0833,Bengaluru,MER125,Food,2026-11-17 13:58:00,NetBanking,Web,52730.84,INR,183383.87,812,No,23,Yes,Pending,Medium,0
TXN004950,CUST0734,Hyderabad,MER110,Healthcare,2026-04-07 01:33:00,NetBanking,iPhone,10669.02,INR,141693.93,436,No,27,No,Pending,Low,0
TXN004951,CUST0412,Delhi,MER073,Bills,2026-10-02 20:45:00,NetBanking,Android,44262.85,INR,205218.16,614,No,39,Yes,Success,Medium,0
TXN004952,CUST0759,Delhi,MER173,Entertainment,2026-11-12 06:15:00,NetBanking,Web,8380.31,INR,195539.98,371,Yes,82,No,Failed,Low,1
TXN004953,CUST0650,Hyderabad,MER207,Entertainment,2026-07-15 15:05:00,UPI,iPhone,41353.35,INR,98130.32,646,No,16,Yes,Failed,Low,0
TXN004954,CUST0721,Delhi,MER020,Travel,2026-06-05 14:41:00,Debit Card,iPhone,34362.24,INR,67948.8,506,Yes,34,No,Pending,Medium,0
TXN004955,CUST0027,Hyderabad,MER203,Shopping,2026-06-27 10:54:00,NetBanking,iPhone,59255.02,INR,478833.25,766,No,67,Yes,Pending,Low,1
TXN004956,CUST0556,Hyderabad,MER227,Entertainment,2026-05-19 09:49:00,Credit Card,Android,22471.32,INR,198970.62,882,No,53,Yes,Failed,High,0
TXN004957,CUST0011,Delhi,MER181,Healthcare,2026-06-29 17:13:00,Wallet,iPhone,67606.5,INR,241479.31,558,Yes,33,No,Success,Medium,0
TXN004958,CUST0715,Pune,MER064,Food,2026-05-07 07:36:00,Debit Card,iPhone,59133.0,INR,172343.58,481,Yes,59,Yes,Pending,Low,0
TXN004959,CUST1125,Pune,MER137,Bills,2026-06-25 05:52:00,Wallet,Web,30406.48,INR,110163.87,503,Yes,75,No,Pending,Low,0
TXN004960,CUST1148,Hyderabad,MER081,Entertainment,2026-11-26 21:01:00,Wallet,Android,11339.47,INR,423191.84,410,No,12,Yes,Failed,High,0
TXN004961,CUST0924,Bengaluru,MER161,Food,2026-04-20 03:25:00,UPI,Android,72666.63,INR,8886.04,368,Yes,99,Yes,Failed,Medium,1
TXN004962,CUST0856,Bengaluru,MER164,Travel,2026-09-04 09:33:00,Credit Card,iPhone,71185.06,INR,466067.13,617,No,54,Yes,Success,Medium,1
TXN004963,CUST1197,Hyderabad,MER098,Healthcare,2026-11-15 04:25:00,Debit Card,Android,25682.89,INR,2601.29,413,Yes,8,No,Success,Low,0
TXN004964,CUST0981,Hyderabad,MER212,Bills,2026-07-10 08:42:00,Wallet,Web,12612.67,INR,394118.79,844,No,98,No,Failed,Medium,0
TXN004965,CUST0934,Mumbai,MER105,Food,2026-01-17 15:22:00,Wallet,Web,15137.98,INR,413747.15,748,No,4,Yes,Success,Low,0
TXN004966,CUST0753,Mumbai,MER121,Healthcare,2026-05-30 01:51:00,Debit Card,Android,35234.54,INR,135775.44,616,Yes,22,No,Failed,Medium,0
TXN004967,CUST0360,Hyderabad,MER072,Food,2026-08-12 15:22:00,NetBanking,Web,61224.75,INR,99431.32,467,No,10,Yes,Success,High,0
TXN004968,CUST0734,Delhi,MER160,Entertainment,2026-05-26 17:05:00,Wallet,Web,39797.65,INR,29096.54,593,No,46,No,Success,Low,0
TXN004969,CUST1151,Hyderabad,MER017,Travel,2026-04-10 20:38:00,UPI,Android,74563.27,INR,196551.8,851,No,10,Yes,Success,Low,0
TXN004970,CUST0761,Mumbai,MER176,Entertainment,2026-08-20 02:15:00,Credit Card,iPhone,39751.68,INR,487369.99,322,Yes,94,No,Failed,Low,0
TXN004971,CUST1143,Delhi,MER044,Healthcare,2026-05-21 00:31:00,Credit Card,Web,38170.48,INR,156594.32,408,No,34,No,Failed,Medium,0
TXN004972,CUST1015,Bengaluru,MER086,Travel,2026-03-03 04:06:00,UPI,Web,46537.48,INR,99683.34,630,No,54,No,Success,High,0
TXN004973,CUST0769,Mumbai,MER137,Food,2026-08-10 11:09:00,Debit Card,Android,45463.42,INR,233471.33,868,No,31,Yes,Pending,High,0
TXN004974,CUST1062,Hyderabad,MER287,Entertainment,2026-05-14 05:23:00,Wallet,Web,43690.83,INR,234962.55,882,No,89,No,Pending,Low,0
TXN004975,CUST0743,Hyderabad,MER274,Healthcare,2026-10-22 05:29:00,UPI,Web,34897.47,INR,471481.01,630,No,56,No,Success,Low,0
TXN004976,CUST0623,Bengaluru,MER244,Healthcare,2026-10-25 18:02:00,Wallet,Web,70297.51,INR,135204.57,833,Yes,16,Yes,Failed,Low,0
TXN004977,CUST0285,Hyderabad,MER156,Food,2026-09-27 18:28:00,UPI,Android,48743.93,INR,74063.18,351,No,69,Yes,Failed,High,0
TXN004978,CUST0976,Bengaluru,MER268,Food,2026-09-11 06:48:00,NetBanking,Android,62900.65,INR,173862.19,685,Yes,93,No,Success,High,1
TXN004979,CUST0812,Pune,MER224,Entertainment,2026-09-10 20:28:00,Wallet,Android,68593.31,INR,199576.52,674,Yes,80,Yes,Pending,Medium,1
TXN004980,CUST0202,Pune,MER276,Entertainment,2026-12-11 06:19:00,UPI,Web,54734.43,INR,398339.01,747,Yes,49,Yes,Pending,Low,0
TXN004981,CUST0884,Hyderabad,MER123,Bills,2026-09-11 09:56:00,Debit Card,Web,18396.78,INR,128534.74,348,Yes,97,No,Success,Low,0
TXN004982,CUST0047,Mumbai,MER238,Travel,2026-03-06 18:06:00,UPI,iPhone,5248.41,INR,121794.51,368,No,38,Yes,Pending,High,0
TXN004983,CUST0923,Mumbai,MER115,Shopping,2026-11-27 06:49:00,UPI,Web,63862.77,INR,356230.62,851,No,32,No,Failed,Medium,0
TXN004984,CUST0286,Hyderabad,MER220,Travel,2026-04-04 20:29:00,Credit Card,Web,43917.15,INR,364009.81,734,No,29,Yes,Failed,Medium,0
TXN004985,CUST0418,Mumbai,MER257,Entertainment,2026-08-16 05:43:00,UPI,Android,9887.09,INR,74912.03,327,Yes,24,Yes,Pending,Medium,0
TXN004986,CUST0840,Pune,MER101,Food,2026-04-15 01:32:00,UPI,iPhone,4153.48,INR,334979.53,554,No,15,Yes,Success,High,0
TXN004987,CUST1123,Bengaluru,MER132,Shopping,2026-08-18 23:17:00,Debit Card,Web,16332.74,INR,327212.28,897,No,45,Yes,Pending,High,0
TXN004988,CUST1086,Delhi,MER288,Healthcare,2026-06-09 23:27:00,Credit Card,iPhone,65899.2,INR,11506.62,691,No,92,Yes,Success,Low,1
TXN004989,CUST0451,Hyderabad,MER009,Healthcare,2026-01-06 21:08:00,Credit Card,Android,9991.87,INR,120671.13,700,No,38,Yes,Pending,Low,0
TXN004990,CUST0465,Mumbai,MER296,Shopping,2026-07-24 01:45:00,Credit Card,Android,52693.3,INR,346401.74,733,No,6,Yes,Success,Low,1
TXN004991,CUST0632,Bengaluru,MER114,Entertainment,2026-05-22 01:59:00,Debit Card,iPhone,74973.76,INR,300772.79,363,Yes,87,Yes,Success,Medium,1
TXN004992,CUST1179,Bengaluru,MER035,Entertainment,2026-11-16 07:17:00,Credit Card,iPhone,34941.77,INR,204765.69,340,No,81,Yes,Failed,Medium,0
TXN004993,CUST1010,Delhi,MER242,Travel,2026-05-31 05:22:00,Wallet,Android,29675.75,INR,106691.28,339,No,70,No,Failed,Low,0
TXN004994,CUST0407,Bengaluru,MER214,Bills,2026-07-20 00:38:00,NetBanking,Web,36115.7,INR,243621.51,356,No,27,No,Pending,Low,0
TXN004995,CUST0034,Bengaluru,MER105,Food,2026-05-25 16:35:00,NetBanking,Web,7683.93,INR,68257.66,504,No,74,No,Success,High,0
TXN004996,CUST0060,Delhi,MER211,Bills,2026-07-02 23:08:00,UPI,iPhone,22620.56,INR,112878.75,667,Yes,51,No,Failed,Medium,0
TXN004997,CUST1105,Pune,MER192,Travel,2026-08-25 16:20:00,UPI,Android,26454.08,INR,199232.12,309,Yes,35,No,Pending,Low,0
TXN004998,CUST0005,Pune,MER050,Healthcare,2026-09-19 14:34:00,NetBanking,iPhone,61939.89,INR,2631.57,871,No,22,No,Failed,Medium,1
TXN004999,CUST0934,Delhi,MER067,Food,2026-05-12 12:51:00,NetBanking,Android,10770.89,INR,461237.58,641,No,11,No,Failed,High,0
TXN005000,CUST0533,Mumbai,MER129,Bills,2026-04-14 01:34:00,Credit Card,Web,11829.11,INR,163346.39,398,No,79,No,Failed,Medium,0
